FULL_ADDR,COUNTY,TOWN,VILLAGE,NEIGHBORHOOD,ROAD,SECTION,LANE,ALLEY,SUB_ALLEY,TONG,NUMBER,X,Y
金門縣金沙鎮汶沙里21鄰東蕭2號,09020,0902002,0902002-001,21鄰,東蕭,,,,,,2號,118.4237471152,24.488616752782
金門縣金沙鎮汶沙里21鄰東蕭5號,09020,0902002,0902002-001,21鄰,東蕭,,,,,,5號,118.42352172349,24.488509637791
金門縣金沙鎮汶沙里21鄰東蕭6號,09020,0902002,0902002-001,21鄰,東蕭,,,,,,6號,118.42349258021,24.488595625473
金門縣金沙鎮汶沙里21鄰東蕭9號,09020,0902002,0902002-001,21鄰,東蕭,,,,,,9號,118.42301610999,24.488376218854
金門縣金沙鎮汶沙里21鄰東蕭13號,09020,0902002,0902002-001,21鄰,東蕭,,,,,,13號,118.42330807295,24.488296703062
金門縣金沙鎮汶沙里21鄰東蕭17號,09020,0902002,0902002-001,21鄰,東蕭,,,,,,17號,118.42287550991,24.488528029862
金門縣金沙鎮汶沙里21鄰東蕭19號,09020,0902002,0902002-001,21鄰,東蕭,,,,,,19號,118.4230436196,24.488147414963
金門縣金沙鎮汶沙里21鄰東蕭58號,09020,0902002,0902002-001,21鄰,東蕭,,,,,,58號,118.42426188561,24.489002021394
