FULL_ADDR,COUNTY,TOWN,VILLAGE,NEIGHBORHOOD,ROAD,SECTION,LANE,ALLEY,SUB_ALLEY,TONG,NUMBER,X,Y
金門縣金湖鎮溪湖里8鄰北椗1號,09020,0902003,0902003-007,8鄰,北椗,,,,,,1號,118.50525692698,24.429442657778
金門縣金湖鎮溪湖里8鄰北椗2號,09020,0902003,0902003-007,8鄰,北椗,,,,,,2號,118.50633288733,24.42952977658
