FULL_ADDR,COUNTY,TOWN,VILLAGE,NEIGHBORHOOD,ROAD,SECTION,LANE,ALLEY,SUB_ALLEY,TONG,NUMBER,X,Y
金門縣金湖鎮正義里19鄰尚義機場1號,09020,0902003,0902003-003,19鄰,尚義機場,,,,,,1號,118.36744683927,24.435265405647
金門縣金湖鎮正義里19鄰尚義機場2號,09020,0902003,0902003-003,19鄰,尚義機場,,,,,,2號,118.36835150817,24.435551378656
金門縣金湖鎮正義里19鄰尚義機場3號,09020,0902003,0902003-003,19鄰,尚義機場,,,,,,3號,118.36872050711,24.437059982325
金門縣金湖鎮正義里19鄰尚義機場3之1號,09020,0902003,0902003-003,19鄰,尚義機場,,,,,,3之1號,118.36859962117,24.437454238812
金門縣金湖鎮正義里19鄰尚義機場5號,09020,0902003,0902003-003,19鄰,尚義機場,,,,,,5號,118.36662300981,24.434424980139
金門縣金湖鎮正義里19鄰尚義機場6號,09020,0902003,0902003-003,19鄰,尚義機場,,,,,,6號,118.36703403484,24.434631343197
