FULL_ADDR,COUNTY,TOWN,VILLAGE,NEIGHBORHOOD,ROAD,SECTION,LANE,ALLEY,SUB_ALLEY,TONG,NUMBER,X,Y
金門縣金湖鎮瓊林里11鄰瓊安路1號,09020,0902003,0902003-005,11鄰,瓊安路,,,,,,1號,118.36750060471,24.457591736359
金門縣金湖鎮瓊林里11鄰瓊安路51號,09020,0902003,0902003-005,11鄰,瓊安路,,,,,,51號,118.3687136876,24.457174174527
金門縣金寧鄉安美村15鄰瓊安路830巷5號,09020,0902004,0902004-002,15鄰,瓊安路,,830巷,,,,5號,118.34633410777,24.461193872199
金門縣金寧鄉安美村15鄰瓊安路631巷6之1號,09020,0902004,0902004-002,15鄰,瓊安路,,631巷,,,,6之1號,118.34353565407,24.459595629726
金門縣金寧鄉安美村15鄰瓊安路1000巷8號,09020,0902004,0902004-002,15鄰,瓊安路,,1000巷,,,,8號,118.33470952204,24.462575168348
金門縣金寧鄉安美村15鄰瓊安路1000巷8之1號,09020,0902004,0902004-002,15鄰,瓊安路,,1000巷,,,,8之1號,118.3342973622,24.462598788622
金門縣金寧鄉安美村15鄰瓊安路830巷10號,09020,0902004,0902004-002,15鄰,瓊安路,,830巷,,,,10號,118.34726191612,24.464234120334
金門縣金寧鄉安美村15鄰瓊安路1000巷81之1號,09020,0902004,0902004-002,15鄰,瓊安路,,1000巷,,,,81之1號,118.33853114702,24.467717511787
