FULL_ADDR,COUNTY,TOWN,VILLAGE,NEIGHBORHOOD,ROAD,SECTION,LANE,ALLEY,SUB_ALLEY,TONG,NUMBER,X,Y
金門縣金湖鎮蓮庵里13鄰後峯1號,09020,0902003,0902003-008,13鄰,後峯,,,,,,1號,118.45985333248,24.430857494653
金門縣金湖鎮蓮庵里13鄰後峯2號,09020,0902003,0902003-008,13鄰,後峯,,,,,,2號,118.45977342733,24.430933056971
金門縣金湖鎮蓮庵里13鄰後峯5號,09020,0902003,0902003-008,13鄰,後峯,,,,,,5號,118.45986317368,24.431000821929
金門縣金湖鎮蓮庵里13鄰後峯6號,09020,0902003,0902003-008,13鄰,後峯,,,,,,6號,118.45988589409,24.431177688206
金門縣金湖鎮蓮庵里13鄰後峯10號,09020,0902003,0902003-008,13鄰,後峯,,,,,,10號,118.46127703183,24.43107149624
