FULL_ADDR,COUNTY,TOWN,VILLAGE,NEIGHBORHOOD,ROAD,SECTION,LANE,ALLEY,SUB_ALLEY,TONG,NUMBER,X,Y
金門縣金沙鎮光前里13鄰建東農場1號,09020,0902002,0902002-004,13鄰,建東農場,,,,,,1號,118.41555112599,24.477592446707
金門縣金沙鎮光前里13鄰建東農場2號,09020,0902002,0902002-004,13鄰,建東農場,,,,,,2號,118.41589698193,24.477625525225
金門縣金沙鎮光前里13鄰建東農場2之1號,09020,0902002,0902002-004,13鄰,建東農場,,,,,,2之1號,118.4160040488,24.477641027317
金門縣金沙鎮光前里13鄰建東農場2之3號,09020,0902002,0902002-004,13鄰,建東農場,,,,,,2之3號,118.41605843632,24.477641236236
金門縣金沙鎮光前里13鄰建東農場3號,09020,0902002,0902002-004,13鄰,建東農場,,,,,,3號,118.41587828739,24.47774914441
