FULL_ADDR,COUNTY,TOWN,VILLAGE,NEIGHBORHOOD,ROAD,SECTION,LANE,ALLEY,SUB_ALLEY,TONG,NUMBER,X,Y
金門縣金城鎮賢庵里14鄰東社1號,09020,0902001,0902001-008,14鄰,東社,,,,,,1號,118.31738570748,24.409661479402
金門縣金城鎮賢庵里14鄰東社2號,09020,0902001,0902001-008,14鄰,東社,,,,,,2號,118.31730359402,24.409779247182
金門縣金城鎮賢庵里14鄰東社2之1號,09020,0902001,0902001-008,14鄰,東社,,,,,,2之1號,118.31707466846,24.409838318447
金門縣金城鎮賢庵里14鄰東社3號,09020,0902001,0902001-008,14鄰,東社,,,,,,3號,118.31746335414,24.409819252743
金門縣金城鎮賢庵里14鄰東社5號,09020,0902001,0902001-008,14鄰,東社,,,,,,5號,118.31734501642,24.410023878786
金門縣金城鎮賢庵里14鄰東社6號,09020,0902001,0902001-008,14鄰,東社,,,,,,6號,118.31727228966,24.410036023768
金門縣金城鎮賢庵里14鄰東社7號,09020,0902001,0902001-008,14鄰,東社,,,,,,7號,118.31741439507,24.410213400209
金門縣金城鎮賢庵里14鄰東社8號,09020,0902001,0902001-008,14鄰,東社,,,,,,8號,118.31745862001,24.410011917197
