FULL_ADDR,COUNTY,TOWN,VILLAGE,NEIGHBORHOOD,ROAD,SECTION,LANE,ALLEY,SUB_ALLEY,TONG,NUMBER,X,Y
苗栗縣竹南鎮頂埔里10鄰科北五路2號,10005,1000504,1000504-020,10鄰,科北五路,,,,,,2號,120.91635967026,24.712146079611
苗栗縣竹南鎮頂埔里10鄰科北五路8號,10005,1000504,1000504-020,10鄰,科北五路,,,,,,8號,120.91310801742,24.711898650364
