FULL_ADDR,COUNTY,TOWN,VILLAGE,NEIGHBORHOOD,ROAD,SECTION,LANE,ALLEY,SUB_ALLEY,TONG,NUMBER,X,Y
新竹縣湖口鄉鳳山村12鄰工業四路6號,10004,1000405,1000405-015,12鄰,工業四路,,,,,,6號,121.01744605522,24.861477658138
新竹縣湖口鄉勝利村26鄰工業四路1號,10004,1000405,1000405-020,26鄰,工業四路,,,,,,1號,121.01465744552,24.863490069282
新竹縣湖口鄉勝利村26鄰工業四路3號,10004,1000405,1000405-020,26鄰,工業四路,,,,,,3號,121.01541936662,24.863415940419
新竹縣湖口鄉勝利村26鄰工業四路5號,10004,1000405,1000405-020,26鄰,工業四路,,,,,,5號,121.01583037743,24.862885587585
新竹縣湖口鄉勝利村26鄰工業四路9號,10004,1000405,1000405-020,26鄰,工業四路,,,,,,9號,121.01737243747,24.862236516324
