FULL_ADDR,COUNTY,TOWN,VILLAGE,NEIGHBORHOOD,ROAD,SECTION,LANE,ALLEY,SUB_ALLEY,TONG,NUMBER,X,Y
苗栗縣竹南鎮新南里12鄰光華40號,10005,1000504,1000504-004,12鄰,光華,,,,,,40號,120.88151156986,24.690746724228
苗栗縣竹南鎮新南里12鄰光華50號,10005,1000504,1000504-004,12鄰,光華,,,,,,50號,120.88120803234,24.690802643141
