FULL_ADDR,COUNTY,TOWN,VILLAGE,NEIGHBORHOOD,ROAD,SECTION,LANE,ALLEY,SUB_ALLEY,TONG,NUMBER,X,Y
苗栗縣後龍鎮校椅里12鄰校椅二路22號,10005,1000506,1000506-007,12鄰,校椅二路,,,,,,22號,120.82981973791,24.608669121436
苗栗縣後龍鎮校椅里12鄰校椅二路26號,10005,1000506,1000506-007,12鄰,校椅二路,,,,,,26號,120.8297797179,24.608686140663
苗栗縣後龍鎮校椅里12鄰校椅二路168號,10005,1000506,1000506-007,12鄰,校椅二路,,,,,,168號,120.82660814171,24.610594193494
苗栗縣後龍鎮校椅里9鄰校椅二路177號,10005,1000506,1000506-007,9鄰,校椅二路,,,,,,177號,120.82639084874,24.609966259014
苗栗縣後龍鎮校椅里11鄰校椅二路193號,10005,1000506,1000506-007,11鄰,校椅二路,,,,,,193號,120.82528298422,24.610383011517
苗栗縣後龍鎮校椅里11鄰校椅二路510號,10005,1000506,1000506-007,11鄰,校椅二路,,,,,,510號,120.821841369,24.61202285434
