FULL_ADDR,COUNTY,TOWN,VILLAGE,NEIGHBORHOOD,ROAD,SECTION,LANE,ALLEY,SUB_ALLEY,TONG,NUMBER,X,Y
南投縣埔里鎮清新里21鄰育德一街1號,10008,1000802,1000802-007,21鄰,育德一街,,,,,,1號,120.96177267379,23.961023707891
南投縣埔里鎮清新里21鄰育德一街2號,10008,1000802,1000802-007,21鄰,育德一街,,,,,,2號,120.96182467846,23.961269597456
南投縣埔里鎮清新里21鄰育德一街3號,10008,1000802,1000802-007,21鄰,育德一街,,,,,,3號,120.96181315586,23.961025343298
南投縣埔里鎮清新里21鄰育德一街5號,10008,1000802,1000802-007,21鄰,育德一街,,,,,,5號,120.96185344141,23.961026978645
南投縣埔里鎮清新里21鄰育德一街7號,10008,1000802,1000802-007,21鄰,育德一街,,,,,,7號,120.96189382526,23.96102852371
南投縣埔里鎮清新里21鄰育德一街9號,10008,1000802,1000802-007,21鄰,育德一街,,,,,,9號,120.96193420907,23.961030159061
