FULL_ADDR,COUNTY,TOWN,VILLAGE,NEIGHBORHOOD,ROAD,SECTION,LANE,ALLEY,SUB_ALLEY,TONG,NUMBER,X,Y
宜蘭縣五結鄉孝威村12鄰孝錦路37號,10002,1000209,1000209-011,12鄰,孝錦路,,,,,,37號,121.81382844383,24.697240245677
宜蘭縣五結鄉孝威村12鄰孝錦路39號,10002,1000209,1000209-011,12鄰,孝錦路,,,,,,39號,121.81383787584,24.697292648094
宜蘭縣五結鄉孝威村12鄰孝錦路53號,10002,1000209,1000209-011,12鄰,孝錦路,,,,,,53號,121.81386048682,24.697806859259
宜蘭縣五結鄉孝威村12鄰孝錦路99號,10002,1000209,1000209-011,12鄰,孝錦路,,,,,,99號,121.81444553222,24.699892167324
宜蘭縣五結鄉孝威村12鄰孝錦路237號,10002,1000209,1000209-011,12鄰,孝錦路,,,,,,237號,121.81444772192,24.701991831423
宜蘭縣五結鄉孝威村12鄰孝錦路239號,10002,1000209,1000209-011,12鄰,孝錦路,,,,,,239號,121.81445923555,24.702060292557
宜蘭縣五結鄉孝威村12鄰孝錦路241號,10002,1000209,1000209-011,12鄰,孝錦路,,,,,,241號,121.81445407922,24.70210320423
宜蘭縣五結鄉孝威村12鄰孝錦路243號,10002,1000209,1000209-011,12鄰,孝錦路,,,,,,243號,121.81444456847,24.702175571287
