FULL_ADDR,COUNTY,TOWN,VILLAGE,NEIGHBORHOOD,ROAD,SECTION,LANE,ALLEY,SUB_ALLEY,TONG,NUMBER,X,Y
彰化縣鹿港鎮東崎里11鄰東崎七巷臨56之3號,10007,1000702,1000702-006,11鄰,東崎七巷臨,,,,,,56之3號,120.47470092589,24.057906032474
彰化縣鹿港鎮東崎里11鄰東崎七巷臨56之5號,10007,1000702,1000702-006,11鄰,東崎七巷臨,,,,,,56之5號,120.47465402338,24.057905871492
彰化縣鹿港鎮東崎里11鄰東崎七巷臨56之6號,10007,1000702,1000702-006,11鄰,東崎七巷臨,,,,,,56之6號,120.47459159496,24.057903219299
彰化縣鹿港鎮東崎里11鄰東崎七巷臨56之7號,10007,1000702,1000702-006,11鄰,東崎七巷臨,,,,,,56之7號,120.47454223425,24.057903049844
彰化縣鹿港鎮東崎里11鄰東崎七巷臨60之5號,10007,1000702,1000702-006,11鄰,東崎七巷臨,,,,,,60之5號,120.4736515973,24.058811492686
