FULL_ADDR,COUNTY,TOWN,VILLAGE,NEIGHBORHOOD,ROAD,SECTION,LANE,ALLEY,SUB_ALLEY,TONG,NUMBER,X,Y
新竹縣寶山鄉新城村1鄰新東路5號,10004,1000410,1000410-004,1鄰,新東路,,,,,,5號,120.98076804782,24.721959830345
新竹縣寶山鄉新城村1鄰新東路71巷12號,10004,1000410,1000410-004,1鄰,新東路,,71巷,,,,12號,120.97887925105,24.717271457942
新竹縣寶山鄉新城村1鄰新東路71巷15號,10004,1000410,1000410-004,1鄰,新東路,,71巷,,,,15號,120.97954600439,24.718101678262
新竹縣寶山鄉新城村1鄰新東路71巷16號,10004,1000410,1000410-004,1鄰,新東路,,71巷,,,,16號,120.97891337588,24.717130614647
