FULL_ADDR,COUNTY,TOWN,VILLAGE,NEIGHBORHOOD,ROAD,SECTION,LANE,ALLEY,SUB_ALLEY,TONG,NUMBER,X,Y
雲林縣斗六市三平里28鄰棒球十街6號,10009,1000901,1000901-008,28鄰,棒球十街,,,,,,6號,120.5350591798,23.719549499271
雲林縣斗六市三平里28鄰棒球十街8號,10009,1000901,1000901-008,28鄰,棒球十街,,,,,,8號,120.53503306858,23.719594813118
雲林縣斗六市三平里28鄰棒球十街10號,10009,1000901,1000901-008,28鄰,棒球十街,,,,,,10號,120.53500959866,23.719628188599
雲林縣斗六市三平里28鄰棒球十街12號,10009,1000901,1000901-008,28鄰,棒球十街,,,,,,12號,120.53498090671,23.719671110837
雲林縣斗六市三平里28鄰棒球十街16號,10009,1000901,1000901-008,28鄰,棒球十街,,,,,,16號,120.5349522304,23.719706854501
雲林縣斗六市三平里28鄰棒球十街18號,10009,1000901,1000901-008,28鄰,棒球十街,,,,,,18號,120.53492093101,23.71975215273
雲林縣斗六市三平里28鄰棒球十街26號,10009,1000901,1000901-008,28鄰,棒球十街,,,,,,26號,120.53483213528,23.719892821373
雲林縣斗六市三平里28鄰棒球十街28號,10009,1000901,1000901-008,28鄰,棒球十街,,,,,,28號,120.53481375805,23.71993096176
雲林縣斗六市三平里28鄰棒球十街30號,10009,1000901,1000901-008,28鄰,棒球十街,,,,,,30號,120.53478760767,23.719976212235
