FULL_ADDR,COUNTY,TOWN,VILLAGE,NEIGHBORHOOD,ROAD,SECTION,LANE,ALLEY,SUB_ALLEY,TONG,NUMBER,X,Y
南投縣南投市平山里33鄰工業南七路6號,10008,1000801,1000801-023,33鄰,工業南七路,,,,,,6號,120.654138973,23.915304182923
南投縣南投市平山里33鄰工業南七路8號,10008,1000801,1000801-023,33鄰,工業南七路,,,,,,8號,120.65424345747,23.915128883158
南投縣南投市平山里33鄰工業南七路8之1號,10008,1000801,1000801-023,33鄰,工業南七路,,,,,,8之1號,120.65462705173,23.914931094872
南投縣南投市平山里33鄰工業南七路10號,10008,1000801,1000801-023,33鄰,工業南七路,,,,,,10號,120.65563463877,23.914330541036
