FULL_ADDR,COUNTY,TOWN,VILLAGE,NEIGHBORHOOD,ROAD,SECTION,LANE,ALLEY,SUB_ALLEY,TONG,NUMBER,X,Y
彰化縣和美鎮和北里2鄰義和街4號,10007,1000703,1000703-004,2鄰,義和街,,,,,,4號,120.49668383929,24.114835506463
彰化縣和美鎮和北里2鄰義和街5號,10007,1000703,1000703-004,2鄰,義和街,,,,,,5號,120.49661375407,24.114896945062
彰化縣和美鎮和北里2鄰義和街6號,10007,1000703,1000703-004,2鄰,義和街,,,,,,6號,120.49672830962,24.114859219192
彰化縣和美鎮和北里2鄰義和街7號,10007,1000703,1000703-004,2鄰,義和街,,,,,,7號,120.49665254707,24.11491341574
彰化縣和美鎮和北里2鄰義和街8號,10007,1000703,1000703-004,2鄰,義和街,,,,,,8號,120.49676058219,24.11488280144
彰化縣和美鎮和北里2鄰義和街9號,10007,1000703,1000703-004,2鄰,義和街,,,,,,9號,120.49671436641,24.114953257621
彰化縣和美鎮和北里2鄰義和街10號,10007,1000703,1000703-004,2鄰,義和街,,,,,,10號,120.49679423163,24.114906478507
彰化縣和美鎮和北里2鄰義和街12號,10007,1000703,1000703-004,2鄰,義和街,,,,,,12號,120.49682777812,24.114931329025
彰化縣和美鎮和北里2鄰義和街16號,10007,1000703,1000703-004,2鄰,義和街,,,,,,16號,120.49689247925,24.114963776374
