FULL_ADDR,COUNTY,TOWN,VILLAGE,NEIGHBORHOOD,ROAD,SECTION,LANE,ALLEY,SUB_ALLEY,TONG,NUMBER,X,Y
雲林縣北港鎮華勝里9鄰新興巿場丁棟2號,10009,1000906,1000906-014,9鄰,新興巿場丁棟,,,,,,2號,120.30063928491,23.573617384304
雲林縣北港鎮華勝里9鄰新興巿場丁棟6號,10009,1000906,1000906-014,9鄰,新興巿場丁棟,,,,,,6號,120.30069231742,23.573638625816
雲林縣北港鎮華勝里9鄰新興巿場丁棟9號,10009,1000906,1000906-014,9鄰,新興巿場丁棟,,,,,,9號,120.30075874119,23.573663629699
雲林縣北港鎮華勝里9鄰新興巿場丁棟10號,10009,1000906,1000906-014,9鄰,新興巿場丁棟,,,,,,10號,120.30083965014,23.573687461659
雲林縣北港鎮華勝里9鄰新興巿場丁棟15號,10009,1000906,1000906-014,9鄰,新興巿場丁棟,,,,,,15號,120.30090074815,23.573706274297
雲林縣北港鎮華勝里9鄰新興巿場丁棟17號,10009,1000906,1000906-014,9鄰,新興巿場丁棟,,,,,,17號,120.30095630164,23.573725052944
雲林縣北港鎮華勝里9鄰新興巿場丁棟28號,10009,1000906,1000906-014,9鄰,新興巿場丁棟,,,,,,28號,120.30101244946,23.573742597187
雲林縣北港鎮華勝里9鄰新興巿場丁棟31號,10009,1000906,1000906-014,9鄰,新興巿場丁棟,,,,,,31號,120.30107766842,23.573763893374
