FULL_ADDR,COUNTY,TOWN,VILLAGE,NEIGHBORHOOD,ROAD,SECTION,LANE,ALLEY,SUB_ALLEY,TONG,NUMBER,X,Y
新竹縣關西鎮東山里12鄰七寮4號,10004,1000404,1000404-019,12鄰,七寮,,,,,,4號,121.21588759359,24.790677336599
新竹縣關西鎮東山里12鄰七寮6號,10004,1000404,1000404-019,12鄰,七寮,,,,,,6號,121.21921313666,24.791804923439
新竹縣關西鎮東山里12鄰七寮6之1號,10004,1000404,1000404-019,12鄰,七寮,,,,,,6之1號,121.21809696512,24.789672384153
新竹縣關西鎮東山里12鄰七寮8號,10004,1000404,1000404-019,12鄰,七寮,,,,,,8號,121.21909573422,24.791514663599
新竹縣關西鎮東山里12鄰七寮9號,10004,1000404,1000404-019,12鄰,七寮,,,,,,9號,121.21886321298,24.79113556816
新竹縣關西鎮東山里12鄰七寮10號,10004,1000404,1000404-019,12鄰,七寮,,,,,,10號,121.21918639287,24.79159632991
