FULL_ADDR,COUNTY,TOWN,VILLAGE,NEIGHBORHOOD,ROAD,SECTION,LANE,ALLEY,SUB_ALLEY,TONG,NUMBER,X,Y
彰化縣芬園鄉芬園村1鄰縣芬路56號,10007,1000709,1000709-007,1鄰,縣芬路,,,,,,56號,120.63260535266,24.011462881768
彰化縣芬園鄉芬園村1鄰縣芬路140號,10007,1000709,1000709-007,1鄰,縣芬路,,,,,,140號,120.63280226568,24.010068395329
彰化縣芬園鄉縣庄村1鄰縣芬路435號,10007,1000709,1000709-008,1鄰,縣芬路,,,,,,435號,120.63470265386,24.003885688381
彰化縣芬園鄉縣庄村1鄰縣芬路581號,10007,1000709,1000709-008,1鄰,縣芬路,,,,,,581號,120.63558009297,24.007303346053
彰化縣芬園鄉縣庄村1鄰縣芬路831號,10007,1000709,1000709-008,1鄰,縣芬路,,,,,,831號,120.63473715358,23.994378837296
