FULL_ADDR,COUNTY,TOWN,VILLAGE,NEIGHBORHOOD,ROAD,SECTION,LANE,ALLEY,SUB_ALLEY,TONG,NUMBER,X,Y
南投縣集集鎮林尾里4鄰湳底巷2號,10008,1000805,1000805-003,4鄰,湳底巷,,,,,,2號,120.77580210825,23.823977858247
南投縣集集鎮林尾里4鄰湳底巷4號,10008,1000805,1000805-003,4鄰,湳底巷,,,,,,4號,120.76727090536,23.826010903496
南投縣集集鎮林尾里4鄰湳底巷5號,10008,1000805,1000805-003,4鄰,湳底巷,,,,,,5號,120.77534253983,23.824153720699
南投縣集集鎮林尾里4鄰湳底巷6號,10008,1000805,1000805-003,4鄰,湳底巷,,,,,,6號,120.77524105443,23.824206848249
南投縣集集鎮林尾里4鄰湳底巷7號,10008,1000805,1000805-003,4鄰,湳底巷,,,,,,7號,120.77507601846,23.82405788781
南投縣集集鎮林尾里4鄰湳底巷7之2號,10008,1000805,1000805-003,4鄰,湳底巷,,,,,,7之2號,120.77491701661,23.823995892377
南投縣集集鎮林尾里4鄰湳底巷8號,10008,1000805,1000805-003,4鄰,湳底巷,,,,,,8號,120.77487206814,23.8241628769
