FULL_ADDR,COUNTY,TOWN,VILLAGE,NEIGHBORHOOD,ROAD,SECTION,LANE,ALLEY,SUB_ALLEY,TONG,NUMBER,X,Y
苗栗縣銅鑼鄉九湖村12鄰銅科南路1號,10005,1000510,1000510-005,12鄰,銅科南路,,,,,,1號,120.77484900754,24.462945477543
苗栗縣銅鑼鄉九湖村12鄰銅科南路2號,10005,1000510,1000510-005,12鄰,銅科南路,,,,,,2號,120.77570977536,24.463835479979
苗栗縣銅鑼鄉九湖村12鄰銅科南路3號,10005,1000510,1000510-005,12鄰,銅科南路,,,,,,3號,120.77232558237,24.46383358071
苗栗縣銅鑼鄉九湖村12鄰銅科南路6號,10005,1000510,1000510-005,12鄰,銅科南路,,,,,,6號,120.77085863198,24.462693351275
