FULL_ADDR,COUNTY,TOWN,VILLAGE,NEIGHBORHOOD,ROAD,SECTION,LANE,ALLEY,SUB_ALLEY,TONG,NUMBER,X,Y
宜蘭縣三星鄉萬德村9鄰萬德八路22號,10002,1000210,1000210-012,9鄰,萬德八路,,,,,,22號,121.64870787719,24.67792906128
宜蘭縣三星鄉貴林村7鄰萬德八路202號,10002,1000210,1000210-013,7鄰,萬德八路,,,,,,202號,121.64873149978,24.684384617989
