FULL_ADDR,COUNTY,TOWN,VILLAGE,NEIGHBORHOOD,ROAD,SECTION,LANE,ALLEY,SUB_ALLEY,TONG,NUMBER,X,Y
苗栗縣頭份鎮和平里14鄰和平42之1號,10005,1000505,1000505-012,14鄰,和平,,,,,,42之1號,120.90657058395,24.680616180689
苗栗縣頭份鎮和平里14鄰和平42之4號,10005,1000505,1000505-012,14鄰,和平,,,,,,42之4號,120.90424267395,24.678587667137
