FULL_ADDR,COUNTY,TOWN,VILLAGE,NEIGHBORHOOD,ROAD,SECTION,LANE,ALLEY,SUB_ALLEY,TONG,NUMBER,X,Y
南投縣仁愛鄉大同村12鄰五福巷15號,10008,1000813,1000813-009,12鄰,五福巷,,,,,,15號,121.13432371352,24.024305186944
南投縣仁愛鄉大同村12鄰五福巷16號,10008,1000813,1000813-009,12鄰,五福巷,,,,,,16號,121.13487543829,24.024615318188
