FULL_ADDR,COUNTY,TOWN,VILLAGE,NEIGHBORHOOD,ROAD,SECTION,LANE,ALLEY,SUB_ALLEY,TONG,NUMBER,X,Y
南投縣南投市營北里8鄰學藝二路39巷1號,10008,1000801,1000801-027,8鄰,學藝二路,,39巷,,,,1號,120.68912895844,23.949302821739
南投縣南投市營北里8鄰學藝二路39巷2號,10008,1000801,1000801-027,8鄰,學藝二路,,39巷,,,,2號,120.68914722612,23.949264573431
南投縣南投市營北里8鄰學藝二路39巷3號,10008,1000801,1000801-027,8鄰,學藝二路,,39巷,,,,3號,120.68916262061,23.949318330402
南投縣南投市營北里8鄰學藝二路39巷5號,10008,1000801,1000801-027,8鄰,學藝二路,,39巷,,,,5號,120.6891911795,23.949331481046
南投縣南投市營北里8鄰學藝二路39巷6號,10008,1000801,1000801-027,8鄰,學藝二路,,39巷,,,,6號,120.68918226938,23.949277737202
南投縣南投市營北里8鄰學藝二路39巷8號,10008,1000801,1000801-027,8鄰,學藝二路,,39巷,,,,8號,120.68921081961,23.949294499644
