FULL_ADDR,COUNTY,TOWN,VILLAGE,NEIGHBORHOOD,ROAD,SECTION,LANE,ALLEY,SUB_ALLEY,TONG,NUMBER,X,Y
雲林縣斗南鎮舊社里3鄰長榮76號,10009,1000902,1000902-006,3鄰,長榮,,,,,,76號,120.47967399791,23.669153807326
雲林縣斗南鎮舊社里3鄰長榮78號,10009,1000902,1000902-006,3鄰,長榮,,,,,,78號,120.47973624075,23.669156409202
