FULL_ADDR,COUNTY,TOWN,VILLAGE,NEIGHBORHOOD,ROAD,SECTION,LANE,ALLEY,SUB_ALLEY,TONG,NUMBER,X,Y
苗栗縣卓蘭鎮老庄里17鄰風空2號,10005,1000507,1000507-007,17鄰,風空,,,,,,2號,120.8520844382,24.321109480082
苗栗縣卓蘭鎮老庄里17鄰風空3號,10005,1000507,1000507-007,17鄰,風空,,,,,,3號,120.85158791555,24.322979750704
