FULL_ADDR,COUNTY,TOWN,VILLAGE,NEIGHBORHOOD,ROAD,SECTION,LANE,ALLEY,SUB_ALLEY,TONG,NUMBER,X,Y
宜蘭縣三星鄉萬德村6鄰楓林十路352巷12號,10002,1000210,1000210-012,6鄰,楓林十路,,352巷,,,,12號,121.65598422969,24.67564243496
宜蘭縣三星鄉萬德村6鄰楓林十路352巷26號,10002,1000210,1000210-012,6鄰,楓林十路,,352巷,,,,26號,121.6558535118,24.675888668227
宜蘭縣三星鄉萬德村6鄰楓林十路352巷36號,10002,1000210,1000210-012,6鄰,楓林十路,,352巷,,,,36號,121.65567852938,24.675813954935
宜蘭縣三星鄉萬德村6鄰楓林十路332號,10002,1000210,1000210-012,6鄰,楓林十路,,,,,,332號,121.65639193639,24.675421715318
宜蘭縣三星鄉萬德村6鄰楓林十路336號,10002,1000210,1000210-012,6鄰,楓林十路,,,,,,336號,121.65646490358,24.675412006886
宜蘭縣三星鄉萬德村6鄰楓林十路338號,10002,1000210,1000210-012,6鄰,楓林十路,,,,,,338號,121.65653546823,24.675415219512
