FULL_ADDR,COUNTY,TOWN,VILLAGE,NEIGHBORHOOD,ROAD,SECTION,LANE,ALLEY,SUB_ALLEY,TONG,NUMBER,X,Y
新竹縣竹北市新港里9鄰新港一街91號,10004,1000401,1000401-016,9鄰,新港一街,,,,,,91號,120.94358570795,24.849169930914
新竹縣竹北市新港里9鄰新港一街93號,10004,1000401,1000401-016,9鄰,新港一街,,,,,,93號,120.94366164284,24.849143686446
新竹縣竹北市新港里9鄰新港一街107號,10004,1000401,1000401-016,9鄰,新港一街,,,,,,107號,120.94410682363,24.84889541467
新竹縣竹北市新港里8鄰新港一街151號,10004,1000401,1000401-016,8鄰,新港一街,,,,,,151號,120.94511491341,24.84852075086
