FULL_ADDR,COUNTY,TOWN,VILLAGE,NEIGHBORHOOD,ROAD,SECTION,LANE,ALLEY,SUB_ALLEY,TONG,NUMBER,X,Y
南投縣埔里鎮一新里1鄰中臺路1號,10008,1000802,1000802-022,1鄰,中臺路,,,,,,1號,120.94401158784,24.007978194652
南投縣埔里鎮一新里1鄰中臺路2號,10008,1000802,1000802-022,1鄰,中臺路,,,,,,2號,120.94417614361,24.009318874211
南投縣埔里鎮一新里1鄰中臺路3號,10008,1000802,1000802-022,1鄰,中臺路,,,,,,3號,120.94722011875,24.005061969784
南投縣埔里鎮一新里1鄰中臺路5號,10008,1000802,1000802-022,1鄰,中臺路,,,,,,5號,120.93525210361,23.995392938979
南投縣埔里鎮一新里1鄰中臺路6號,10008,1000802,1000802-022,1鄰,中臺路,,,,,,6號,120.94503791356,24.010901977819
南投縣埔里鎮一新里1鄰中臺路6之1號,10008,1000802,1000802-022,1鄰,中臺路,,,,,,6之1號,120.94522492381,24.010783035123
南投縣埔里鎮廣成里2鄰中臺路7號,10008,1000802,1000802-023,2鄰,中臺路,,,,,,7號,120.948719126,24.013852398579
南投縣埔里鎮廣成里2鄰中臺路8號,10008,1000802,1000802-023,2鄰,中臺路,,,,,,8號,120.94944801869,24.012323665238
