FULL_ADDR,COUNTY,TOWN,VILLAGE,NEIGHBORHOOD,ROAD,SECTION,LANE,ALLEY,SUB_ALLEY,TONG,NUMBER,X,Y
宜蘭縣蘇澳鎮朝陽里13鄰娜娘路260號,10002,1000203,1000203-026,13鄰,娜娘路,,,,,,260號,121.81285164987,24.465005792102
宜蘭縣蘇澳鎮朝陽里13鄰娜娘路262號,10002,1000203,1000203-026,13鄰,娜娘路,,,,,,262號,121.81302670873,24.464740588508
