FULL_ADDR,COUNTY,TOWN,VILLAGE,NEIGHBORHOOD,ROAD,SECTION,LANE,ALLEY,SUB_ALLEY,TONG,NUMBER,X,Y
彰化縣大城鄉臺西村10鄰豐田巷5號,10007,1000724,1000724-011,10鄰,豐田巷,,,,,,5號,120.2802928281,23.838749044072
彰化縣大城鄉臺西村12鄰豐田巷8號,10007,1000724,1000724-011,12鄰,豐田巷,,,,,,8號,120.28049449369,23.838627431258
彰化縣大城鄉臺西村12鄰豐田巷13號,10007,1000724,1000724-011,12鄰,豐田巷,,,,,,13號,120.28144851108,23.840429884
