FULL_ADDR,COUNTY,TOWN,VILLAGE,NEIGHBORHOOD,ROAD,SECTION,LANE,ALLEY,SUB_ALLEY,TONG,NUMBER,X,Y
新竹縣湖口鄉信義村14鄰千湖路190巷1號,10004,1000405,1000405-017,14鄰,千湖路,,190巷,,,,1號,121.0318680145,24.8862724637
新竹縣湖口鄉信義村14鄰千湖路190巷5號,10004,1000405,1000405-017,14鄰,千湖路,,190巷,,,,5號,121.03217869627,24.886235226629
新竹縣湖口鄉信義村15鄰千湖路38巷20號,10004,1000405,1000405-017,15鄰,千湖路,,38巷,,,,20號,121.03619323976,24.883632765941
新竹縣湖口鄉信義村15鄰千湖路76號,10004,1000405,1000405-017,15鄰,千湖路,,,,,,76號,121.03491204383,24.88368681788
新竹縣湖口鄉信義村14鄰千湖路190巷85號,10004,1000405,1000405-017,14鄰,千湖路,,190巷,,,,85號,121.03326732329,24.885532532999
新竹縣湖口鄉信義村15鄰千湖路190巷90號,10004,1000405,1000405-017,15鄰,千湖路,,190巷,,,,90號,121.03292018959,24.885007077827
新竹縣湖口鄉信義村15鄰千湖路108號,10004,1000405,1000405-017,15鄰,千湖路,,,,,,108號,121.03408521653,24.883818392028
