FULL_ADDR,COUNTY,TOWN,VILLAGE,NEIGHBORHOOD,ROAD,SECTION,LANE,ALLEY,SUB_ALLEY,TONG,NUMBER,X,Y
彰化縣二水鄉過圳村11鄰安樂巷2號,10007,1000718,1000718-003,11鄰,安樂巷,,,,,,2號,120.60863443666,23.817433668047
彰化縣二水鄉過圳村11鄰安樂巷4號,10007,1000718,1000718-003,11鄰,安樂巷,,,,,,4號,120.60865807345,23.817462270751
彰化縣二水鄉過圳村11鄰安樂巷6號,10007,1000718,1000718-003,11鄰,安樂巷,,,,,,6號,120.60868169516,23.817495902929
彰化縣二水鄉過圳村11鄰安樂巷8號,10007,1000718,1000718-003,11鄰,安樂巷,,,,,,8號,120.60871081366,23.81752284002
彰化縣二水鄉過圳村11鄰安樂巷10號,10007,1000718,1000718-003,11鄰,安樂巷,,,,,,10號,120.60873443034,23.817558160721
彰化縣二水鄉過圳村11鄰安樂巷12號,10007,1000718,1000718-003,11鄰,安樂巷,,,,,,12號,120.6087580672,23.817586754381
彰化縣二水鄉過圳村11鄰安樂巷14號,10007,1000718,1000718-003,11鄰,安樂巷,,,,,,14號,120.60878350443,23.817623759208
彰化縣二水鄉過圳村11鄰安樂巷16號,10007,1000718,1000718-003,11鄰,安樂巷,,,,,,16號,120.60880896183,23.817654036993
彰化縣二水鄉過圳村11鄰安樂巷18號,10007,1000718,1000718-003,11鄰,安樂巷,,,,,,18號,120.60883989588,23.817684337694
