FULL_ADDR,COUNTY,TOWN,VILLAGE,NEIGHBORHOOD,ROAD,SECTION,LANE,ALLEY,SUB_ALLEY,TONG,NUMBER,X,Y
苗栗縣苗栗市綠苗里4鄰南市場2號,10005,1000501,1000501-008,4鄰,南市場,,,,,,2號,120.81836828162,24.554016791272
苗栗縣苗栗市綠苗里4鄰南市場3號,10005,1000501,1000501-008,4鄰,南市場,,,,,,3號,120.81837643894,24.554041811127
苗栗縣苗栗市綠苗里4鄰南市場4號,10005,1000501,1000501-008,4鄰,南市場,,,,,,4號,120.81838449768,24.554066740573
苗栗縣苗栗市綠苗里4鄰南市場5號,10005,1000501,1000501-008,4鄰,南市場,,,,,,5號,120.81839265513,24.554091670139
苗栗縣苗栗市綠苗里4鄰南市場6號,10005,1000501,1000501-008,4鄰,南市場,,,,,,6號,120.81840081246,24.554116689992
苗栗縣苗栗市綠苗里4鄰南市場7號,10005,1000501,1000501-008,4鄰,南市場,,,,,,7號,120.8184088712,24.554141619438
苗栗縣苗栗市綠苗里4鄰南市場8號,10005,1000501,1000501-008,4鄰,南市場,,,,,,8號,120.81844737831,24.554204506896
苗栗縣苗栗市綠苗里4鄰南市場9號,10005,1000501,1000501-008,4鄰,南市場,,,,,,9號,120.81837298345,24.554247755952
苗栗縣苗栗市綠苗里4鄰南市場12號,10005,1000501,1000501-008,4鄰,南市場,,,,,,12號,120.81829534329,24.554282423613
