FULL_ADDR,COUNTY,TOWN,VILLAGE,NEIGHBORHOOD,ROAD,SECTION,LANE,ALLEY,SUB_ALLEY,TONG,NUMBER,X,Y
南投縣埔里鎮東門里10鄰莊敬路11號,10008,1000802,1000802-001,10鄰,莊敬路,,,,,,11號,120.97186437691,23.96350777093
南投縣埔里鎮東門里10鄰莊敬路12號,10008,1000802,1000802-001,10鄰,莊敬路,,,,,,12號,120.9718269434,23.96349051749
南投縣埔里鎮東門里10鄰莊敬路13號,10008,1000802,1000802-001,10鄰,莊敬路,,,,,,13號,120.97179982999,23.963460714764
南投縣埔里鎮東門里10鄰莊敬路17號,10008,1000802,1000802-001,10鄰,莊敬路,,,,,,17號,120.97172250972,23.963411489108
南投縣埔里鎮東門里10鄰莊敬路18號,10008,1000802,1000802-001,10鄰,莊敬路,,,,,,18號,120.97168606088,23.963385025602
南投縣埔里鎮東門里10鄰莊敬路19號,10008,1000802,1000802-001,10鄰,莊敬路,,,,,,19號,120.97165806096,23.963365335862
南投縣埔里鎮東門里10鄰莊敬路20號,10008,1000802,1000802-001,10鄰,莊敬路,,,,,,20號,120.9716268188,23.963344110482
南投縣埔里鎮東門里10鄰莊敬路21號,10008,1000802,1000802-001,10鄰,莊敬路,,,,,,21號,120.97160049014,23.963320718896
