FULL_ADDR,COUNTY,TOWN,VILLAGE,NEIGHBORHOOD,ROAD,SECTION,LANE,ALLEY,SUB_ALLEY,TONG,NUMBER,X,Y
南投縣竹山鎮大鞍里10鄰五寮巷2之1號,10008,1000804,1000804-019,10鄰,五寮巷,,,,,,2之1號,120.75091838491,23.660574920615
南投縣竹山鎮大鞍里10鄰五寮巷5之1號,10008,1000804,1000804-019,10鄰,五寮巷,,,,,,5之1號,120.75024331547,23.661669343763
南投縣竹山鎮大鞍里10鄰五寮巷6號,10008,1000804,1000804-019,10鄰,五寮巷,,,,,,6號,120.74991969123,23.662657868534
南投縣竹山鎮大鞍里10鄰五寮巷8之1號,10008,1000804,1000804-019,10鄰,五寮巷,,,,,,8之1號,120.74643233692,23.664793465125
南投縣竹山鎮大鞍里10鄰五寮巷11之1號,10008,1000804,1000804-019,10鄰,五寮巷,,,,,,11之1號,120.74470533612,23.663587394227
南投縣竹山鎮大鞍里10鄰五寮巷12之1號,10008,1000804,1000804-019,10鄰,五寮巷,,,,,,12之1號,120.74565637757,23.66388640322
南投縣竹山鎮大鞍里10鄰五寮巷30之1號,10008,1000804,1000804-019,10鄰,五寮巷,,,,,,30之1號,120.74484732987,23.661394352638
