FULL_ADDR,COUNTY,TOWN,VILLAGE,NEIGHBORHOOD,ROAD,SECTION,LANE,ALLEY,SUB_ALLEY,TONG,NUMBER,X,Y
彰化縣社頭鄉龍井村1鄰吉井巷1號,10007,1000717,1000717-018,1鄰,吉井巷,,,,,,1號,120.60889015136,23.92106568649
彰化縣社頭鄉龍井村4鄰吉井巷1之1號,10007,1000717,1000717-018,4鄰,吉井巷,,,,,,1之1號,120.61051686024,23.920792637385
彰化縣社頭鄉龍井村4鄰吉井巷1之2號,10007,1000717,1000717-018,4鄰,吉井巷,,,,,,1之2號,120.60910904362,23.920907829223
彰化縣社頭鄉龍井村4鄰吉井巷1之18號,10007,1000717,1000717-018,4鄰,吉井巷,,,,,,1之18號,120.61895035049,23.924203570332
彰化縣社頭鄉龍井村4鄰吉井巷1之21號,10007,1000717,1000717-018,4鄰,吉井巷,,,,,,1之21號,120.61943899073,23.922906695243
彰化縣社頭鄉龍井村4鄰吉井巷1之23號,10007,1000717,1000717-018,4鄰,吉井巷,,,,,,1之23號,120.61879213281,23.922757730324
彰化縣社頭鄉龍井村4鄰吉井巷3號,10007,1000717,1000717-018,4鄰,吉井巷,,,,,,3號,120.60850687022,23.920765851448
彰化縣社頭鄉龍井村4鄰吉井巷3之1號,10007,1000717,1000717-018,4鄰,吉井巷,,,,,,3之1號,120.60792031291,23.920898309501
