FULL_ADDR,COUNTY,TOWN,VILLAGE,NEIGHBORHOOD,ROAD,SECTION,LANE,ALLEY,SUB_ALLEY,TONG,NUMBER,X,Y
雲林縣斗六市嘉東里10鄰嘉安三街8號,10009,1000901,1000901-019,10鄰,嘉安三街,,,,,,8號,120.55413960276,23.681752255031
雲林縣斗六市嘉東里10鄰嘉安三街10號,10009,1000901,1000901-019,10鄰,嘉安三街,,,,,,10號,120.55412649348,23.681792833175
雲林縣斗六市嘉東里10鄰嘉安三街12號,10009,1000901,1000901-019,10鄰,嘉安三街,,,,,,12號,120.5541133923,23.681831018453
雲林縣斗六市嘉東里10鄰嘉安三街16號,10009,1000901,1000901-019,10鄰,嘉安三街,,,,,,16號,120.55410288122,23.681871604074
雲林縣斗六市嘉東里10鄰嘉安三街20號,10009,1000901,1000901-019,10鄰,嘉安三街,,,,,,20號,120.55386267679,23.682324847637
雲林縣斗六市嘉東里10鄰嘉安三街26號,10009,1000901,1000901-019,10鄰,嘉安三街,,,,,,26號,120.55382222466,23.682396409375
雲林縣斗六市嘉東里10鄰嘉安三街42號,10009,1000901,1000901-019,10鄰,嘉安三街,,,,,,42號,120.55363846257,23.682653905384
雲林縣斗六市嘉東里10鄰嘉安三街66號,10009,1000901,1000901-019,10鄰,嘉安三街,,,,,,66號,120.55341364807,23.682994808097
雲林縣斗六市嘉東里10鄰嘉安三街68號,10009,1000901,1000901-019,10鄰,嘉安三街,,,,,,68號,120.55339537961,23.683032951316
