FULL_ADDR,COUNTY,TOWN,VILLAGE,NEIGHBORHOOD,ROAD,SECTION,LANE,ALLEY,SUB_ALLEY,TONG,NUMBER,X,Y
彰化縣二林鎮趙甲里9鄰豐茂巷2號,10007,1000720,1000720-014,9鄰,豐茂巷,,,,,,2號,120.39814564272,23.920730428066
彰化縣二林鎮趙甲里9鄰豐茂巷3號,10007,1000720,1000720-014,9鄰,豐茂巷,,,,,,3號,120.39826826479,23.920664993993
