FULL_ADDR,COUNTY,TOWN,VILLAGE,NEIGHBORHOOD,ROAD,SECTION,LANE,ALLEY,SUB_ALLEY,TONG,NUMBER,X,Y
彰化縣二林鎮萬興里9鄰農場巷2號,10007,1000720,1000720-016,9鄰,農場巷,,,,,,2號,120.40796252235,23.965914381677
彰化縣二林鎮萬興里9鄰農場巷6號,10007,1000720,1000720-016,9鄰,農場巷,,,,,,6號,120.40830048362,23.969786271134
彰化縣二林鎮萬興里9鄰農場巷28號,10007,1000720,1000720-016,9鄰,農場巷,,,,,,28號,120.40278823329,23.973409499507
彰化縣二林鎮東勢里9鄰農場巷2號,10007,1000720,1000720-021,9鄰,農場巷,,,,,,2號,120.40796252235,23.965914381677
彰化縣二林鎮東勢里9鄰農場巷3號,10007,1000720,1000720-021,9鄰,農場巷,,,,,,3號,120.43291714079,23.926626764935
彰化縣二林鎮東勢里9鄰農場巷6號,10007,1000720,1000720-021,9鄰,農場巷,,,,,,6號,120.40830048362,23.969786271134
彰化縣二林鎮東勢里9鄰農場巷13號,10007,1000720,1000720-021,9鄰,農場巷,,,,,,13號,120.44166337452,23.925499010774
