FULL_ADDR,COUNTY,TOWN,VILLAGE,NEIGHBORHOOD,ROAD,SECTION,LANE,ALLEY,SUB_ALLEY,TONG,NUMBER,X,Y
苗栗縣苗栗市維祥里16鄰維祥1號,10005,1000501,1000501-007,16鄰,維祥,,,,,,1號,120.82922018322,24.554197593967
苗栗縣苗栗市維祥里16鄰維祥2號,10005,1000501,1000501-007,16鄰,維祥,,,,,,2號,120.82935622229,24.55426356866
苗栗縣苗栗市維祥里16鄰維祥3號,10005,1000501,1000501-007,16鄰,維祥,,,,,,3號,120.82938844996,24.554156251591
苗栗縣苗栗市維祥里16鄰維祥4號,10005,1000501,1000501-007,16鄰,維祥,,,,,,4號,120.82947256339,24.554150297407
苗栗縣苗栗市維祥里16鄰維祥5號,10005,1000501,1000501-007,16鄰,維祥,,,,,,5號,120.82957667656,24.554173529116
苗栗縣苗栗市維祥里16鄰維祥5之3號,10005,1000501,1000501-007,16鄰,維祥,,,,,,5之3號,120.83013933331,24.554408373678
