FULL_ADDR,COUNTY,TOWN,VILLAGE,NEIGHBORHOOD,ROAD,SECTION,LANE,ALLEY,SUB_ALLEY,TONG,NUMBER,X,Y
南投縣水里鄉民和村2鄰風埔路10之1號,10008,1000811,1000811-015,2鄰,風埔路,,,,,,10之1號,120.92505166119,23.791507278536
南投縣水里鄉民和村2鄰風埔路12之1號,10008,1000811,1000811-015,2鄰,風埔路,,,,,,12之1號,120.92512428979,23.791657840846
南投縣水里鄉民和村2鄰風埔路15號,10008,1000811,1000811-015,2鄰,風埔路,,,,,,15號,120.92467964598,23.79270210342
南投縣水里鄉民和村2鄰風埔路17號,10008,1000811,1000811-015,2鄰,風埔路,,,,,,17號,120.9247912256,23.792865687802
