FULL_ADDR,COUNTY,TOWN,VILLAGE,NEIGHBORHOOD,ROAD,SECTION,LANE,ALLEY,SUB_ALLEY,TONG,NUMBER,X,Y
雲林縣虎尾鎮新興里25鄰行政路6號,10009,1000903,1000903-002,25鄰,行政路,,,,,,6號,120.44508423623,23.708365512098
雲林縣虎尾鎮新興里25鄰行政路8號,10009,1000903,1000903-002,25鄰,行政路,,,,,,8號,120.44495273286,23.708724284372
雲林縣虎尾鎮新興里25鄰行政路10號,10009,1000903,1000903-002,25鄰,行政路,,,,,,10號,120.44499111882,23.708864968251
