FULL_ADDR,COUNTY,TOWN,VILLAGE,NEIGHBORHOOD,ROAD,SECTION,LANE,ALLEY,SUB_ALLEY,TONG,NUMBER,X,Y
新竹縣竹北市北興里11鄰田厝街17號,10004,1000401,1000401-028,11鄰,田厝街,,,,,,17號,121.02682687611,24.829028365822
新竹縣竹北市北興里11鄰田厝街19號,10004,1000401,1000401-028,11鄰,田厝街,,,,,,19號,121.02673270233,24.829073796493
