FULL_ADDR,COUNTY,TOWN,VILLAGE,NEIGHBORHOOD,ROAD,SECTION,LANE,ALLEY,SUB_ALLEY,TONG,NUMBER,X,Y
雲林縣東勢鄉程海村11鄰程東路1號,10009,1000914,1000914-006,11鄰,程東路,,,,,,1號,120.24403302508,23.673540737197
雲林縣東勢鄉程海村11鄰程東路2號,10009,1000914,1000914-006,11鄰,程東路,,,,,,2號,120.24387400658,23.67359749665
雲林縣東勢鄉程海村11鄰程東路2之15號,10009,1000914,1000914-006,11鄰,程東路,,,,,,2之15號,120.24414470598,23.675690492551
