FULL_ADDR,COUNTY,TOWN,VILLAGE,NEIGHBORHOOD,ROAD,SECTION,LANE,ALLEY,SUB_ALLEY,TONG,NUMBER,X,Y
雲林縣口湖鄉湖東村7鄰永順街12號,10009,1000919,1000919-001,7鄰,永順街,,,,,,12號,120.18666820782,23.583349212395
雲林縣口湖鄉湖東村7鄰永順街14號,10009,1000919,1000919-001,7鄰,永順街,,,,,,14號,120.18662513663,23.58337055826
雲林縣口湖鄉湖東村7鄰永順街20號,10009,1000919,1000919-001,7鄰,永順街,,,,,,20號,120.18644172971,23.583461129462
雲林縣口湖鄉湖東村7鄰永順街22號,10009,1000919,1000919-001,7鄰,永順街,,,,,,22號,120.18639908293,23.583486721322
雲林縣口湖鄉湖東村7鄰永順街28號,10009,1000919,1000919-001,7鄰,永順街,,,,,,28號,120.18622447817,23.583590801249
