FULL_ADDR,COUNTY,TOWN,VILLAGE,NEIGHBORHOOD,ROAD,SECTION,LANE,ALLEY,SUB_ALLEY,TONG,NUMBER,X,Y
苗栗縣銅鑼鄉中平村13鄰瑞興北街1號,10005,1000510,1000510-007,13鄰,瑞興北街,,,,,,1號,120.79823220129,24.496070674936
苗栗縣銅鑼鄉中平村13鄰瑞興北街6號,10005,1000510,1000510-007,13鄰,瑞興北街,,,,,,6號,120.79785230917,24.499597055516
苗栗縣銅鑼鄉中平村13鄰瑞興北街6之1號,10005,1000510,1000510-007,13鄰,瑞興北街,,,,,,6之1號,120.79795647023,24.498508845408
苗栗縣銅鑼鄉中平村13鄰瑞興北街10號,10005,1000510,1000510-007,13鄰,瑞興北街,,,,,,10號,120.79800559915,24.503578755004
