FULL_ADDR,COUNTY,TOWN,VILLAGE,NEIGHBORHOOD,ROAD,SECTION,LANE,ALLEY,SUB_ALLEY,TONG,NUMBER,X,Y
新竹縣竹北市新社里19鄰保泰六路1號,10004,1000401,1000401-011,19鄰,保泰六路,,,,,,1號,120.99743634166,24.847573744355
新竹縣竹北市新社里19鄰保泰六路39號,10004,1000401,1000401-011,19鄰,保泰六路,,,,,,39號,120.99773004516,24.848170257492
新竹縣竹北市新社里19鄰保泰六路45號,10004,1000401,1000401-011,19鄰,保泰六路,,,,,,45號,120.99779030206,24.848290518901
新竹縣竹北市新社里19鄰保泰六路51號,10004,1000401,1000401-011,19鄰,保泰六路,,,,,,51號,120.99780207471,24.848409967007
