FULL_ADDR,COUNTY,TOWN,VILLAGE,NEIGHBORHOOD,ROAD,SECTION,LANE,ALLEY,SUB_ALLEY,TONG,NUMBER,X,Y
雲林縣斗六市鎮北里16鄰育德街12號,10009,1000901,1000901-010,16鄰,育德街,,,,,,12號,120.55038314114,23.715626631018
雲林縣斗六市鎮北里16鄰育德街22號,10009,1000901,1000901-010,16鄰,育德街,,,,,,22號,120.55015098101,23.715605052376
雲林縣斗六市鎮北里16鄰育德街28號,10009,1000901,1000901-010,16鄰,育德街,,,,,,28號,120.54972026243,23.715706991113
雲林縣斗六市鎮北里16鄰育德街56號,10009,1000901,1000901-010,16鄰,育德街,,,,,,56號,120.54956707348,23.714801893488
