FULL_ADDR,COUNTY,TOWN,VILLAGE,NEIGHBORHOOD,ROAD,SECTION,LANE,ALLEY,SUB_ALLEY,TONG,NUMBER,X,Y
宜蘭縣壯圍鄉美福村3鄰新福三路12號,10002,1000206,1000206-002,3鄰,新福三路,,,,,,12號,121.78555825069,24.720995946272
宜蘭縣壯圍鄉美福村3鄰新福三路35號,10002,1000206,1000206-002,3鄰,新福三路,,,,,,35號,121.78542506658,24.722169673093
宜蘭縣壯圍鄉美福村3鄰新福三路37號,10002,1000206,1000206-002,3鄰,新福三路,,,,,,37號,121.78532303526,24.722354381912
宜蘭縣壯圍鄉美福村3鄰新福三路39號,10002,1000206,1000206-002,3鄰,新福三路,,,,,,39號,121.78536255421,24.722461790678
宜蘭縣壯圍鄉美福村3鄰新福三路41號,10002,1000206,1000206-002,3鄰,新福三路,,,,,,41號,121.78499767877,24.722642819667
