FULL_ADDR,COUNTY,TOWN,VILLAGE,NEIGHBORHOOD,ROAD,SECTION,LANE,ALLEY,SUB_ALLEY,TONG,NUMBER,X,Y
彰化縣田尾鄉新厝村5鄰福新路179號,10007,1000721,1000721-018,5鄰,福新路,,,,,,179號,120.50874588352,23.898361864542
彰化縣田尾鄉新厝村5鄰福新路180號,10007,1000721,1000721-018,5鄰,福新路,,,,,,180號,120.50843989219,23.898876822052
彰化縣田尾鄉溪頂村3鄰福新路22號,10007,1000721,1000721-019,3鄰,福新路,,,,,,22號,120.51145170269,23.898343664599
