FULL_ADDR,COUNTY,TOWN,VILLAGE,NEIGHBORHOOD,ROAD,SECTION,LANE,ALLEY,SUB_ALLEY,TONG,NUMBER,X,Y
宜蘭縣冬山鄉武淵村11鄰三堵五路10號,10002,1000208,1000208-001,11鄰,三堵五路,,,,,,10號,121.80542524168,24.653750742586
宜蘭縣冬山鄉武淵村11鄰三堵五路12號,10002,1000208,1000208-001,11鄰,三堵五路,,,,,,12號,121.80546289741,24.65381509251
