FULL_ADDR,COUNTY,TOWN,VILLAGE,NEIGHBORHOOD,ROAD,SECTION,LANE,ALLEY,SUB_ALLEY,TONG,NUMBER,X,Y
苗栗縣西湖鄉四湖村5鄰青仔窩1之1號,10005,1000514,1000514-004,5鄰,青仔窩,,,,,,1之1號,120.74918704256,24.525674410954
苗栗縣西湖鄉四湖村5鄰青仔窩3號,10005,1000514,1000514-004,5鄰,青仔窩,,,,,,3號,120.74872544007,24.522409425041
