FULL_ADDR,COUNTY,TOWN,VILLAGE,NEIGHBORHOOD,ROAD,SECTION,LANE,ALLEY,SUB_ALLEY,TONG,NUMBER,X,Y
宜蘭縣冬山鄉八寶村6鄰寶建路180巷19號,10002,1000208,1000208-012,6鄰,寶建路,,180巷,,,,19號,121.77260747373,24.635182241355
宜蘭縣冬山鄉八寶村6鄰寶建路180巷25號,10002,1000208,1000208-012,6鄰,寶建路,,180巷,,,,25號,121.77263481053,24.635098137856
