FULL_ADDR,COUNTY,TOWN,VILLAGE,NEIGHBORHOOD,ROAD,SECTION,LANE,ALLEY,SUB_ALLEY,TONG,NUMBER,X,Y
彰化縣二水鄉光化村2鄰光大巷1號,10007,1000718,1000718-005,2鄰,光大巷,,,,,,1號,120.61696938927,23.812591383114
彰化縣二水鄉光化村2鄰光大巷2號,10007,1000718,1000718-005,2鄰,光大巷,,,,,,2號,120.61693144376,23.812615687025
