FULL_ADDR,COUNTY,TOWN,VILLAGE,NEIGHBORHOOD,ROAD,SECTION,LANE,ALLEY,SUB_ALLEY,TONG,NUMBER,X,Y
宜蘭縣三星鄉萬富村2鄰大富一路9巷12號,10002,1000210,1000210-014,2鄰,大富一路,,9巷,,,,12號,121.68824374317,24.683164669206
宜蘭縣三星鄉萬富村2鄰大富一路9巷16號,10002,1000210,1000210-014,2鄰,大富一路,,9巷,,,,16號,121.68808281903,24.683154121295
宜蘭縣三星鄉萬富村2鄰大富一路16號,10002,1000210,1000210-014,2鄰,大富一路,,,,,,16號,121.68778461815,24.68294061302
宜蘭縣三星鄉萬富村2鄰大富一路19號,10002,1000210,1000210-014,2鄰,大富一路,,,,,,19號,121.68749988598,24.682930631521
宜蘭縣三星鄉萬富村11鄰大富一路160號,10002,1000210,1000210-014,11鄰,大富一路,,,,,,160號,121.67536528058,24.682768116511
