FULL_ADDR,COUNTY,TOWN,VILLAGE,NEIGHBORHOOD,ROAD,SECTION,LANE,ALLEY,SUB_ALLEY,TONG,NUMBER,X,Y
新竹縣關西鎮東山里14鄰十寮4號,10004,1000404,1000404-019,14鄰,十寮,,,,,,4號,121.23149173027,24.794398930333
新竹縣關西鎮東山里14鄰十寮8之1號,10004,1000404,1000404-019,14鄰,十寮,,,,,,8之1號,121.22790772816,24.799265590891
新竹縣關西鎮東山里14鄰十寮11號,10004,1000404,1000404-019,14鄰,十寮,,,,,,11號,121.23019893581,24.79999438277
新竹縣關西鎮東山里14鄰十寮15號,10004,1000404,1000404-019,14鄰,十寮,,,,,,15號,121.23125927026,24.798198922944
新竹縣關西鎮東山里14鄰十寮15之5號,10004,1000404,1000404-019,14鄰,十寮,,,,,,15之5號,121.22767525855,24.800990376077
