FULL_ADDR,COUNTY,TOWN,VILLAGE,NEIGHBORHOOD,ROAD,SECTION,LANE,ALLEY,SUB_ALLEY,TONG,NUMBER,X,Y
彰化縣二水鄉上豊村14鄰三聖路61號,10007,1000718,1000718-002,14鄰,三聖路,,,,,,61號,120.62159402175,23.816104609624
彰化縣二水鄉惠民村1鄰三聖路62號,10007,1000718,1000718-010,1鄰,三聖路,,,,,,62號,120.6231173266,23.815947566536
彰化縣二水鄉惠民村1鄰三聖路66號,10007,1000718,1000718-010,1鄰,三聖路,,,,,,66號,120.62339287355,23.815720565743
彰化縣二水鄉惠民村1鄰三聖路76號,10007,1000718,1000718-010,1鄰,三聖路,,,,,,76號,120.62347394501,23.817206964695
