FULL_ADDR,COUNTY,TOWN,VILLAGE,NEIGHBORHOOD,ROAD,SECTION,LANE,ALLEY,SUB_ALLEY,TONG,NUMBER,X,Y
南投縣南投市永豐里11鄰工業北六路4之1巷1號,10008,1000801,1000801-025,11鄰,工業北六路,,4之1巷,,,,1號,120.65515026915,23.923779705627
南投縣南投市永豐里11鄰工業北六路2號,10008,1000801,1000801-025,11鄰,工業北六路,,,,,,2號,120.65467768965,23.925441617955
南投縣南投市永豐里11鄰工業北六路3號,10008,1000801,1000801-025,11鄰,工業北六路,,,,,,3號,120.65577896564,23.925028728803
南投縣南投市永豐里11鄰工業北六路4號,10008,1000801,1000801-025,11鄰,工業北六路,,,,,,4號,120.65543633589,23.924585512795
南投縣南投市永豐里11鄰工業北六路5號,10008,1000801,1000801-025,11鄰,工業北六路,,,,,,5號,120.65649733148,23.924542739916
南投縣南投市永豐里11鄰工業北六路6號,10008,1000801,1000801-025,11鄰,工業北六路,,,,,,6號,120.65655832253,23.923766334239
