FULL_ADDR,COUNTY,TOWN,VILLAGE,NEIGHBORHOOD,ROAD,SECTION,LANE,ALLEY,SUB_ALLEY,TONG,NUMBER,X,Y
彰化縣線西鄉寓埔村1鄰中華東路6號,10007,1000704,1000704-003,1鄰,中華東路,,,,,,6號,120.47030457562,24.129352192671
彰化縣線西鄉寓埔村1鄰中華東路8號,10007,1000704,1000704-003,1鄰,中華東路,,,,,,8號,120.47019134977,24.129420421567
彰化縣線西鄉寓埔村1鄰中華東路250號,10007,1000704,1000704-003,1鄰,中華東路,,,,,,250號,120.46598715143,24.132726793681
彰化縣線西鄉頂犁村18鄰中華東路41巷12號,10007,1000704,1000704-007,18鄰,中華東路,,41巷,,,,12號,120.46909227653,24.129402699681
彰化縣線西鄉頂犁村18鄰中華東路41巷61號,10007,1000704,1000704-007,18鄰,中華東路,,41巷,,,,61號,120.46919365442,24.12855801241
