FULL_ADDR,COUNTY,TOWN,VILLAGE,NEIGHBORHOOD,ROAD,SECTION,LANE,ALLEY,SUB_ALLEY,TONG,NUMBER,X,Y
彰化縣大城鄉臺西村4鄰順應巷2號,10007,1000724,1000724-011,4鄰,順應巷,,,,,,2號,120.27378908026,23.844348537876
彰化縣大城鄉臺西村4鄰順應巷3號,10007,1000724,1000724-011,4鄰,順應巷,,,,,,3號,120.27429935798,23.844716103788
彰化縣大城鄉臺西村3鄰順應巷5號,10007,1000724,1000724-011,3鄰,順應巷,,,,,,5號,120.27354455217,23.844314834666
彰化縣大城鄉臺西村4鄰順應巷7號,10007,1000724,1000724-011,4鄰,順應巷,,,,,,7號,120.27397202841,23.844701451249
彰化縣大城鄉臺西村4鄰順應巷8號,10007,1000724,1000724-011,4鄰,順應巷,,,,,,8號,120.27371711461,23.844530156507
彰化縣大城鄉臺西村4鄰順應巷9號,10007,1000724,1000724-011,4鄰,順應巷,,,,,,9號,120.27354655087,23.844651978933
彰化縣大城鄉臺西村5鄰順應巷11號,10007,1000724,1000724-011,5鄰,順應巷,,,,,,11號,120.27410916929,23.84463202124
