FULL_ADDR,COUNTY,TOWN,VILLAGE,NEIGHBORHOOD,ROAD,SECTION,LANE,ALLEY,SUB_ALLEY,TONG,NUMBER,X,Y
彰化縣線西鄉寓埔村11鄰中山南街29號,10007,1000704,1000704-003,11鄰,中山南街,,,,,,29號,120.46080356649,24.132584607427
彰化縣線西鄉寓埔村13鄰中山南街97號,10007,1000704,1000704-003,13鄰,中山南街,,,,,,97號,120.46135812729,24.134215694798
彰化縣線西鄉寓埔村13鄰中山南街99號,10007,1000704,1000704-003,13鄰,中山南街,,,,,,99號,120.46137566322,24.134257200467
彰化縣線西鄉寓埔村13鄰中山南街120號,10007,1000704,1000704-003,13鄰,中山南街,,,,,,120號,120.46148437835,24.134117000021
彰化縣線西鄉寓埔村13鄰中山南街122號,10007,1000704,1000704-003,13鄰,中山南街,,,,,,122號,120.46149710586,24.134155509099
彰化縣線西鄉寓埔村13鄰中山南街126號,10007,1000704,1000704-003,13鄰,中山南街,,,,,,126號,120.46151622204,24.134195575662
