FULL_ADDR,COUNTY,TOWN,VILLAGE,NEIGHBORHOOD,ROAD,SECTION,LANE,ALLEY,SUB_ALLEY,TONG,NUMBER,X,Y
彰化縣田中鎮中潭里8鄰民樂街56號,10007,1000712,1000712-007,8鄰,民樂街,,,,,,56號,120.58327033881,23.866297428017
彰化縣田中鎮中潭里8鄰民樂街58號,10007,1000712,1000712-007,8鄰,民樂街,,,,,,58號,120.58330966115,23.866316108267
彰化縣田中鎮中潭里8鄰民樂街60號,10007,1000712,1000712-007,8鄰,民樂街,,,,,,60號,120.58335001858,23.866327359968
