FULL_ADDR,COUNTY,TOWN,VILLAGE,NEIGHBORHOOD,ROAD,SECTION,LANE,ALLEY,SUB_ALLEY,TONG,NUMBER,X,Y
宜蘭縣三星鄉尾塹村8鄰社區路3號,10002,1000210,1000210-018,8鄰,社區路,,,,,,3號,121.74732673608,24.701567918366
宜蘭縣三星鄉尾塹村9鄰社區路55巷17號,10002,1000210,1000210-018,9鄰,社區路,,55巷,,,,17號,121.74520273175,24.700216028139
宜蘭縣三星鄉尾塹村9鄰社區路42號,10002,1000210,1000210-018,9鄰,社區路,,,,,,42號,121.74567780867,24.701133375576
宜蘭縣三星鄉尾塹村9鄰社區路61號,10002,1000210,1000210-018,9鄰,社區路,,,,,,61號,121.74479934754,24.700069606217
宜蘭縣三星鄉尾塹村9鄰社區路65號,10002,1000210,1000210-018,9鄰,社區路,,,,,,65號,121.7444928886,24.700102274217
宜蘭縣三星鄉尾塹村9鄰社區路76號,10002,1000210,1000210-018,9鄰,社區路,,,,,,76號,121.74476461598,24.700793482679
宜蘭縣三星鄉尾塹村9鄰社區路82號,10002,1000210,1000210-018,9鄰,社區路,,,,,,82號,121.74566659156,24.696194439231
