FULL_ADDR,COUNTY,TOWN,VILLAGE,NEIGHBORHOOD,ROAD,SECTION,LANE,ALLEY,SUB_ALLEY,TONG,NUMBER,X,Y
雲林縣虎尾鎮平和里18鄰大成二街1號,10009,1000903,1000903-008,18鄰,大成二街,,,,,,1號,120.44542910233,23.712594782008
雲林縣虎尾鎮平和里18鄰大成二街13號,10009,1000903,1000903-008,18鄰,大成二街,,,,,,13號,120.44576516157,23.712530250413
雲林縣虎尾鎮平和里18鄰大成二街15號,10009,1000903,1000903-008,18鄰,大成二街,,,,,,15號,120.44583991303,23.712524739184
