FULL_ADDR,COUNTY,TOWN,VILLAGE,NEIGHBORHOOD,ROAD,SECTION,LANE,ALLEY,SUB_ALLEY,TONG,NUMBER,X,Y
南投縣水里鄉農富村3鄰民富街25號,10008,1000811,1000811-002,3鄰,民富街,,,,,,25號,120.85428330307,23.817700686066
南投縣水里鄉農富村3鄰民富街28之1號,10008,1000811,1000811-002,3鄰,民富街,,,,,,28之1號,120.85442608307,23.817814325148
南投縣水里鄉農富村3鄰民富街29號,10008,1000811,1000811-002,3鄰,民富街,,,,,,29號,120.85405210752,23.817746970772
