FULL_ADDR,COUNTY,TOWN,VILLAGE,NEIGHBORHOOD,ROAD,SECTION,LANE,ALLEY,SUB_ALLEY,TONG,NUMBER,X,Y
新竹縣竹北市文化里3鄰文壽街1號,10004,1000401,1000401-030,3鄰,文壽街,,,,,,1號,121.01126521723,24.831594765102
新竹縣竹北市文化里3鄰文壽街2號,10004,1000401,1000401-030,3鄰,文壽街,,,,,,2號,121.0114390638,24.831477976163
新竹縣竹北市文化里3鄰文壽街3號,10004,1000401,1000401-030,3鄰,文壽街,,,,,,3號,121.01119426569,24.831751073318
新竹縣竹北市文化里3鄰文壽街5號,10004,1000401,1000401-030,3鄰,文壽街,,,,,,5號,121.01122827842,24.831850367159
新竹縣竹北市文化里3鄰文壽街6號,10004,1000401,1000401-030,3鄰,文壽街,,,,,,6號,121.01145720359,24.831533834639
新竹縣竹北市文化里3鄰文壽街8號,10004,1000401,1000401-030,3鄰,文壽街,,,,,,8號,121.01146400476,24.831581414768
新竹縣竹北市文化里3鄰文壽街10號,10004,1000401,1000401-030,3鄰,文壽街,,,,,,10號,121.01147308199,24.831635197362
新竹縣竹北市文化里3鄰文壽街16號,10004,1000401,1000401-030,3鄰,文壽街,,,,,,16號,121.01150315933,24.831756313536
