FULL_ADDR,COUNTY,TOWN,VILLAGE,NEIGHBORHOOD,ROAD,SECTION,LANE,ALLEY,SUB_ALLEY,TONG,NUMBER,X,Y
彰化縣線西鄉線西村19鄰線工路1號,10007,1000704,1000704-001,19鄰,線工路,,,,,,1號,120.43624990088,24.146183717485
彰化縣線西鄉線西村19鄰線工路2號,10007,1000704,1000704-001,19鄰,線工路,,,,,,2號,120.43695247542,24.146694920778
彰化縣線西鄉線西村19鄰線工路3號,10007,1000704,1000704-001,19鄰,線工路,,,,,,3號,120.43533317296,24.146489937049
彰化縣線西鄉線西村19鄰線工路6號,10007,1000704,1000704-001,19鄰,線工路,,,,,,6號,120.43631130748,24.147079451654
彰化縣線西鄉線西村19鄰線工路8號,10007,1000704,1000704-001,19鄰,線工路,,,,,,8號,120.43568685272,24.147466389124
彰化縣線西鄉線西村19鄰線工路10號,10007,1000704,1000704-001,19鄰,線工路,,,,,,10號,120.43506081909,24.147853498701
彰化縣線西鄉線西村19鄰線工路12號,10007,1000704,1000704-001,19鄰,線工路,,,,,,12號,120.43438608098,24.148306247349
彰化縣線西鄉線西村19鄰線工路25號,10007,1000704,1000704-001,19鄰,線工路,,,,,,25號,120.43434810982,24.147543778958
