FULL_ADDR,COUNTY,TOWN,VILLAGE,NEIGHBORHOOD,ROAD,SECTION,LANE,ALLEY,SUB_ALLEY,TONG,NUMBER,X,Y
新竹縣竹北市麻園里1鄰麻園八街1號,10004,1000401,1000401-013,1鄰,麻園八街,,,,,,1號,120.98358386498,24.853501831971
新竹縣竹北市麻園里1鄰麻園八街67之1號,10004,1000401,1000401-013,1鄰,麻園八街,,,,,,67之1號,120.98124969689,24.853995744502
