FULL_ADDR,COUNTY,TOWN,VILLAGE,NEIGHBORHOOD,ROAD,SECTION,LANE,ALLEY,SUB_ALLEY,TONG,NUMBER,X,Y
宜蘭縣三星鄉萬德村2鄰楓林五路218巷8號,10002,1000210,1000210-012,2鄰,楓林五路,,218巷,,,,8號,121.66370081578,24.679149100738
宜蘭縣三星鄉萬德村2鄰楓林五路218巷10號,10002,1000210,1000210-012,2鄰,楓林五路,,218巷,,,,10號,121.66369772027,24.679217639769
宜蘭縣三星鄉萬德村2鄰楓林五路218巷12號,10002,1000210,1000210-012,2鄰,楓林五路,,218巷,,,,12號,121.66363657898,24.679259079351
宜蘭縣三星鄉萬德村2鄰楓林五路218巷16號,10002,1000210,1000210-012,2鄰,楓林五路,,218巷,,,,16號,121.6636028163,24.67930211332
宜蘭縣三星鄉萬德村2鄰楓林五路218巷20號,10002,1000210,1000210-012,2鄰,楓林五路,,218巷,,,,20號,121.66351456564,24.679374188545
宜蘭縣三星鄉萬德村2鄰楓林五路218巷30號,10002,1000210,1000210-012,2鄰,楓林五路,,218巷,,,,30號,121.663377948,24.679324955482
宜蘭縣三星鄉萬富村13鄰楓林五路96巷9號,10002,1000210,1000210-014,13鄰,楓林五路,,96巷,,,,9號,121.66806079241,24.68085797839
宜蘭縣三星鄉萬富村13鄰楓林五路96巷11號,10002,1000210,1000210-014,13鄰,楓林五路,,96巷,,,,11號,121.66792372613,24.680762255441
