FULL_ADDR,COUNTY,TOWN,VILLAGE,NEIGHBORHOOD,ROAD,SECTION,LANE,ALLEY,SUB_ALLEY,TONG,NUMBER,X,Y
彰化縣北斗鎮五權里10鄰五權路48巷2號,10007,1000719,1000719-004,10鄰,五權路,,48巷,,,,2號,120.52726880707,23.8663327247
彰化縣北斗鎮五權里10鄰五權路48巷11號,10007,1000719,1000719-004,10鄰,五權路,,48巷,,,,11號,120.52754927748,23.866231064263
彰化縣北斗鎮五權里10鄰五權路32號,10007,1000719,1000719-004,10鄰,五權路,,,,,,32號,120.52717669192,23.86613210375
彰化縣北斗鎮五權里10鄰五權路63號,10007,1000719,1000719-004,10鄰,五權路,,,,,,63號,120.52816653315,23.866123293314
彰化縣北斗鎮五權里10鄰五權路66號,10007,1000719,1000719-004,10鄰,五權路,,,,,,66號,120.52824523544,23.866292034483
