FULL_ADDR,COUNTY,TOWN,VILLAGE,NEIGHBORHOOD,ROAD,SECTION,LANE,ALLEY,SUB_ALLEY,TONG,NUMBER,X,Y
南投縣仁愛鄉翠華村10鄰華崗76之1附1號,10008,1000813,1000813-015,10鄰,華崗,,,,,,76之1附1號,121.22494829754,24.187428579759
南投縣仁愛鄉翠華村12鄰華崗113之2附2號,10008,1000813,1000813-015,12鄰,華崗,,,,,,113之2附2號,121.22817758719,24.195325053741
南投縣仁愛鄉翠華村12鄰華崗119之6號,10008,1000813,1000813-015,12鄰,華崗,,,,,,119之6號,121.18476099186,24.079807931398
