FULL_ADDR,COUNTY,TOWN,VILLAGE,NEIGHBORHOOD,ROAD,SECTION,LANE,ALLEY,SUB_ALLEY,TONG,NUMBER,X,Y
彰化縣溪州鄉水尾村10鄰民權一巷1號,10007,1000726,1000726-004,10鄰,民權一巷,,,,,,1號,120.46795767368,23.829715752477
彰化縣溪州鄉水尾村10鄰民權一巷2號,10007,1000726,1000726-004,10鄰,民權一巷,,,,,,2號,120.4676555572,23.829597948839
彰化縣溪州鄉水尾村10鄰民權一巷3號,10007,1000726,1000726-004,10鄰,民權一巷,,,,,,3號,120.46806810364,23.829425961088
彰化縣溪州鄉水尾村10鄰民權一巷5號,10007,1000726,1000726-004,10鄰,民權一巷,,,,,,5號,120.46800808559,23.829237091301
