FULL_ADDR,COUNTY,TOWN,VILLAGE,NEIGHBORHOOD,ROAD,SECTION,LANE,ALLEY,SUB_ALLEY,TONG,NUMBER,X,Y
雲林縣古坑鄉西平村19鄰古興路151號,10009,1000907,1000907-019,19鄰,古興路,,,,,,151號,120.5587322709,23.644191981012
雲林縣古坑鄉西平村19鄰古興路155號,10009,1000907,1000907-019,19鄰,古興路,,,,,,155號,120.5585990481,23.644313504323
雲林縣古坑鄉西平村19鄰古興路157號,10009,1000907,1000907-019,19鄰,古興路,,,,,,157號,120.5586407541,23.644299175331
雲林縣古坑鄉西平村19鄰古興路163號,10009,1000907,1000907-019,19鄰,古興路,,,,,,163號,120.55836010746,23.644246454904
雲林縣古坑鄉西平村19鄰古興路202號,10009,1000907,1000907-019,19鄰,古興路,,,,,,202號,120.54508809712,23.624141535212
雲林縣古坑鄉西平村19鄰古興路217號,10009,1000907,1000907-019,19鄰,古興路,,,,,,217號,120.55535935466,23.645438934735
雲林縣古坑鄉西平村19鄰古興路223號,10009,1000907,1000907-019,19鄰,古興路,,,,,,223號,120.55499102957,23.645081561957
