FULL_ADDR,COUNTY,TOWN,VILLAGE,NEIGHBORHOOD,ROAD,SECTION,LANE,ALLEY,SUB_ALLEY,TONG,NUMBER,X,Y
新竹縣關西鎮北斗里4鄰北門口光復新村二街1號,10004,1000404,1000404-004,4鄰,北門口光復新村二街,,,,,,1號,121.17785812235,24.794023915887
新竹縣關西鎮北斗里4鄰北門口光復新村二街2號,10004,1000404,1000404-004,4鄰,北門口光復新村二街,,,,,,2號,121.17782280405,24.794031126565
新竹縣關西鎮北斗里4鄰北門口光復新村二街3號,10004,1000404,1000404-004,4鄰,北門口光復新村二街,,,,,,3號,121.17779534213,24.794040711452
新竹縣關西鎮北斗里4鄰北門口光復新村二街4號,10004,1000404,1000404-004,4鄰,北門口光復新村二街,,,,,,4號,121.17774956317,24.79405031809
