FULL_ADDR,COUNTY,TOWN,VILLAGE,NEIGHBORHOOD,ROAD,SECTION,LANE,ALLEY,SUB_ALLEY,TONG,NUMBER,X,Y
雲林縣斗六市榴南里9鄰斗工一路2號,10009,1000901,1000901-028,9鄰,斗工一路,,,,,,2號,120.59170848206,23.71639164458
雲林縣斗六市榴南里9鄰斗工一路5號,10009,1000901,1000901-028,9鄰,斗工一路,,,,,,5號,120.59222439294,23.717376128729
雲林縣斗六市榴南里9鄰斗工一路8號,10009,1000901,1000901-028,9鄰,斗工一路,,,,,,8號,120.59164952556,23.715331675658
雲林縣斗六市榴南里9鄰斗工一路18號,10009,1000901,1000901-028,9鄰,斗工一路,,,,,,18號,120.59349553925,23.710323656462
雲林縣斗六市榴南里9鄰斗工一路19號,10009,1000901,1000901-028,9鄰,斗工一路,,,,,,19號,120.59404431758,23.709915416709
