FULL_ADDR,COUNTY,TOWN,VILLAGE,NEIGHBORHOOD,ROAD,SECTION,LANE,ALLEY,SUB_ALLEY,TONG,NUMBER,X,Y
苗栗縣後龍鎮校椅里8鄰校背路88之2號,10005,1000506,1000506-007,8鄰,校背路,,,,,,88之2號,120.82630071786,24.608152173354
苗栗縣後龍鎮校椅里8鄰校背路96號,10005,1000506,1000506-007,8鄰,校背路,,,,,,96號,120.82651566849,24.608685754152
苗栗縣後龍鎮校椅里8鄰校背路101之1號,10005,1000506,1000506-007,8鄰,校背路,,,,,,101之1號,120.82615054947,24.609336672414
苗栗縣後龍鎮校椅里8鄰校背路101之2號,10005,1000506,1000506-007,8鄰,校背路,,,,,,101之2號,120.82608230036,24.60934173999
苗栗縣後龍鎮校椅里9鄰校背路112之1號,10005,1000506,1000506-007,9鄰,校背路,,,,,,112之1號,120.82531733596,24.609257066516
苗栗縣後龍鎮校椅里9鄰校背路112之3號,10005,1000506,1000506-007,9鄰,校背路,,,,,,112之3號,120.8252483861,24.609411108537
