FULL_ADDR,COUNTY,TOWN,VILLAGE,NEIGHBORHOOD,ROAD,SECTION,LANE,ALLEY,SUB_ALLEY,TONG,NUMBER,X,Y
彰化縣溪州鄉成功村14鄰綠筍路851號,10007,1000726,1000726-012,14鄰,綠筍路,,,,,,851號,120.55991855313,23.835303795789
彰化縣溪州鄉成功村14鄰綠筍路857號,10007,1000726,1000726-012,14鄰,綠筍路,,,,,,857號,120.55970614567,23.835494309485
彰化縣溪州鄉成功村14鄰綠筍路870號,10007,1000726,1000726-012,14鄰,綠筍路,,,,,,870號,120.55980038547,23.836045564274
彰化縣溪州鄉大庄村19鄰綠筍路600巷225弄36號,10007,1000726,1000726-015,19鄰,綠筍路,,600巷,225弄,,,36號,120.56686910778,23.836383974554
彰化縣溪州鄉大庄村19鄰綠筍路185號,10007,1000726,1000726-015,19鄰,綠筍路,,,,,,185號,120.56805707404,23.826512084035
彰化縣溪州鄉大庄村19鄰綠筍路211號,10007,1000726,1000726-015,19鄰,綠筍路,,,,,,211號,120.56744821358,23.827253423373
彰化縣溪州鄉大庄村19鄰綠筍路592號,10007,1000726,1000726-015,19鄰,綠筍路,,,,,,592號,120.56383910109,23.831694035793
彰化縣溪州鄉大庄村19鄰綠筍路595號,10007,1000726,1000726-015,19鄰,綠筍路,,,,,,595號,120.56345451697,23.831370500181
彰化縣溪州鄉大庄村19鄰綠筍路601號,10007,1000726,1000726-015,19鄰,綠筍路,,,,,,601號,120.5632118881,23.831657766763
