FULL_ADDR,COUNTY,TOWN,VILLAGE,NEIGHBORHOOD,ROAD,SECTION,LANE,ALLEY,SUB_ALLEY,TONG,NUMBER,X,Y
新竹縣竹北市聯興里7鄰馬麟厝30號,10004,1000401,1000401-012,7鄰,馬麟厝,,,,,,30號,120.98436198947,24.84029507984
新竹縣竹北市聯興里5鄰馬麟厝31號,10004,1000401,1000401-012,5鄰,馬麟厝,,,,,,31號,120.98478235027,24.840383955388
