FULL_ADDR,COUNTY,TOWN,VILLAGE,NEIGHBORHOOD,ROAD,SECTION,LANE,ALLEY,SUB_ALLEY,TONG,NUMBER,X,Y
彰化縣溪州鄉柑園村7鄰下柑三巷1號,10007,1000726,1000726-003,7鄰,下柑三巷,,,,,,1號,120.53583772436,23.8246076664
彰化縣溪州鄉柑園村7鄰下柑三巷3號,10007,1000726,1000726-003,7鄰,下柑三巷,,,,,,3號,120.53598096971,23.824933307035
彰化縣溪州鄉柑園村6鄰下柑三巷4號,10007,1000726,1000726-003,6鄰,下柑三巷,,,,,,4號,120.53618906345,23.824798543596
