FULL_ADDR,COUNTY,TOWN,VILLAGE,NEIGHBORHOOD,ROAD,SECTION,LANE,ALLEY,SUB_ALLEY,TONG,NUMBER,X,Y
苗栗縣苗栗市勝利里9鄰連屋1號,10005,1000501,1000501-013,9鄰,連屋,,,,,,1號,120.81715204958,24.549497714441
苗栗縣苗栗市勝利里9鄰連屋2號,10005,1000501,1000501-013,9鄰,連屋,,,,,,2號,120.81687146719,24.550004075485
苗栗縣苗栗市勝利里9鄰連屋3號,10005,1000501,1000501-013,9鄰,連屋,,,,,,3號,120.81687151188,24.549837311851
苗栗縣苗栗市勝利里9鄰連屋4號,10005,1000501,1000501-013,9鄰,連屋,,,,,,4號,120.81699898409,24.549676932877
苗栗縣苗栗市勝利里9鄰連屋5號,10005,1000501,1000501-013,9鄰,連屋,,,,,,5號,120.81688682693,24.550235143556
苗栗縣苗栗市勝利里9鄰連屋6號,10005,1000501,1000501-013,9鄰,連屋,,,,,,6號,120.81678872382,24.550155660387
苗栗縣苗栗市勝利里9鄰連屋7號,10005,1000501,1000501-013,9鄰,連屋,,,,,,7號,120.81667105926,24.550155517353
苗栗縣苗栗市勝利里9鄰連屋8號,10005,1000501,1000501-013,9鄰,連屋,,,,,,8號,120.81663049996,24.550079805891
苗栗縣苗栗市勝利里9鄰連屋9號,10005,1000501,1000501-013,9鄰,連屋,,,,,,9號,120.816671317,24.549978190175
