FULL_ADDR,COUNTY,TOWN,VILLAGE,NEIGHBORHOOD,ROAD,SECTION,LANE,ALLEY,SUB_ALLEY,TONG,NUMBER,X,Y
南投縣魚池鄉日月村10鄰瑪蓋旦街8號,10008,1000809,1000809-013,10鄰,瑪蓋旦街,,,,,,8號,120.93230608545,23.848254434564
南投縣魚池鄉日月村10鄰瑪蓋旦街12號,10008,1000809,1000809-013,10鄰,瑪蓋旦街,,,,,,12號,120.93214599107,23.848392248455
南投縣魚池鄉日月村9鄰瑪蓋旦街25號,10008,1000809,1000809-013,9鄰,瑪蓋旦街,,,,,,25號,120.93172173371,23.84792486164
南投縣魚池鄉日月村9鄰瑪蓋旦街27號,10008,1000809,1000809-013,9鄰,瑪蓋旦街,,,,,,27號,120.93167639363,23.847894501572
南投縣魚池鄉日月村10鄰瑪蓋旦街28號,10008,1000809,1000809-013,10鄰,瑪蓋旦街,,,,,,28號,120.93164571466,23.848175042372
南投縣魚池鄉日月村9鄰瑪蓋旦街36號,10008,1000809,1000809-013,9鄰,瑪蓋旦街,,,,,,36號,120.93146105149,23.847986689999
南投縣魚池鄉日月村4鄰瑪蓋旦街51號,10008,1000809,1000809-013,4鄰,瑪蓋旦街,,,,,,51號,120.93084780113,23.847360744406
南投縣魚池鄉日月村4鄰瑪蓋旦街54號,10008,1000809,1000809-013,4鄰,瑪蓋旦街,,,,,,54號,120.9310199611,23.847797861618
南投縣魚池鄉日月村4鄰瑪蓋旦街56號,10008,1000809,1000809-013,4鄰,瑪蓋旦街,,,,,,56號,120.93097039889,23.847769215105
