FULL_ADDR,COUNTY,TOWN,VILLAGE,NEIGHBORHOOD,ROAD,SECTION,LANE,ALLEY,SUB_ALLEY,TONG,NUMBER,X,Y
彰化縣伸港鄉新港村19鄰信義2巷2巷11號,10007,1000705,1000705-010,19鄰,信義2巷,,2巷,,,,11號,120.48511271461,24.148058818806
彰化縣伸港鄉新港村19鄰信義2巷2巷13號,10007,1000705,1000705-010,19鄰,信義2巷,,2巷,,,,13號,120.48510208627,24.148132822056
