FULL_ADDR,COUNTY,TOWN,VILLAGE,NEIGHBORHOOD,ROAD,SECTION,LANE,ALLEY,SUB_ALLEY,TONG,NUMBER,X,Y
雲林縣麥寮鄉後安村1鄰福安巷21號,10009,1000913,1000913-006,1鄰,福安巷,,,,,,21號,120.2433102844,23.786135363322
雲林縣麥寮鄉後安村1鄰福安巷26號,10009,1000913,1000913-006,1鄰,福安巷,,,,,,26號,120.24305214636,23.786047515833
雲林縣麥寮鄉後安村1鄰福安巷45號,10009,1000913,1000913-006,1鄰,福安巷,,,,,,45號,120.24354413496,23.785601433449
雲林縣麥寮鄉後安村1鄰福安巷45之30號,10009,1000913,1000913-006,1鄰,福安巷,,,,,,45之30號,120.24335203986,23.783356025666
雲林縣麥寮鄉後安村1鄰福安巷160號,10009,1000913,1000913-006,1鄰,福安巷,,,,,,160號,120.24280007997,23.783842607945
雲林縣麥寮鄉後安村1鄰福安巷175號,10009,1000913,1000913-006,1鄰,福安巷,,,,,,175號,120.24334370481,23.782334563528
