FULL_ADDR,COUNTY,TOWN,VILLAGE,NEIGHBORHOOD,ROAD,SECTION,LANE,ALLEY,SUB_ALLEY,TONG,NUMBER,X,Y
宜蘭縣冬山鄉八寶村1鄰寶賢路625號,10002,1000208,1000208-012,1鄰,寶賢路,,,,,,625號,121.77172420287,24.641477954247
宜蘭縣冬山鄉八寶村1鄰寶賢路627號,10002,1000208,1000208-012,1鄰,寶賢路,,,,,,627號,121.77163296196,24.641466776093
宜蘭縣冬山鄉八寶村3鄰寶賢路758號,10002,1000208,1000208-012,3鄰,寶賢路,,,,,,758號,121.77116117192,24.641462606183
宜蘭縣冬山鄉八寶村3鄰寶賢路766號,10002,1000208,1000208-012,3鄰,寶賢路,,,,,,766號,121.76815813293,24.641303553516
宜蘭縣冬山鄉八寶村3鄰寶賢路770號,10002,1000208,1000208-012,3鄰,寶賢路,,,,,,770號,121.76798450953,24.641243589897
宜蘭縣冬山鄉八寶村3鄰寶賢路776號,10002,1000208,1000208-012,3鄰,寶賢路,,,,,,776號,121.76791740235,24.641334486359
