FULL_ADDR,COUNTY,TOWN,VILLAGE,NEIGHBORHOOD,ROAD,SECTION,LANE,ALLEY,SUB_ALLEY,TONG,NUMBER,X,Y
彰化縣鹿港鎮溝墘里12鄰棋盤巷臨1之26號,10007,1000702,1000702-022,12鄰,棋盤巷臨,,,,,,1之26號,120.47381070872,24.061364428612
彰化縣鹿港鎮溝墘里12鄰棋盤巷臨5之11號,10007,1000702,1000702-022,12鄰,棋盤巷臨,,,,,,5之11號,120.4769262485,24.061683548357
彰化縣鹿港鎮溝墘里12鄰棋盤巷臨5之12號,10007,1000702,1000702-022,12鄰,棋盤巷臨,,,,,,5之12號,120.4768898759,24.061680986133
彰化縣鹿港鎮溝墘里12鄰棋盤巷臨5之13號,10007,1000702,1000702-022,12鄰,棋盤巷臨,,,,,,5之13號,120.47685084801,24.061678505117
彰化縣鹿港鎮溝墘里9鄰棋盤巷臨73之1,10007,1000702,1000702-022,9鄰,棋盤巷臨,,,,,,73之1,120.47554073554,24.066499883371
