FULL_ADDR,COUNTY,TOWN,VILLAGE,NEIGHBORHOOD,ROAD,SECTION,LANE,ALLEY,SUB_ALLEY,TONG,NUMBER,X,Y
宜蘭縣冬山鄉八寶村8鄰寶修路11號,10002,1000208,1000208-012,8鄰,寶修路,,,,,,11號,121.76407598007,24.636894985574
宜蘭縣冬山鄉八寶村6鄰寶修路68號,10002,1000208,1000208-012,6鄰,寶修路,,,,,,68號,121.76581069015,24.635392971321
宜蘭縣冬山鄉八寶村6鄰寶修路78號,10002,1000208,1000208-012,6鄰,寶修路,,,,,,78號,121.76605675352,24.63516926082
宜蘭縣冬山鄉八寶村6鄰寶修路86號,10002,1000208,1000208-012,6鄰,寶修路,,,,,,86號,121.76643004062,24.63484920163
宜蘭縣冬山鄉八寶村6鄰寶修路88號,10002,1000208,1000208-012,6鄰,寶修路,,,,,,88號,121.76652870075,24.634798320864
