FULL_ADDR,COUNTY,TOWN,VILLAGE,NEIGHBORHOOD,ROAD,SECTION,LANE,ALLEY,SUB_ALLEY,TONG,NUMBER,X,Y
彰化縣溪州鄉東州村12鄰太安路1號,10007,1000726,1000726-017,12鄰,太安路,,,,,,1號,120.50432438804,23.852376593172
彰化縣溪州鄉東州村12鄰太安路1之3號,10007,1000726,1000726-017,12鄰,太安路,,,,,,1之3號,120.50428857309,23.852252990173
彰化縣溪州鄉東州村11鄰太安路2號,10007,1000726,1000726-017,11鄰,太安路,,,,,,2號,120.5044069334,23.852298988151
彰化縣溪州鄉東州村12鄰太安路3號,10007,1000726,1000726-017,12鄰,太安路,,,,,,3號,120.50436003936,23.852545812783
彰化縣溪州鄉東州村12鄰太安路5號,10007,1000726,1000726-017,12鄰,太安路,,,,,,5號,120.50438555742,23.852896186175
彰化縣溪州鄉東州村11鄰太安路6號,10007,1000726,1000726-017,11鄰,太安路,,,,,,6號,120.50446412132,23.852528350441
彰化縣溪州鄉東州村11鄰太安路8號,10007,1000726,1000726-017,11鄰,太安路,,,,,,8號,120.50447480142,23.852582896025
