FULL_ADDR,COUNTY,TOWN,VILLAGE,NEIGHBORHOOD,ROAD,SECTION,LANE,ALLEY,SUB_ALLEY,TONG,NUMBER,X,Y
彰化縣埤頭鄉陸嘉村10鄰陸嘉路303號,10007,1000722,1000722-013,10鄰,陸嘉路,,,,,,303號,120.46280133701,23.861020478724
彰化縣埤頭鄉陸嘉村10鄰陸嘉路398號,10007,1000722,1000722-013,10鄰,陸嘉路,,,,,,398號,120.46086232603,23.861222735073
