FULL_ADDR,COUNTY,TOWN,VILLAGE,NEIGHBORHOOD,ROAD,SECTION,LANE,ALLEY,SUB_ALLEY,TONG,NUMBER,X,Y
南投縣集集鎮吳厝里2鄰上厝巷2號,10008,1000805,1000805-007,2鄰,上厝巷,,,,,,2號,120.78989005718,23.828364933564
南投縣集集鎮吳厝里2鄰上厝巷3號,10008,1000805,1000805-007,2鄰,上厝巷,,,,,,3號,120.78976410288,23.828314917696
