FULL_ADDR,COUNTY,TOWN,VILLAGE,NEIGHBORHOOD,ROAD,SECTION,LANE,ALLEY,SUB_ALLEY,TONG,NUMBER,X,Y
彰化縣和美鎮頭前里1鄰嘉卿路三段127號,10007,1000703,1000703-007,1鄰,嘉卿路,3段,,,,,127號,120.49974600578,24.122021165225
彰化縣和美鎮頭前里1鄰嘉卿路三段147號,10007,1000703,1000703-007,1鄰,嘉卿路,3段,,,,,147號,120.49947963069,24.121810002465
彰化縣和美鎮地潭里1鄰嘉卿路一段628號,10007,1000703,1000703-027,1鄰,嘉卿路,1段,,,,,628號,120.51368314052,24.138644699574
彰化縣和美鎮地潭里1鄰嘉卿路一段680號,10007,1000703,1000703-027,1鄰,嘉卿路,1段,,,,,680號,120.51246010539,24.138574343933
彰化縣和美鎮嘉寶里17鄰嘉卿路一段385號,10007,1000703,1000703-029,17鄰,嘉卿路,1段,,,,,385號,120.51960986392,24.135745495793
彰化縣和美鎮嘉寶里17鄰嘉卿路一段390號,10007,1000703,1000703-029,17鄰,嘉卿路,1段,,,,,390號,120.51878970243,24.137424782888
彰化縣和美鎮月眉里5鄰嘉卿路三段219號,10007,1000703,1000703-030,5鄰,嘉卿路,3段,,,,,219號,120.49665919641,24.120733934458
