FULL_ADDR,COUNTY,TOWN,VILLAGE,NEIGHBORHOOD,ROAD,SECTION,LANE,ALLEY,SUB_ALLEY,TONG,NUMBER,X,Y
彰化縣溪州鄉菜公村2鄰竹圍西巷1號,10007,1000726,1000726-013,2鄰,竹圍西巷,,,,,,1號,120.50904018368,23.81364207839
彰化縣溪州鄉菜公村2鄰竹圍西巷2號,10007,1000726,1000726-013,2鄰,竹圍西巷,,,,,,2號,120.50928976765,23.813806217617
彰化縣溪州鄉菜公村2鄰竹圍西巷4號,10007,1000726,1000726-013,2鄰,竹圍西巷,,,,,,4號,120.5088990069,23.813933031276
彰化縣溪州鄉菜公村3鄰竹圍西巷5號,10007,1000726,1000726-013,3鄰,竹圍西巷,,,,,,5號,120.50831667913,23.815020494325
彰化縣溪州鄉菜公村2鄰竹圍西巷6號,10007,1000726,1000726-013,2鄰,竹圍西巷,,,,,,6號,120.50866747184,23.814334841179
彰化縣溪州鄉菜公村3鄰竹圍西巷7號,10007,1000726,1000726-013,3鄰,竹圍西巷,,,,,,7號,120.50807196854,23.815128132034
