FULL_ADDR,COUNTY,TOWN,VILLAGE,NEIGHBORHOOD,ROAD,SECTION,LANE,ALLEY,SUB_ALLEY,TONG,NUMBER,X,Y
新竹縣湖口鄉鳳山村1鄰仁德路4號,10004,1000405,1000405-015,1鄰,仁德路,,,,,,4號,121.01206010697,24.869684126657
新竹縣湖口鄉鳳山村1鄰仁德路8號,10004,1000405,1000405-015,1鄰,仁德路,,,,,,8號,121.01013824833,24.870592016957
新竹縣湖口鄉鳳山村1鄰仁德路10號,10004,1000405,1000405-015,1鄰,仁德路,,,,,,10號,121.00981095455,24.870773584686
新竹縣湖口鄉鳳山村1鄰仁德路12號,10004,1000405,1000405-015,1鄰,仁德路,,,,,,12號,121.00945486172,24.870967098277
