FULL_ADDR,COUNTY,TOWN,VILLAGE,NEIGHBORHOOD,ROAD,SECTION,LANE,ALLEY,SUB_ALLEY,TONG,NUMBER,X,Y
苗栗縣竹南鎮大厝里12鄰全天路252巷50號,10005,1000504,1000504-005,12鄰,全天路,,252巷,,,,50號,120.86912952696,24.675938049455
苗栗縣竹南鎮大厝里25鄰全天路376巷80號,10005,1000504,1000504-005,25鄰,全天路,,376巷,,,,80號,120.87040220454,24.67671075069
苗栗縣竹南鎮大厝里12鄰全天路97號,10005,1000504,1000504-005,12鄰,全天路,,,,,,97號,120.86630540474,24.673069653248
苗栗縣竹南鎮大厝里23鄰全天路99號,10005,1000504,1000504-005,23鄰,全天路,,,,,,99號,120.8661653192,24.673138598522
