FULL_ADDR,COUNTY,TOWN,VILLAGE,NEIGHBORHOOD,ROAD,SECTION,LANE,ALLEY,SUB_ALLEY,TONG,NUMBER,X,Y
宜蘭縣蘇澳鎮東澳里6鄰烏石鼻1號,10002,1000203,1000203-024,6鄰,烏石鼻,,,,,,1號,121.83925467802,24.482976834603
宜蘭縣蘇澳鎮東澳里6鄰烏石鼻2號,10002,1000203,1000203-024,6鄰,烏石鼻,,,,,,2號,121.83937830785,24.483038985111
宜蘭縣蘇澳鎮東澳里6鄰烏石鼻3號,10002,1000203,1000203-024,6鄰,烏石鼻,,,,,,3號,121.83917220724,24.483319377519
