FULL_ADDR,COUNTY,TOWN,VILLAGE,NEIGHBORHOOD,ROAD,SECTION,LANE,ALLEY,SUB_ALLEY,TONG,NUMBER,X,Y
彰化縣彰化市西勢里9鄰忠勢巷2號,10007,1000701,1000701-021,9鄰,忠勢巷,,,,,,2號,120.53389461661,24.084669962831
彰化縣彰化市西勢里9鄰忠勢巷4號,10007,1000701,1000701-021,9鄰,忠勢巷,,,,,,4號,120.53389752248,24.084600717126
彰化縣彰化市西勢里9鄰忠勢巷6號,10007,1000701,1000701-021,9鄰,忠勢巷,,,,,,6號,120.53389253761,24.084564945993
彰化縣彰化市西勢里9鄰忠勢巷8號,10007,1000701,1000701-021,9鄰,忠勢巷,,,,,,8號,120.53388332993,24.084527446425
彰化縣彰化市西勢里9鄰忠勢巷10號,10007,1000701,1000701-021,9鄰,忠勢巷,,,,,,10號,120.5338674906,24.084447218158
彰化縣彰化市西勢里9鄰忠勢巷12號,10007,1000701,1000701-021,9鄰,忠勢巷,,,,,,12號,120.53386339121,24.084411359429
