FULL_ADDR,COUNTY,TOWN,VILLAGE,NEIGHBORHOOD,ROAD,SECTION,LANE,ALLEY,SUB_ALLEY,TONG,NUMBER,X,Y
彰化縣鹿港鎮海埔里18鄰鹿工北三路2號,10007,1000702,1000702-026,18鄰,鹿工北三路,,,,,,2號,120.39363182027,24.077751098832
彰化縣鹿港鎮海埔里18鄰鹿工北三路6號,10007,1000702,1000702-026,18鄰,鹿工北三路,,,,,,6號,120.39454879826,24.078647081889
彰化縣鹿港鎮海埔里18鄰鹿工北三路8號,10007,1000702,1000702-026,18鄰,鹿工北三路,,,,,,8號,120.39604839751,24.082353425635
