FULL_ADDR,COUNTY,TOWN,VILLAGE,NEIGHBORHOOD,ROAD,SECTION,LANE,ALLEY,SUB_ALLEY,TONG,NUMBER,X,Y
宜蘭縣冬山鄉柯林村1鄰長春一路118巷12號,10002,1000208,1000208-023,1鄰,長春一路,,118巷,,,,12號,121.74163279725,24.689667944507
宜蘭縣冬山鄉柯林村1鄰長春一路118巷16號,10002,1000208,1000208-023,1鄰,長春一路,,118巷,,,,16號,121.74169578813,24.689475150774
宜蘭縣冬山鄉柯林村1鄰長春一路118巷18號,10002,1000208,1000208-023,1鄰,長春一路,,118巷,,,,18號,121.74180943693,24.68944344175
宜蘭縣冬山鄉柯林村1鄰長春一路118巷20號,10002,1000208,1000208-023,1鄰,長春一路,,118巷,,,,20號,121.74201809034,24.689535672544
宜蘭縣冬山鄉柯林村1鄰長春一路118巷22號,10002,1000208,1000208-023,1鄰,長春一路,,118巷,,,,22號,121.74197408393,24.689613533093
