FULL_ADDR,COUNTY,TOWN,VILLAGE,NEIGHBORHOOD,ROAD,SECTION,LANE,ALLEY,SUB_ALLEY,TONG,NUMBER,X,Y
新竹縣湖口鄉長安村9鄰長興44號,10004,1000405,1000405-009,9鄰,長興,,,,,,44號,121.09309841954,24.886277582883
新竹縣湖口鄉長安村9鄰長興50號,10004,1000405,1000405-009,9鄰,長興,,,,,,50號,121.09312997215,24.886447172837
