FULL_ADDR,COUNTY,TOWN,VILLAGE,NEIGHBORHOOD,ROAD,SECTION,LANE,ALLEY,SUB_ALLEY,TONG,NUMBER,X,Y
苗栗縣苗栗市高苗里11鄰新光街1號,10005,1000501,1000501-009,11鄰,新光街,,,,,,1號,120.81568486974,24.551409782554
苗栗縣苗栗市高苗里11鄰新光街3號,10005,1000501,1000501-009,11鄰,新光街,,,,,,3號,120.81563944705,24.551419839374
苗栗縣苗栗市高苗里11鄰新光街5號,10005,1000501,1000501-009,11鄰,新光街,,,,,,5號,120.81559075164,24.551440275403
苗栗縣苗栗市高苗里10鄰新光街6號,10005,1000501,1000501-009,10鄰,新光街,,,,,,6號,120.8155692655,24.55162001437
苗栗縣苗栗市高苗里11鄰新光街7號,10005,1000501,1000501-009,11鄰,新光街,,,,,,7號,120.81554956433,24.551456657601
