FULL_ADDR,COUNTY,TOWN,VILLAGE,NEIGHBORHOOD,ROAD,SECTION,LANE,ALLEY,SUB_ALLEY,TONG,NUMBER,X,Y
宜蘭縣三星鄉萬德村3鄰楓林六路170巷8號,10002,1000210,1000210-012,3鄰,楓林六路,,170巷,,,,8號,121.658709298,24.679588459846
宜蘭縣三星鄉萬德村3鄰楓林六路152巷10號,10002,1000210,1000210-012,3鄰,楓林六路,,152巷,,,,10號,121.65929589805,24.679732416243
宜蘭縣三星鄉萬德村3鄰楓林六路189巷11號,10002,1000210,1000210-012,3鄰,楓林六路,,189巷,,,,11號,121.65815071703,24.678927864748
宜蘭縣三星鄉萬德村3鄰楓林六路132巷12號,10002,1000210,1000210-012,3鄰,楓林六路,,132巷,,,,12號,121.6600424469,24.679777619223
宜蘭縣三星鄉萬德村3鄰楓林六路152巷16號,10002,1000210,1000210-012,3鄰,楓林六路,,152巷,,,,16號,121.65941337548,24.679749776627
宜蘭縣三星鄉萬德村3鄰楓林六路122巷26號,10002,1000210,1000210-012,3鄰,楓林六路,,122巷,,,,26號,121.6603264735,24.679936624265
宜蘭縣三星鄉萬德村3鄰楓林六路122巷28號,10002,1000210,1000210-012,3鄰,楓林六路,,122巷,,,,28號,121.6601882476,24.679919626669
宜蘭縣三星鄉萬德村3鄰楓林六路113號,10002,1000210,1000210-012,3鄰,楓林六路,,,,,,113號,121.66068330673,24.679286095125
宜蘭縣三星鄉萬德村3鄰楓林六路118號,10002,1000210,1000210-012,3鄰,楓林六路,,,,,,118號,121.66105219895,24.679442919747
