FULL_ADDR,COUNTY,TOWN,VILLAGE,NEIGHBORHOOD,ROAD,SECTION,LANE,ALLEY,SUB_ALLEY,TONG,NUMBER,X,Y
彰化縣芳苑鄉芳苑村6鄰普天街6號,10007,1000723,1000723-001,6鄰,普天街,,,,,,6號,120.31987687771,23.929194727785
彰化縣芳苑鄉芳苑村6鄰普天街12號,10007,1000723,1000723-001,6鄰,普天街,,,,,,12號,120.31969734934,23.929244135638
彰化縣芳苑鄉芳苑村6鄰普天街22號,10007,1000723,1000723-001,6鄰,普天街,,,,,,22號,120.31952294144,23.92929112806
彰化縣芳苑鄉芳苑村6鄰普天街162巷35號,10007,1000723,1000723-001,6鄰,普天街,,162巷,,,,35號,120.317493701,23.930899444066
彰化縣芳苑鄉芳苑村6鄰普天街100號,10007,1000723,1000723-001,6鄰,普天街,,,,,,100號,120.31683012245,23.929336515755
彰化縣芳苑鄉芳苑村6鄰普天街158號,10007,1000723,1000723-001,6鄰,普天街,,,,,,158號,120.31702141249,23.930524709443
