FULL_ADDR,COUNTY,TOWN,VILLAGE,NEIGHBORHOOD,ROAD,SECTION,LANE,ALLEY,SUB_ALLEY,TONG,NUMBER,X,Y
苗栗縣後龍鎮校椅里12鄰高鐵二路93號,10005,1000506,1000506-007,12鄰,高鐵二路,,,,,,93號,120.83169848143,24.610166408126
苗栗縣後龍鎮校椅里12鄰高鐵二路96號,10005,1000506,1000506-007,12鄰,高鐵二路,,,,,,96號,120.83173408592,24.61027578704
