FULL_ADDR,COUNTY,TOWN,VILLAGE,NEIGHBORHOOD,ROAD,SECTION,LANE,ALLEY,SUB_ALLEY,TONG,NUMBER,X,Y
苗栗縣獅潭鄉百壽村13鄰大銑櫃8號,10005,1000517,1000517-001,13鄰,大銑櫃,,,,,,8號,120.96156893878,24.576900791744
苗栗縣獅潭鄉百壽村13鄰大銑櫃11號,10005,1000517,1000517-001,13鄰,大銑櫃,,,,,,11號,120.96274866967,24.576680512263
苗栗縣獅潭鄉百壽村13鄰大銑櫃12號,10005,1000517,1000517-001,13鄰,大銑櫃,,,,,,12號,120.96267190415,24.576848791805
苗栗縣獅潭鄉百壽村13鄰大銑櫃14號,10005,1000517,1000517-001,13鄰,大銑櫃,,,,,,14號,120.96387779524,24.580077455669
苗栗縣獅潭鄉百壽村13鄰大銑櫃18號,10005,1000517,1000517-001,13鄰,大銑櫃,,,,,,18號,120.96345508621,24.581851349403
