FULL_ADDR,COUNTY,TOWN,VILLAGE,NEIGHBORHOOD,ROAD,SECTION,LANE,ALLEY,SUB_ALLEY,TONG,NUMBER,X,Y
宜蘭縣宜蘭市南津里13鄰宜科路2號,10002,1000201,1000201-011,13鄰,宜科路,,,,,,2號,121.76121491694,24.737315964662
宜蘭縣宜蘭市南津里13鄰宜科路12號,10002,1000201,1000201-011,13鄰,宜科路,,,,,,12號,121.76085695183,24.737410952695
宜蘭縣宜蘭市南津里13鄰宜科路43號,10002,1000201,1000201-011,13鄰,宜科路,,,,,,43號,121.76036795373,24.736440918134
