FULL_ADDR,COUNTY,TOWN,VILLAGE,NEIGHBORHOOD,ROAD,SECTION,LANE,ALLEY,SUB_ALLEY,TONG,NUMBER,X,Y
雲林縣麥寮鄉海豐村9鄰豐安90號,10009,1000913,1000913-007,9鄰,豐安,,,,,,90號,120.24640110824,23.767841780388
雲林縣麥寮鄉海豐村9鄰豐安100之10號,10009,1000913,1000913-007,9鄰,豐安,,,,,,100之10號,120.24646321794,23.772381193354
雲林縣麥寮鄉海豐村9鄰豐安112號,10009,1000913,1000913-007,9鄰,豐安,,,,,,112號,120.24643245531,23.773214801072
