FULL_ADDR,COUNTY,TOWN,VILLAGE,NEIGHBORHOOD,ROAD,SECTION,LANE,ALLEY,SUB_ALLEY,TONG,NUMBER,X,Y
雲林縣虎尾鎮平和里8鄰大成十九街2號,10009,1000903,1000903-008,8鄰,大成十九街,,,,,,2號,120.44950998129,23.708539427599
雲林縣虎尾鎮平和里8鄰大成十九街6號,10009,1000903,1000903-008,8鄰,大成十九街,,,,,,6號,120.44953274059,23.708490748524
雲林縣虎尾鎮平和里9鄰大成十九街17號,10009,1000903,1000903-008,9鄰,大成十九街,,,,,,17號,120.44976938036,23.708364967498
雲林縣虎尾鎮平和里9鄰大成十九街19號,10009,1000903,1000903-008,9鄰,大成十九街,,,,,,19號,120.4497851132,23.708326800985
雲林縣虎尾鎮平和里9鄰大成十九街21號,10009,1000903,1000903-008,9鄰,大成十九街,,,,,,21號,120.44980346498,23.70828147425
雲林縣虎尾鎮平和里9鄰大成十九街23號,10009,1000903,1000903-008,9鄰,大成十九街,,,,,,23號,120.44981921806,23.708236138273
雲林縣虎尾鎮平和里9鄰大成十九街25號,10009,1000903,1000903-008,9鄰,大成十九街,,,,,,25號,120.4498349609,23.708195578936
