FULL_ADDR,COUNTY,TOWN,VILLAGE,NEIGHBORHOOD,ROAD,SECTION,LANE,ALLEY,SUB_ALLEY,TONG,NUMBER,X,Y
宜蘭縣冬山鄉太和村1鄰上河路18號,10002,1000208,1000208-011,1鄰,上河路,,,,,,18號,121.78560146694,24.639209504424
宜蘭縣冬山鄉太和村1鄰上河路22號,10002,1000208,1000208-011,1鄰,上河路,,,,,,22號,121.78554312923,24.639136770603
宜蘭縣冬山鄉太和村1鄰上河路28號,10002,1000208,1000208-011,1鄰,上河路,,,,,,28號,121.78512440235,24.639039556581
宜蘭縣冬山鄉太和村1鄰上河路46號,10002,1000208,1000208-011,1鄰,上河路,,,,,,46號,121.78489344783,24.638151749426
宜蘭縣冬山鄉太和村4鄰上河路76號,10002,1000208,1000208-011,4鄰,上河路,,,,,,76號,121.78468240039,24.637635621775
