FULL_ADDR,COUNTY,TOWN,VILLAGE,NEIGHBORHOOD,ROAD,SECTION,LANE,ALLEY,SUB_ALLEY,TONG,NUMBER,X,Y
彰化縣二林鎮西平里7鄰西和一街65號,10007,1000720,1000720-003,7鄰,西和一街,,,,,,65號,120.36206970597,23.897339170943
彰化縣二林鎮西平里7鄰西和一街137號,10007,1000720,1000720-003,7鄰,西和一街,,,,,,137號,120.36234877831,23.898460785385
彰化縣二林鎮西平里7鄰西和一街155號,10007,1000720,1000720-003,7鄰,西和一街,,,,,,155號,120.36244198199,23.898906398429
彰化縣二林鎮西平里7鄰西和一街236號,10007,1000720,1000720-003,7鄰,西和一街,,,,,,236號,120.36261722577,23.899078230292
