FULL_ADDR,COUNTY,TOWN,VILLAGE,NEIGHBORHOOD,ROAD,SECTION,LANE,ALLEY,SUB_ALLEY,TONG,NUMBER,X,Y
南投縣埔里鎮東門里21鄰永吉巷1號,10008,1000802,1000802-001,21鄰,永吉巷,,,,,,1號,120.97256698995,23.963734180385
南投縣埔里鎮東門里21鄰永吉巷3號,10008,1000802,1000802-001,21鄰,永吉巷,,,,,,3號,120.97256678544,23.963771924161
南投縣埔里鎮東門里21鄰永吉巷4號,10008,1000802,1000802-001,21鄰,永吉巷,,,,,,4號,120.97234166824,23.96378082309
南投縣埔里鎮東門里21鄰永吉巷5號,10008,1000802,1000802-001,21鄰,永吉巷,,,,,,5號,120.97257021696,23.963807862662
南投縣埔里鎮東門里21鄰永吉巷6號,10008,1000802,1000802-001,21鄰,永吉巷,,,,,,6號,120.9723445101,23.963816942083
南投縣埔里鎮東門里21鄰永吉巷7號,10008,1000802,1000802-001,21鄰,永吉巷,,,,,,7號,120.97257276433,23.963842898044
南投縣埔里鎮東門里21鄰永吉巷8號,10008,1000802,1000802-001,21鄰,永吉巷,,,,,,8號,120.97234735193,23.963853151371
南投縣埔里鎮東門里21鄰永吉巷10號,10008,1000802,1000802-001,21鄰,永吉巷,,,,,,10號,120.97235510691,23.963888910064
