FULL_ADDR,COUNTY,TOWN,VILLAGE,NEIGHBORHOOD,ROAD,SECTION,LANE,ALLEY,SUB_ALLEY,TONG,NUMBER,X,Y
苗栗縣造橋鄉談文村5鄰育英六街1號,10005,1000515,1000515-008,5鄰,育英六街,,,,,,1號,120.8425760475,24.648067482105
苗栗縣造橋鄉談文村5鄰育英六街2號,10005,1000515,1000515-008,5鄰,育英六街,,,,,,2號,120.84254902897,24.648343012326
苗栗縣造橋鄉談文村5鄰育英六街3號,10005,1000515,1000515-008,5鄰,育英六街,,,,,,3號,120.84235821016,24.648073573966
苗栗縣造橋鄉談文村5鄰育英六街5號,10005,1000515,1000515-008,5鄰,育英六街,,,,,,5號,120.84218611771,24.64807519915
苗栗縣造橋鄉談文村5鄰育英六街6號,10005,1000515,1000515-008,5鄰,育英六街,,,,,,6號,120.84234286663,24.64833448976
苗栗縣造橋鄉談文村5鄰育英六街7號,10005,1000515,1000515-008,5鄰,育英六街,,,,,,7號,120.84206361886,24.648075612223
苗栗縣造橋鄉談文村5鄰育英六街8號,10005,1000515,1000515-008,5鄰,育英六街,,,,,,8號,120.84214414304,24.64838105031
