FULL_ADDR,COUNTY,TOWN,VILLAGE,NEIGHBORHOOD,ROAD,SECTION,LANE,ALLEY,SUB_ALLEY,TONG,NUMBER,X,Y
宜蘭縣冬山鄉得安村5鄰大埤一路136巷11號,10002,1000208,1000208-020,5鄰,大埤一路,,136巷,,,,11號,121.72726794234,24.645381336368
宜蘭縣冬山鄉得安村5鄰大埤一路25號,10002,1000208,1000208-020,5鄰,大埤一路,,,,,,25號,121.72774694751,24.64894547954
宜蘭縣冬山鄉得安村5鄰大埤一路27號,10002,1000208,1000208-020,5鄰,大埤一路,,,,,,27號,121.72775220998,24.648779693952
宜蘭縣冬山鄉得安村5鄰大埤一路28號,10002,1000208,1000208-020,5鄰,大埤一路,,,,,,28號,121.72704441483,24.648693738741
宜蘭縣冬山鄉得安村5鄰大埤一路32號,10002,1000208,1000208-020,5鄰,大埤一路,,,,,,32號,121.72703706047,24.648634909605
宜蘭縣冬山鄉得安村5鄰大埤一路120號,10002,1000208,1000208-020,5鄰,大埤一路,,,,,,120號,121.7272388365,24.645830817305
宜蘭縣冬山鄉得安村5鄰大埤一路173號,10002,1000208,1000208-020,5鄰,大埤一路,,,,,,173號,121.72866704559,24.645169617923
