FULL_ADDR,COUNTY,TOWN,VILLAGE,NEIGHBORHOOD,ROAD,SECTION,LANE,ALLEY,SUB_ALLEY,TONG,NUMBER,X,Y
宜蘭縣五結鄉鎮安村14鄰西河路向陽新?11號,10002,1000209,1000209-003,14鄰,西河路向陽新?,,,,,,11號,121.76720926477,24.705016941686
宜蘭縣五結鄉鎮安村14鄰西河路向陽新?23號,10002,1000209,1000209-003,14鄰,西河路向陽新?,,,,,,23號,121.76722319988,24.704887947615
宜蘭縣五結鄉鎮安村14鄰西河路向陽新?29號,10002,1000209,1000209-003,14鄰,西河路向陽新?,,,,,,29號,121.76729731679,24.704725963707
