FULL_ADDR,COUNTY,TOWN,VILLAGE,NEIGHBORHOOD,ROAD,SECTION,LANE,ALLEY,SUB_ALLEY,TONG,NUMBER,X,Y
彰化縣員林鎮萬年里21鄰萬年七街15號,10007,1000710,1000710-024,21鄰,萬年七街,,,,,,15號,120.5798322279,23.951790271864
彰化縣員林鎮萬年里21鄰萬年七街17號,10007,1000710,1000710-024,21鄰,萬年七街,,,,,,17號,120.57989964394,23.95181546794
