FULL_ADDR,COUNTY,TOWN,VILLAGE,NEIGHBORHOOD,ROAD,SECTION,LANE,ALLEY,SUB_ALLEY,TONG,NUMBER,X,Y
彰化縣大城鄉東城村9鄰潭墘路3號,10007,1000724,1000724-003,9鄰,潭墘路,,,,,,3號,120.32719552398,23.847524049354
彰化縣大城鄉東城村9鄰潭墘路5號,10007,1000724,1000724-003,9鄰,潭墘路,,,,,,5號,120.3270126583,23.847652902902
彰化縣大城鄉東城村9鄰潭墘路2巷43號,10007,1000724,1000724-003,9鄰,潭墘路,,2巷,,,,43號,120.32400852085,23.847255137644
彰化縣大城鄉山腳村1鄰潭墘路719號,10007,1000724,1000724-007,1鄰,潭墘路,,,,,,719號,120.33463533107,23.843117829926
