FULL_ADDR,COUNTY,TOWN,VILLAGE,NEIGHBORHOOD,ROAD,SECTION,LANE,ALLEY,SUB_ALLEY,TONG,NUMBER,X,Y
新竹縣北埔鄉外坪村5鄰內大坪16號,10004,1000409,1000409-009,5鄰,內大坪,,,,,,16號,121.06997571624,24.651528482543
新竹縣北埔鄉外坪村5鄰內大坪27號,10004,1000409,1000409-009,5鄰,內大坪,,,,,,27號,121.06768444853,24.649774685127
