FULL_ADDR,COUNTY,TOWN,VILLAGE,NEIGHBORHOOD,ROAD,SECTION,LANE,ALLEY,SUB_ALLEY,TONG,NUMBER,X,Y
宜蘭縣冬山鄉柯林村5鄰光華六路9號,10002,1000208,1000208-023,5鄰,光華六路,,,,,,9號,121.74240961415,24.680328967996
宜蘭縣冬山鄉柯林村4鄰光華六路62號,10002,1000208,1000208-023,4鄰,光華六路,,,,,,62號,121.74129663576,24.681683922165
宜蘭縣冬山鄉柯林村4鄰光華六路67號,10002,1000208,1000208-023,4鄰,光華六路,,,,,,67號,121.74106320292,24.681710082674
宜蘭縣冬山鄉柯林村4鄰光華六路71號,10002,1000208,1000208-023,4鄰,光華六路,,,,,,71號,121.7409805898,24.681809079085
