FULL_ADDR,COUNTY,TOWN,VILLAGE,NEIGHBORHOOD,ROAD,SECTION,LANE,ALLEY,SUB_ALLEY,TONG,NUMBER,X,Y
南投縣集集鎮林尾里8鄰舘前路88號,10008,1000805,1000805-003,8鄰,舘前路,,,,,,88號,120.77376496931,23.828131901682
南投縣集集鎮林尾里8鄰舘前路96號,10008,1000805,1000805-003,8鄰,舘前路,,,,,,96號,120.77345188975,23.827654491463
南投縣集集鎮林尾里1鄰舘前路131號,10008,1000805,1000805-003,1鄰,舘前路,,,,,,131號,120.7724307718,23.827815522765
南投縣集集鎮林尾里1鄰舘前路131之1號,10008,1000805,1000805-003,1鄰,舘前路,,,,,,131之1號,120.77292523954,23.827900589554
