FULL_ADDR,COUNTY,TOWN,VILLAGE,NEIGHBORHOOD,ROAD,SECTION,LANE,ALLEY,SUB_ALLEY,TONG,NUMBER,X,Y
宜蘭縣三星鄉萬德村2鄰楓林七路92巷18號,10002,1000210,1000210-012,2鄰,楓林七路,,92巷,,,,18號,121.66260339876,24.679178865099
宜蘭縣三星鄉萬德村3鄰楓林七路112號,10002,1000210,1000210-012,3鄰,楓林七路,,,,,,112號,121.6602375564,24.678587904856
宜蘭縣三星鄉萬德村5鄰楓林七路149號,10002,1000210,1000210-012,5鄰,楓林七路,,,,,,149號,121.65584650539,24.678232828642
宜蘭縣三星鄉萬德村5鄰楓林七路152號,10002,1000210,1000210-012,5鄰,楓林七路,,,,,,152號,121.65710177051,24.678119542652
宜蘭縣三星鄉萬德村5鄰楓林七路163號,10002,1000210,1000210-012,5鄰,楓林七路,,,,,,163號,121.65511191734,24.678413532894
宜蘭縣三星鄉萬德村5鄰楓林七路165號,10002,1000210,1000210-012,5鄰,楓林七路,,,,,,165號,121.654786,24.678423711799
