FULL_ADDR,COUNTY,TOWN,VILLAGE,NEIGHBORHOOD,ROAD,SECTION,LANE,ALLEY,SUB_ALLEY,TONG,NUMBER,X,Y
南投縣南投市營北里2鄰學府七街22號,10008,1000801,1000801-027,2鄰,學府七街,,,,,,22號,120.68597207452,23.954031943318
南投縣南投市營北里2鄰學府七街26號,10008,1000801,1000801-027,2鄰,學府七街,,,,,,26號,120.68590716481,23.954017453591
南投縣南投市營北里2鄰學府七街28號,10008,1000801,1000801-027,2鄰,學府七街,,,,,,28號,120.6858473699,23.954000626621
南投縣南投市營北里2鄰學府七街30號,10008,1000801,1000801-027,2鄰,學府七街,,,,,,30號,120.68579023371,23.953981367091
南投縣南投市營北里2鄰學府七街32號,10008,1000801,1000801-027,2鄰,學府七街,,,,,,32號,120.68574092858,23.953974132857
南投縣南投市營北里2鄰學府七街36號,10008,1000801,1000801-027,2鄰,學府七街,,,,,,36號,120.68569409135,23.953962118001
南投縣南投市營北里2鄰學府七街38號,10008,1000801,1000801-027,2鄰,學府七街,,,,,,38號,120.68564471425,23.95394404814
