FULL_ADDR,COUNTY,TOWN,VILLAGE,NEIGHBORHOOD,ROAD,SECTION,LANE,ALLEY,SUB_ALLEY,TONG,NUMBER,X,Y
南投縣竹山鎮大鞍里11鄰坪林巷60之2號,10008,1000804,1000804-019,11鄰,坪林巷,,,,,,60之2號,120.7315579242,23.620008409054
南投縣竹山鎮大鞍里11鄰坪林巷61之3號,10008,1000804,1000804-019,11鄰,坪林巷,,,,,,61之3號,120.73321296885,23.613430408787
