FULL_ADDR,COUNTY,TOWN,VILLAGE,NEIGHBORHOOD,ROAD,SECTION,LANE,ALLEY,SUB_ALLEY,TONG,NUMBER,X,Y
宜蘭縣三星鄉尚武村1鄰尚大路79號,10002,1000210,1000210-016,1鄰,尚大路,,,,,,79號,121.72352435571,24.697952814527
宜蘭縣三星鄉尚武村1鄰尚大路96號,10002,1000210,1000210-016,1鄰,尚大路,,,,,,96號,121.72299937605,24.698118846426
宜蘭縣三星鄉尚武村1鄰尚大路99號,10002,1000210,1000210-016,1鄰,尚大路,,,,,,99號,121.72207828797,24.697458167389
宜蘭縣三星鄉尚武村1鄰尚大路127號,10002,1000210,1000210-016,1鄰,尚大路,,,,,,127號,121.72059344227,24.697160869903
宜蘭縣三星鄉尚武村1鄰尚大路129號,10002,1000210,1000210-016,1鄰,尚大路,,,,,,129號,121.72046485158,24.697088267853
宜蘭縣三星鄉尚武村1鄰尚大路171號,10002,1000210,1000210-016,1鄰,尚大路,,,,,,171號,121.71864725429,24.696425006379
宜蘭縣三星鄉尚武村1鄰尚大路173號,10002,1000210,1000210-016,1鄰,尚大路,,,,,,173號,121.71864721258,24.696641685391
宜蘭縣三星鄉尚武村1鄰尚大路190號,10002,1000210,1000210-016,1鄰,尚大路,,,,,,190號,121.71952261988,24.697130164805
宜蘭縣三星鄉尚武村1鄰尚大路192號,10002,1000210,1000210-016,1鄰,尚大路,,,,,,192號,121.71945111595,24.697120576456
