FULL_ADDR,COUNTY,TOWN,VILLAGE,NEIGHBORHOOD,ROAD,SECTION,LANE,ALLEY,SUB_ALLEY,TONG,NUMBER,X,Y
雲林縣褒忠鄉田洋村14鄰龍岩農場路15號,10009,1000915,1000915-007,14鄰,龍岩農場路,,,,,,15號,120.30867395575,23.724810783703
雲林縣褒忠鄉田洋村14鄰龍岩農場路16號,10009,1000915,1000915-007,14鄰,龍岩農場路,,,,,,16號,120.30874358608,23.725127667543
雲林縣褒忠鄉田洋村14鄰龍岩農場路26號,10009,1000915,1000915-007,14鄰,龍岩農場路,,,,,,26號,120.30869047707,23.725360299762
