FULL_ADDR,COUNTY,TOWN,VILLAGE,NEIGHBORHOOD,ROAD,SECTION,LANE,ALLEY,SUB_ALLEY,TONG,NUMBER,X,Y
新竹縣湖口鄉鳳凰村28鄰中番子湖37號,10004,1000405,1000405-014,28鄰,中番子湖,,,,,,37號,121.02552025498,24.876135777811
新竹縣湖口鄉鳳凰村28鄰中番子湖60號,10004,1000405,1000405-014,28鄰,中番子湖,,,,,,60號,121.02632281388,24.876711496291
新竹縣湖口鄉鳳凰村28鄰中番子湖72號,10004,1000405,1000405-014,28鄰,中番子湖,,,,,,72號,121.02679169781,24.877136701849
