FULL_ADDR,COUNTY,TOWN,VILLAGE,NEIGHBORHOOD,ROAD,SECTION,LANE,ALLEY,SUB_ALLEY,TONG,NUMBER,X,Y
苗栗縣竹南鎮崎頂里16鄰和義街5號,10005,1000504,1000504-021,16鄰,和義街,,,,,,5號,120.87665839248,24.713824399279
苗栗縣竹南鎮崎頂里15鄰和義街6號,10005,1000504,1000504-021,15鄰,和義街,,,,,,6號,120.87656472311,24.714393582689
苗栗縣竹南鎮崎頂里15鄰和義街8號,10005,1000504,1000504-021,15鄰,和義街,,,,,,8號,120.87630339816,24.714081786521
苗栗縣竹南鎮崎頂里15鄰和義街12號,10005,1000504,1000504-021,15鄰,和義街,,,,,,12號,120.87594857092,24.713570648867
