FULL_ADDR,COUNTY,TOWN,VILLAGE,NEIGHBORHOOD,ROAD,SECTION,LANE,ALLEY,SUB_ALLEY,TONG,NUMBER,X,Y
苗栗縣竹南鎮新南里6鄰新平街30號,10005,1000504,1000504-004,6鄰,新平街,,,,,,30號,120.88310934689,24.685542452609
苗栗縣竹南鎮新南里6鄰新平街55號,10005,1000504,1000504-004,6鄰,新平街,,,,,,55號,120.8827703687,24.685257963278
