FULL_ADDR,COUNTY,TOWN,VILLAGE,NEIGHBORHOOD,ROAD,SECTION,LANE,ALLEY,SUB_ALLEY,TONG,NUMBER,X,Y
宜蘭縣三星鄉行健村6鄰林舍路22巷7號,10002,1000210,1000210-011,6鄰,林舍路,,22巷,,,,7號,121.69101432641,24.676906049764
宜蘭縣三星鄉行健村6鄰林舍路22巷9號,10002,1000210,1000210-011,6鄰,林舍路,,22巷,,,,9號,121.69108689306,24.676931627201
宜蘭縣三星鄉行健村6鄰林舍路11號,10002,1000210,1000210-011,6鄰,林舍路,,,,,,11號,121.69059358409,24.676525454164
宜蘭縣三星鄉行健村6鄰林舍路16號,10002,1000210,1000210-011,6鄰,林舍路,,,,,,16號,121.69086448278,24.676555897742
宜蘭縣三星鄉大義村12鄰林舍路109巷12號,10002,1000210,1000210-015,12鄰,林舍路,,109巷,,,,12號,121.69008735978,24.680647864648
宜蘭縣三星鄉大義村12鄰林舍路109巷16號,10002,1000210,1000210-015,12鄰,林舍路,,109巷,,,,16號,121.68982060741,24.680672202806
宜蘭縣三星鄉大義村11鄰林舍路71號,10002,1000210,1000210-015,11鄰,林舍路,,,,,,71號,121.69043336528,24.678938292927
