FULL_ADDR,COUNTY,TOWN,VILLAGE,NEIGHBORHOOD,ROAD,SECTION,LANE,ALLEY,SUB_ALLEY,TONG,NUMBER,X,Y
南投縣集集鎮吳厝里5鄰吳厝巷6號,10008,1000805,1000805-007,5鄰,吳厝巷,,,,,,6號,120.78835705692,23.828284910021
南投縣集集鎮吳厝里5鄰吳厝巷7號,10008,1000805,1000805-007,5鄰,吳厝巷,,,,,,7號,120.78825278213,23.828424998667
南投縣集集鎮吳厝里5鄰吳厝巷8號,10008,1000805,1000805-007,5鄰,吳厝巷,,,,,,8號,120.78838516512,23.828444865266
