FULL_ADDR,COUNTY,TOWN,VILLAGE,NEIGHBORHOOD,ROAD,SECTION,LANE,ALLEY,SUB_ALLEY,TONG,NUMBER,X,Y
苗栗縣頭份鎮頭份里13鄰翰林別莊1號,10005,1000505,1000505-008,13鄰,翰林別莊,,,,,,1號,120.9121193255,24.687106331458
苗栗縣頭份鎮頭份里13鄰翰林別莊2號,10005,1000505,1000505-008,13鄰,翰林別莊,,,,,,2號,120.91217405493,24.687130289679
苗栗縣頭份鎮頭份里13鄰翰林別莊3號,10005,1000505,1000505-008,13鄰,翰林別莊,,,,,,3號,120.9122286855,24.687154338109
苗栗縣頭份鎮頭份里13鄰翰林別莊5號,10005,1000505,1000505-008,13鄰,翰林別莊,,,,,,5號,120.91228193286,24.687178024562
苗栗縣頭份鎮頭份里13鄰翰林別莊6號,10005,1000505,1000505-008,13鄰,翰林別莊,,,,,,6號,120.91233666236,24.687201982723
苗栗縣頭份鎮頭份里13鄰翰林別莊7號,10005,1000505,1000505-008,13鄰,翰林別莊,,,,,,7號,120.91239129299,24.687226031094
苗栗縣頭份鎮頭份里13鄰翰林別莊8號,10005,1000505,1000505-008,13鄰,翰林別莊,,,,,,8號,120.91244592371,24.687249989158
苗栗縣頭份鎮頭份里13鄰翰林別莊9號,10005,1000505,1000505-008,13鄰,翰林別莊,,,,,,9號,120.91250065321,24.687274037547
