FULL_ADDR,COUNTY,TOWN,VILLAGE,NEIGHBORHOOD,ROAD,SECTION,LANE,ALLEY,SUB_ALLEY,TONG,NUMBER,X,Y
南投縣竹山鎮中山里21鄰益民路6號,10008,1000804,1000804-003,21鄰,益民路,,,,,,6號,120.67965766533,23.753366072854
南投縣竹山鎮中山里21鄰益民路36號,10008,1000804,1000804-003,21鄰,益民路,,,,,,36號,120.67989800796,23.752766271642
南投縣竹山鎮中山里21鄰益民路50號,10008,1000804,1000804-003,21鄰,益民路,,,,,,50號,120.68005616473,23.752517828925
