FULL_ADDR,COUNTY,TOWN,VILLAGE,NEIGHBORHOOD,ROAD,SECTION,LANE,ALLEY,SUB_ALLEY,TONG,NUMBER,X,Y
彰化縣二水鄉過圳村1鄰過圳巷7號,10007,1000718,1000718-003,1鄰,過圳巷,,,,,,7號,120.61150233823,23.817972377528
彰化縣二水鄉過圳村1鄰過圳巷8號,10007,1000718,1000718-003,1鄰,過圳巷,,,,,,8號,120.61143258303,23.818325360462
彰化縣二水鄉五伯村1鄰過圳巷1號,10007,1000718,1000718-004,1鄰,過圳巷,,,,,,1號,120.61239188118,23.817054259535
彰化縣二水鄉五伯村1鄰過圳巷2號,10007,1000718,1000718-004,1鄰,過圳巷,,,,,,2號,120.61183394688,23.817182883246
彰化縣二水鄉五伯村2鄰過圳巷2號,10007,1000718,1000718-004,2鄰,過圳巷,,,,,,2號,120.61183394688,23.817182883246
彰化縣二水鄉五伯村1鄰過圳巷3號,10007,1000718,1000718-004,1鄰,過圳巷,,,,,,3號,120.61199763676,23.817361937801
彰化縣二水鄉五伯村2鄰過圳巷4號,10007,1000718,1000718-004,2鄰,過圳巷,,,,,,4號,120.61193767178,23.817396957417
彰化縣二水鄉五伯村2鄰過圳巷5號,10007,1000718,1000718-004,2鄰,過圳巷,,,,,,5號,120.61179670353,23.817257437636
