FULL_ADDR,COUNTY,TOWN,VILLAGE,NEIGHBORHOOD,ROAD,SECTION,LANE,ALLEY,SUB_ALLEY,TONG,NUMBER,X,Y
彰化縣大城鄉西港村6鄰宮南巷1號,10007,1000724,1000724-013,6鄰,宮南巷,,,,,,1號,120.28902978108,23.863923227866
彰化縣大城鄉西港村6鄰宮南巷4號,10007,1000724,1000724-013,6鄰,宮南巷,,,,,,4號,120.28911375527,23.864099370248
彰化縣大城鄉西港村3鄰宮南巷5號,10007,1000724,1000724-013,3鄰,宮南巷,,,,,,5號,120.28952896264,23.864053819667
