FULL_ADDR,COUNTY,TOWN,VILLAGE,NEIGHBORHOOD,ROAD,SECTION,LANE,ALLEY,SUB_ALLEY,TONG,NUMBER,X,Y
苗栗縣大湖鄉義和村4鄰石屋1號,10005,1000508,1000508-008,4鄰,石屋,,,,,,1號,120.87017710276,24.394502232766
苗栗縣大湖鄉義和村4鄰石屋3號,10005,1000508,1000508-008,4鄰,石屋,,,,,,3號,120.87246997198,24.393677927879
苗栗縣大湖鄉義和村4鄰石屋4號,10005,1000508,1000508-008,4鄰,石屋,,,,,,4號,120.87273980643,24.393094513946
苗栗縣大湖鄉義和村4鄰石屋5號,10005,1000508,1000508-008,4鄰,石屋,,,,,,5號,120.87206556372,24.392493962453
苗栗縣大湖鄉義和村4鄰石屋7號,10005,1000508,1000508-008,4鄰,石屋,,,,,,7號,120.87132514762,24.392114384078
苗栗縣大湖鄉義和村4鄰石屋8號,10005,1000508,1000508-008,4鄰,石屋,,,,,,8號,120.87225106299,24.391853233562
苗栗縣大湖鄉義和村4鄰石屋9號,10005,1000508,1000508-008,4鄰,石屋,,,,,,9號,120.87258091933,24.390498785186
苗栗縣大湖鄉義和村4鄰石屋10號,10005,1000508,1000508-008,4鄰,石屋,,,,,,10號,120.87385063599,24.390792571248
苗栗縣大湖鄉義和村4鄰石屋11號,10005,1000508,1000508-008,4鄰,石屋,,,,,,11號,120.87508385078,24.390715852568
