FULL_ADDR,COUNTY,TOWN,VILLAGE,NEIGHBORHOOD,ROAD,SECTION,LANE,ALLEY,SUB_ALLEY,TONG,NUMBER,X,Y
新竹縣尖石鄉秀巒村13鄰栗園1號,10004,1000412,1000412-007,13鄰,栗園,,,,,,1號,121.26683142044,24.588457090037
新竹縣尖石鄉秀巒村13鄰栗園2號,10004,1000412,1000412-007,13鄰,栗園,,,,,,2號,121.26679916308,24.588956422568
新竹縣尖石鄉秀巒村13鄰栗園3號,10004,1000412,1000412-007,13鄰,栗園,,,,,,3號,121.26694825626,24.589036776622
新竹縣尖石鄉秀巒村13鄰栗園3之2號,10004,1000412,1000412-007,13鄰,栗園,,,,,,3之2號,121.26564894486,24.588370824654
新竹縣尖石鄉秀巒村13鄰栗園4號,10004,1000412,1000412-007,13鄰,栗園,,,,,,4號,121.26704640799,24.589126186485
新竹縣尖石鄉秀巒村13鄰栗園6之1號,10004,1000412,1000412-007,13鄰,栗園,,,,,,6之1號,121.25792607954,24.588913411211
新竹縣尖石鄉秀巒村13鄰栗園6之2號,10004,1000412,1000412-007,13鄰,栗園,,,,,,6之2號,121.2566534347,24.588827491434
