FULL_ADDR,COUNTY,TOWN,VILLAGE,NEIGHBORHOOD,ROAD,SECTION,LANE,ALLEY,SUB_ALLEY,TONG,NUMBER,X,Y
彰化縣伸港鄉溪底村14鄰文工八街42號,10007,1000705,1000705-004,14鄰,文工八街,,,,,,42號,120.50452708176,24.173609605387
彰化縣伸港鄉溪底村14鄰文工八街46號,10007,1000705,1000705-004,14鄰,文工八街,,,,,,46號,120.50455079028,24.17376525462
彰化縣伸港鄉溪底村14鄰文工八街46之2號,10007,1000705,1000705-004,14鄰,文工八街,,,,,,46之2號,120.50452110521,24.173679110404
彰化縣伸港鄉溪底村14鄰文工八街56號,10007,1000705,1000705-004,14鄰,文工八街,,,,,,56號,120.50446456764,24.17335947547
彰化縣伸港鄉溪底村14鄰文工八街61號,10007,1000705,1000705-004,14鄰,文工八街,,,,,,61號,120.50485661254,24.174189534279
