FULL_ADDR,COUNTY,TOWN,VILLAGE,NEIGHBORHOOD,ROAD,SECTION,LANE,ALLEY,SUB_ALLEY,TONG,NUMBER,X,Y
彰化縣溪州鄉水尾村3鄰村中一巷1號,10007,1000726,1000726-004,3鄰,村中一巷,,,,,,1號,120.46999668425,23.830410807289
彰化縣溪州鄉水尾村6鄰村中一巷2號,10007,1000726,1000726-004,6鄰,村中一巷,,,,,,2號,120.46937112731,23.830469062711
彰化縣溪州鄉水尾村6鄰村中一巷2之1號,10007,1000726,1000726-004,6鄰,村中一巷,,,,,,2之1號,120.46974447402,23.830168201761
彰化縣溪州鄉水尾村6鄰村中一巷3號,10007,1000726,1000726-004,6鄰,村中一巷,,,,,,3號,120.46914273436,23.830030263633
彰化縣溪州鄉水尾村6鄰村中一巷4號,10007,1000726,1000726-004,6鄰,村中一巷,,,,,,4號,120.46932838159,23.83013324335
彰化縣溪州鄉水尾村9鄰村中一巷5號,10007,1000726,1000726-004,9鄰,村中一巷,,,,,,5號,120.46879788197,23.82992850496
