FULL_ADDR,COUNTY,TOWN,VILLAGE,NEIGHBORHOOD,ROAD,SECTION,LANE,ALLEY,SUB_ALLEY,TONG,NUMBER,X,Y
苗栗縣竹南鎮頂埔里10鄰科東二路52號,10005,1000504,1000504-020,10鄰,科東二路,,,,,,52號,120.91835465467,24.70577253511
苗栗縣頭份鎮山下里1鄰科東二路2號,10005,1000505,1000505-016,1鄰,科東二路,,,,,,2號,120.92071191775,24.702560021082
