FULL_ADDR,COUNTY,TOWN,VILLAGE,NEIGHBORHOOD,ROAD,SECTION,LANE,ALLEY,SUB_ALLEY,TONG,NUMBER,X,Y
彰化縣大村鄉美港村12鄰中山一段115巷4號,10007,1000713,1000713-007,12鄰,中,山一段,115巷,,,,4號,120.5712368642,23.977152810939
彰化縣溪州鄉張厝村2鄰中央一段36巷6號,10007,1000726,1000726-010,2鄰,中,央一段,36巷,,,,6號,120.51471846817,23.816623158193
彰化縣溪州鄉張厝村3鄰中央一段27巷9號,10007,1000726,1000726-010,3鄰,中,央一段,27巷,,,,9號,120.51401335885,23.816443867916
