FULL_ADDR,COUNTY,TOWN,VILLAGE,NEIGHBORHOOD,ROAD,SECTION,LANE,ALLEY,SUB_ALLEY,TONG,NUMBER,X,Y
雲林縣斗六市虎溪里26鄰科工十八路8號,10009,1000901,1000901-023,26鄰,科工十八路,,,,,,8號,120.51243412033,23.712951445104
雲林縣斗六市虎溪里24鄰科工十八路16號,10009,1000901,1000901-023,24鄰,科工十八路,,,,,,16號,120.51168777462,23.716912763824
雲林縣斗六市虎溪里26鄰科工十八路28號,10009,1000901,1000901-023,26鄰,科工十八路,,,,,,28號,120.5107628397,23.711999587304
