FULL_ADDR,COUNTY,TOWN,VILLAGE,NEIGHBORHOOD,ROAD,SECTION,LANE,ALLEY,SUB_ALLEY,TONG,NUMBER,X,Y
宜蘭縣羅東鎮南昌里16鄰勝利街2號,10002,1000202,1000202-008,16鄰,勝利街,,,,,,2號,121.77250554504,24.669728241569
宜蘭縣羅東鎮南昌里16鄰勝利街4號,10002,1000202,1000202-008,16鄰,勝利街,,,,,,4號,121.77246728325,24.669724014493
宜蘭縣羅東鎮南昌里16鄰勝利街12號,10002,1000202,1000202-008,16鄰,勝利街,,,,,,12號,121.77230983364,24.669714170756
宜蘭縣羅東鎮南昌里16鄰勝利街16號,10002,1000202,1000202-008,16鄰,勝利街,,,,,,16號,121.77217383779,24.66967451365
宜蘭縣羅東鎮南昌里16鄰勝利街16之1號,10002,1000202,1000202-008,16鄰,勝利街,,,,,,16之1號,121.77217383779,24.66967451365
宜蘭縣羅東鎮南昌里16鄰勝利街16之2號,10002,1000202,1000202-008,16鄰,勝利街,,,,,,16之2號,121.77217383779,24.66967451365
宜蘭縣羅東鎮南昌里16鄰勝利街16之3號,10002,1000202,1000202-008,16鄰,勝利街,,,,,,16之3號,121.77217383779,24.66967451365
宜蘭縣羅東鎮南昌里16鄰勝利街18號,10002,1000202,1000202-008,16鄰,勝利街,,,,,,18號,121.7720243936,24.669665079872
宜蘭縣羅東鎮南昌里16鄰勝利街20號,10002,1000202,1000202-008,16鄰,勝利街,,,,,,20號,121.77198111243,24.669631897806
