FULL_ADDR,COUNTY,TOWN,VILLAGE,NEIGHBORHOOD,ROAD,SECTION,LANE,ALLEY,SUB_ALLEY,TONG,NUMBER,X,Y
雲林縣斗六市明德里11鄰棒球七街18號,10009,1000901,1000901-037,11鄰,棒球七街,,,,,,18號,120.53786794717,23.720755227324
雲林縣斗六市明德里11鄰棒球七街20號,10009,1000901,1000901-037,11鄰,棒球七街,,,,,,20號,120.53781359154,23.720733574234
雲林縣斗六市明德里11鄰棒球七街22號,10009,1000901,1000901-037,11鄰,棒球七街,,,,,,22號,120.5377616964,23.720709490456
雲林縣斗六市明德里11鄰棒球七街26號,10009,1000901,1000901-037,11鄰,棒球七街,,,,,,26號,120.53770216801,23.720680688402
