FULL_ADDR,COUNTY,TOWN,VILLAGE,NEIGHBORHOOD,ROAD,SECTION,LANE,ALLEY,SUB_ALLEY,TONG,NUMBER,X,Y
彰化縣社頭鄉朝興村11鄰織襪一路2號,10007,1000717,1000717-006,11鄰,織襪一路,,,,,,2號,120.60269714518,23.902767578186
彰化縣社頭鄉朝興村11鄰織襪一路8號,10007,1000717,1000717-006,11鄰,織襪一路,,,,,,8號,120.60313384929,23.902558407528
彰化縣社頭鄉朝興村11鄰織襪一路12號,10007,1000717,1000717-006,11鄰,織襪一路,,,,,,12號,120.60303730706,23.901657461094
彰化縣社頭鄉朝興村11鄰織襪一路18號,10007,1000717,1000717-006,11鄰,織襪一路,,,,,,18號,120.60238257351,23.901610080396
彰化縣社頭鄉朝興村11鄰織襪一路22號,10007,1000717,1000717-006,11鄰,織襪一路,,,,,,22號,120.60183451893,23.901556110657
彰化縣社頭鄉朝興村11鄰織襪一路28號,10007,1000717,1000717-006,11鄰,織襪一路,,,,,,28號,120.60111599082,23.901590999173
彰化縣社頭鄉朝興村11鄰織襪一路32號,10007,1000717,1000717-006,11鄰,織襪一路,,,,,,32號,120.6008642533,23.902333297107
