FULL_ADDR,COUNTY,TOWN,VILLAGE,NEIGHBORHOOD,ROAD,SECTION,LANE,ALLEY,SUB_ALLEY,TONG,NUMBER,X,Y
南投縣鹿谷鄉永隆村11鄰麒麟路1號,10008,1000807,1000807-010,11鄰,麒麟路,,,,,,1號,120.77094177248,23.756346093684
南投縣鹿谷鄉永隆村11鄰麒麟路12號,10008,1000807,1000807-010,11鄰,麒麟路,,,,,,12號,120.77475921818,23.760092667244
南投縣鹿谷鄉永隆村11鄰麒麟路16號,10008,1000807,1000807-010,11鄰,麒麟路,,,,,,16號,120.77449259019,23.7604192478
南投縣鹿谷鄉永隆村7鄰麒麟路19之1號,10008,1000807,1000807-010,7鄰,麒麟路,,,,,,19之1號,120.77621985035,23.760195833326
南投縣鹿谷鄉永隆村7鄰麒麟路21之1號,10008,1000807,1000807-010,7鄰,麒麟路,,,,,,21之1號,120.77641076749,23.760137596545
南投縣鹿谷鄉永隆村7鄰麒麟路36之1號,10008,1000807,1000807-010,7鄰,麒麟路,,,,,,36之1號,120.77574240423,23.762863811385
南投縣鹿谷鄉永隆村7鄰麒麟路38之1號,10008,1000807,1000807-010,7鄰,麒麟路,,,,,,38之1號,120.77506721675,23.763265107784
南投縣鹿谷鄉永隆村7鄰麒麟路42之1號,10008,1000807,1000807-010,7鄰,麒麟路,,,,,,42之1號,120.77346159347,23.766024979414
