FULL_ADDR,COUNTY,TOWN,VILLAGE,NEIGHBORHOOD,ROAD,SECTION,LANE,ALLEY,SUB_ALLEY,TONG,NUMBER,X,Y
新竹縣湖口鄉湖口村18鄰大湖家園2號,10004,1000405,1000405-010,18鄰,大湖家園,,,,,,2號,121.05589850038,24.887825093028
新竹縣湖口鄉湖口村18鄰大湖家園4號,10004,1000405,1000405-010,18鄰,大湖家園,,,,,,4號,121.05601925318,24.887821436349
新竹縣湖口鄉湖口村18鄰大湖家園34號,10004,1000405,1000405-010,18鄰,大湖家園,,,,,,34號,121.05580572622,24.887338075413
