FULL_ADDR,COUNTY,TOWN,VILLAGE,NEIGHBORHOOD,ROAD,SECTION,LANE,ALLEY,SUB_ALLEY,TONG,NUMBER,X,Y
苗栗縣南庄鄉東河村23鄰鹿湖5號,10005,1000511,1000511-009,23鄰,鹿湖,,,,,,5號,121.0382405076,24.541429040428
苗栗縣南庄鄉東河村23鄰鹿湖6號,10005,1000511,1000511-009,23鄰,鹿湖,,,,,,6號,121.04066583912,24.537563479452
苗栗縣南庄鄉東河村23鄰鹿湖9號,10005,1000511,1000511-009,23鄰,鹿湖,,,,,,9號,121.0411756074,24.538075823677
苗栗縣南庄鄉東河村23鄰鹿湖9之1號,10005,1000511,1000511-009,23鄰,鹿湖,,,,,,9之1號,121.04076867818,24.538146811388
苗栗縣南庄鄉東河村23鄰鹿湖9之3號,10005,1000511,1000511-009,23鄰,鹿湖,,,,,,9之3號,121.0396779607,24.53736131377
苗栗縣南庄鄉東河村23鄰鹿湖9之6號,10005,1000511,1000511-009,23鄰,鹿湖,,,,,,9之6號,121.04074580565,24.538840510835
苗栗縣南庄鄉東河村23鄰鹿湖14號,10005,1000511,1000511-009,23鄰,鹿湖,,,,,,14號,121.04683357062,24.539181842819
苗栗縣南庄鄉東河村23鄰鹿湖18號,10005,1000511,1000511-009,23鄰,鹿湖,,,,,,18號,121.0482433458,24.535538221867
