FULL_ADDR,COUNTY,TOWN,VILLAGE,NEIGHBORHOOD,ROAD,SECTION,LANE,ALLEY,SUB_ALLEY,TONG,NUMBER,X,Y
彰化縣伸港鄉什股村11鄰什股十一街45號,10007,1000705,1000705-011,11鄰,什股十一街,,,,,,45號,120.48401450884,24.162533712848
彰化縣伸港鄉什股村11鄰什股十一街47號,10007,1000705,1000705-011,11鄰,什股十一街,,,,,,47號,120.4839701867,24.162543133823
彰化縣伸港鄉什股村11鄰什股十一街49號,10007,1000705,1000705-011,11鄰,什股十一街,,,,,,49號,120.48392852157,24.162552563773
彰化縣伸港鄉什股村11鄰什股十一街51號,10007,1000705,1000705-011,11鄰,什股十一街,,,,,,51號,120.48388166003,24.162557190687
彰化縣伸港鄉什股村11鄰什股十一街53號,10007,1000705,1000705-011,11鄰,什股十一街,,,,,,53號,120.48383988704,24.162568967824
彰化縣伸港鄉什股村11鄰什股十一街55號,10007,1000705,1000705-011,11鄰,什股十一街,,,,,,55號,120.48379556487,24.162578388747
彰化縣伸港鄉什股村11鄰什股十一街57號,10007,1000705,1000705-011,11鄰,什股十一街,,,,,,57號,120.48375134111,24.162587809991
彰化縣伸港鄉什股村11鄰什股十一街59號,10007,1000705,1000705-011,11鄰,什股十一街,,,,,,59號,120.48370438114,24.162592436516
