FULL_ADDR,COUNTY,TOWN,VILLAGE,NEIGHBORHOOD,ROAD,SECTION,LANE,ALLEY,SUB_ALLEY,TONG,NUMBER,X,Y
雲林縣斗六市榴中里25鄰民樂街1號,10009,1000901,1000901-026,25鄰,民樂街,,,,,,1號,120.60062981796,23.72397726161
雲林縣斗六市榴中里25鄰民樂街7號,10009,1000901,1000901-026,25鄰,民樂街,,,,,,7號,120.60052532048,23.723508799094
雲林縣斗六市榴中里25鄰民樂街9號,10009,1000901,1000901-026,25鄰,民樂街,,,,,,9號,120.60051791166,23.723368448568
雲林縣斗六市榴中里25鄰民樂街11號,10009,1000901,1000901-026,25鄰,民樂街,,,,,,11號,120.60050886718,23.722931222613
雲林縣斗六市榴中里25鄰民樂街13號,10009,1000901,1000901-026,25鄰,民樂街,,,,,,13號,120.60047301015,23.722773443415
雲林縣斗六市榴中里25鄰民樂街15號,10009,1000901,1000901-026,25鄰,民樂街,,,,,,15號,120.60050019876,23.722367364332
雲林縣斗六市榴中里25鄰民樂街17號,10009,1000901,1000901-026,25鄰,民樂街,,,,,,17號,120.60043431901,23.721846366965
雲林縣斗六市榴中里25鄰民樂街19號,10009,1000901,1000901-026,25鄰,民樂街,,,,,,19號,120.60034479352,23.720569147675
雲林縣斗六市榴中里25鄰民樂街20號,10009,1000901,1000901-026,25鄰,民樂街,,,,,,20號,120.60011337375,23.721363411923
