FULL_ADDR,COUNTY,TOWN,VILLAGE,NEIGHBORHOOD,ROAD,SECTION,LANE,ALLEY,SUB_ALLEY,TONG,NUMBER,X,Y
宜蘭縣五結鄉大吉村8鄰大吉路花園新?94號,10002,1000209,1000209-009,8鄰,大吉路花園新?,,,,,,94號,121.80053379849,24.694319446356
宜蘭縣五結鄉大吉村7鄰大吉路花園新?173號,10002,1000209,1000209-009,7鄰,大吉路花園新?,,,,,,173號,121.8009745508,24.693070213914
宜蘭縣五結鄉大吉村7鄰大吉路花園新?174號,10002,1000209,1000209-009,7鄰,大吉路花園新?,,,,,,174號,121.80092655038,24.693074171586
