FULL_ADDR,COUNTY,TOWN,VILLAGE,NEIGHBORHOOD,ROAD,SECTION,LANE,ALLEY,SUB_ALLEY,TONG,NUMBER,X,Y
新竹縣新埔鎮內立里9鄰南打鐵坑13之1號,10004,1000403,1000403-001,9鄰,南打鐵坑,,,,,,13之1號,121.14816327106,24.855488696375
新竹縣新埔鎮內立里8鄰南打鐵坑41之1號,10004,1000403,1000403-001,8鄰,南打鐵坑,,,,,,41之1號,121.10153380756,24.806808329146
