FULL_ADDR,COUNTY,TOWN,VILLAGE,NEIGHBORHOOD,ROAD,SECTION,LANE,ALLEY,SUB_ALLEY,TONG,NUMBER,X,Y
苗栗縣獅潭鄉百壽村11鄰神桌山1號,10005,1000517,1000517-001,11鄰,神桌山,,,,,,1號,120.9569666999,24.591008621414
苗栗縣獅潭鄉百壽村11鄰神桌山2號,10005,1000517,1000517-001,11鄰,神桌山,,,,,,2號,120.95764066086,24.590917801459
苗栗縣獅潭鄉百壽村11鄰神桌山3號,10005,1000517,1000517-001,11鄰,神桌山,,,,,,3號,120.95952066136,24.588744436112
苗栗縣獅潭鄉百壽村11鄰神桌山6之1號,10005,1000517,1000517-001,11鄰,神桌山,,,,,,6之1號,120.96458211451,24.588723952009
