FULL_ADDR,COUNTY,TOWN,VILLAGE,NEIGHBORHOOD,ROAD,SECTION,LANE,ALLEY,SUB_ALLEY,TONG,NUMBER,X,Y
苗栗縣公館鄉館東村16鄰弘東街29號,10005,1000509,1000509-002,16鄰,弘東街,,,,,,29號,120.83019502805,24.500013218444
苗栗縣公館鄉館東村16鄰弘東街31號,10005,1000509,1000509-002,16鄰,弘東街,,,,,,31號,120.8302523693,24.500004073381
苗栗縣公館鄉館東村16鄰弘東街33號,10005,1000509,1000509-002,16鄰,弘東街,,,,,,33號,120.83030971053,24.499994928296
苗栗縣公館鄉館東村16鄰弘東街34號,10005,1000509,1000509-002,16鄰,弘東街,,,,,,34號,120.83025487965,24.499824670789
苗栗縣公館鄉館東村16鄰弘東街35號,10005,1000509,1000509-002,16鄰,弘東街,,,,,,35號,120.83036695309,24.499985783078
苗栗縣公館鄉館東村16鄰弘東街36號,10005,1000509,1000509-002,16鄰,弘東街,,,,,,36號,120.83029841851,24.49980666181
