FULL_ADDR,COUNTY,TOWN,VILLAGE,NEIGHBORHOOD,ROAD,SECTION,LANE,ALLEY,SUB_ALLEY,TONG,NUMBER,X,Y
宜蘭縣冬山鄉大進村7鄰大進五路50巷1號,10002,1000208,1000208-024,7鄰,大進五路,,50巷,,,,1號,121.71391045647,24.636885401562
宜蘭縣冬山鄉大進村7鄰大進五路50巷3號,10002,1000208,1000208-024,7鄰,大進五路,,50巷,,,,3號,121.71394113374,24.636947551593
宜蘭縣冬山鄉大進村7鄰大進五路50巷5號,10002,1000208,1000208-024,7鄰,大進五路,,50巷,,,,5號,121.71396790911,24.637000962636
宜蘭縣冬山鄉大進村7鄰大進五路25巷7號,10002,1000208,1000208-024,7鄰,大進五路,,25巷,,,,7號,121.71453786531,24.636188591909
宜蘭縣冬山鄉大進村7鄰大進五路50巷9號,10002,1000208,1000208-024,7鄰,大進五路,,50巷,,,,9號,121.71394424853,24.637165391138
宜蘭縣冬山鄉大進村7鄰大進五路50巷12號,10002,1000208,1000208-024,7鄰,大進五路,,50巷,,,,12號,121.71412426037,24.637225026317
宜蘭縣冬山鄉大進村7鄰大進五路15號,10002,1000208,1000208-024,7鄰,大進五路,,,,,,15號,121.71475807167,24.636247222796
宜蘭縣冬山鄉大進村7鄰大進五路17號,10002,1000208,1000208-024,7鄰,大進五路,,,,,,17號,121.71487407273,24.636340927426
