FULL_ADDR,COUNTY,TOWN,VILLAGE,NEIGHBORHOOD,ROAD,SECTION,LANE,ALLEY,SUB_ALLEY,TONG,NUMBER,X,Y
彰化縣二林鎮中西里8鄰中二路1號,10007,1000720,1000720-005,8鄰,中二路,,,,,,1號,120.34687358446,23.878180687309
彰化縣二林鎮中西里8鄰中二路2號,10007,1000720,1000720-005,8鄰,中二路,,,,,,2號,120.34744201374,23.878357418443
彰化縣二林鎮中西里8鄰中二路3號,10007,1000720,1000720-005,8鄰,中二路,,,,,,3號,120.34663378069,23.878206125473
彰化縣二林鎮中西里9鄰中二路4號,10007,1000720,1000720-005,9鄰,中二路,,,,,,4號,120.34691761709,23.878344368122
彰化縣二林鎮中西里9鄰中二路6號,10007,1000720,1000720-005,9鄰,中二路,,,,,,6號,120.34638536805,23.878145007724
彰化縣二林鎮中西里9鄰中二路7號,10007,1000720,1000720-005,9鄰,中二路,,,,,,7號,120.34671089934,23.878358931008
彰化縣二林鎮中西里9鄰中二路8號,10007,1000720,1000720-005,9鄰,中二路,,,,,,8號,120.34647344356,23.878341038128
彰化縣二林鎮中西里9鄰中二路9號,10007,1000720,1000720-005,9鄰,中二路,,,,,,9號,120.34719988012,23.87854583594
