FULL_ADDR,COUNTY,TOWN,VILLAGE,NEIGHBORHOOD,ROAD,SECTION,LANE,ALLEY,SUB_ALLEY,TONG,NUMBER,X,Y
彰化縣大村鄉大崙村5鄰大崙一巷臨8之61號,10007,1000713,1000713-013,5鄰,大崙一巷臨,,,,,,8之61號,120.51667983339,23.982440891333
彰化縣大村鄉大崙村5鄰大崙一巷臨8之62號,10007,1000713,1000713-013,5鄰,大崙一巷臨,,,,,,8之62號,120.51667153693,23.982425695833
