FULL_ADDR,COUNTY,TOWN,VILLAGE,NEIGHBORHOOD,ROAD,SECTION,LANE,ALLEY,SUB_ALLEY,TONG,NUMBER,X,Y
新竹縣新埔鎮田新里11鄰田新66之1號,10004,1000403,1000403-007,11鄰,田新,,,,,,66之1號,121.07800195369,24.823498066646
新竹縣新埔鎮田新里12鄰田新155之22號,10004,1000403,1000403-007,12鄰,田新,,,,,,155之22號,121.07517404726,24.825457391843
