FULL_ADDR,COUNTY,TOWN,VILLAGE,NEIGHBORHOOD,ROAD,SECTION,LANE,ALLEY,SUB_ALLEY,TONG,NUMBER,X,Y
彰化縣二林鎮北平里10鄰成平巷1號,10007,1000720,1000720-004,10鄰,成平巷,,,,,,1號,120.36844677108,23.902550602027
彰化縣二林鎮北平里10鄰成平巷2號,10007,1000720,1000720-004,10鄰,成平巷,,,,,,2號,120.36856293708,23.902442862574
彰化縣二林鎮北平里11鄰成平巷3號,10007,1000720,1000720-004,11鄰,成平巷,,,,,,3號,120.36817830981,23.902553291718
彰化縣二林鎮北平里11鄰成平巷5號,10007,1000720,1000720-004,11鄰,成平巷,,,,,,5號,120.36851654747,23.902642012452
彰化縣二林鎮北平里11鄰成平巷11號,10007,1000720,1000720-004,11鄰,成平巷,,,,,,11號,120.36864948618,23.903402149899
