FULL_ADDR,COUNTY,TOWN,VILLAGE,NEIGHBORHOOD,ROAD,SECTION,LANE,ALLEY,SUB_ALLEY,TONG,NUMBER,X,Y
彰化縣大城鄉東城村8鄰城南一街36巷16號,10007,1000724,1000724-003,8鄰,城南一街,,36巷,,,,16號,120.32159321573,23.85127564599
彰化縣大城鄉東城村8鄰城南一街18號,10007,1000724,1000724-003,8鄰,城南一街,,,,,,18號,120.3212894495,23.851059906657
彰化縣大城鄉東城村8鄰城南一街20號,10007,1000724,1000724-003,8鄰,城南一街,,,,,,20號,120.32130852575,23.851097290839
彰化縣大城鄉東城村8鄰城南一街22號,10007,1000724,1000724-003,8鄰,城南一街,,,,,,22號,120.32132863248,23.851129081378
彰化縣大城鄉東城村8鄰城南一街24號,10007,1000724,1000724-003,8鄰,城南一街,,,,,,24號,120.32135375624,23.851172090377
彰化縣大城鄉東城村8鄰城南一街26號,10007,1000724,1000724-003,8鄰,城南一街,,,,,,26號,120.32136471397,23.851209438787
彰化縣大城鄉東城村8鄰城南一街36巷27號,10007,1000724,1000724-003,8鄰,城南一街,,36巷,,,,27號,120.32193000841,23.851385607109
彰化縣大城鄉東城村8鄰城南一街36巷30號,10007,1000724,1000724-003,8鄰,城南一街,,36巷,,,,30號,120.32195301371,23.851118837654
彰化縣大城鄉東城村8鄰城南一街36巷32號,10007,1000724,1000724-003,8鄰,城南一街,,36巷,,,,32號,120.32199316109,23.851108386842
