FULL_ADDR,COUNTY,TOWN,VILLAGE,NEIGHBORHOOD,ROAD,SECTION,LANE,ALLEY,SUB_ALLEY,TONG,NUMBER,X,Y
宜蘭縣冬山鄉大興村14鄰德興十一路5號,10002,1000208,1000208-005,14鄰,德興十一路,,,,,,5號,121.81486805485,24.635870745902
宜蘭縣冬山鄉大興村14鄰德興十一路7號,10002,1000208,1000208-005,14鄰,德興十一路,,,,,,7號,121.81473008568,24.635644885138
宜蘭縣冬山鄉大興村14鄰德興十一路9號,10002,1000208,1000208-005,14鄰,德興十一路,,,,,,9號,121.81409197074,24.63571460843
