FULL_ADDR,COUNTY,TOWN,VILLAGE,NEIGHBORHOOD,ROAD,SECTION,LANE,ALLEY,SUB_ALLEY,TONG,NUMBER,X,Y
宜蘭縣冬山鄉武淵村14鄰富堵五路73號,10002,1000208,1000208-001,14鄰,富堵五路,,,,,,73號,121.80627021294,24.660569732739
宜蘭縣冬山鄉武淵村14鄰富堵五路87號,10002,1000208,1000208-001,14鄰,富堵五路,,,,,,87號,121.80536380628,24.660772311528
宜蘭縣冬山鄉武淵村14鄰富堵五路91號,10002,1000208,1000208-001,14鄰,富堵五路,,,,,,91號,121.80518610455,24.660422337486
