FULL_ADDR,COUNTY,TOWN,VILLAGE,NEIGHBORHOOD,ROAD,SECTION,LANE,ALLEY,SUB_ALLEY,TONG,NUMBER,X,Y
雲林縣北港鎮光民里14鄰東榮街1號,10009,1000906,1000906-002,14鄰,東榮街,,,,,,1號,120.30634446596,23.565753665984
雲林縣北港鎮光民里10鄰東榮街2號,10009,1000906,1000906-002,10鄰,東榮街,,,,,,2號,120.30637537411,23.565949051636
雲林縣北港鎮光民里10鄰東榮街4號,10009,1000906,1000906-002,10鄰,東榮街,,,,,,4號,120.30632127654,23.565959411047
雲林縣北港鎮光民里14鄰東榮街5號,10009,1000906,1000906-002,14鄰,東榮街,,,,,,5號,120.30622528873,23.565744772742
雲林縣北港鎮光民里10鄰東榮街6號,10009,1000906,1000906-002,10鄰,東榮街,,,,,,6號,120.30628140048,23.565945887315
雲林縣北港鎮光民里14鄰東榮街7號,10009,1000906,1000906-002,14鄰,東榮街,,,,,,7號,120.30618805382,23.56572077737
雲林縣北港鎮光民里10鄰東榮街8號,10009,1000906,1000906-002,10鄰,東榮街,,,,,,8號,120.30624025319,23.56596551471
雲林縣北港鎮光民里14鄰東榮街9號,10009,1000906,1000906-002,14鄰,東榮街,,,,,,9號,120.30616182494,23.565753564292
雲林縣北港鎮光民里10鄰東榮街10號,10009,1000906,1000906-002,10鄰,東榮街,,,,,,10號,120.30620404269,23.565981461977
雲林縣北港鎮光民里14鄰東榮街11號,10009,1000906,1000906-002,14鄰,東榮街,,,,,,11號,120.30611622337,23.565720456782
雲林縣北港鎮光民里10鄰東榮街12號,10009,1000906,1000906-002,10鄰,東榮街,,,,,,12號,120.30615671458,23.56596559337
雲林縣北港鎮光民里14鄰東榮街13號,10009,1000906,1000906-002,14鄰,東榮街,,,,,,13號,120.30609064441,23.565786159602
雲林縣北港鎮光民里10鄰東榮街14號,10009,1000906,1000906-002,10鄰,東榮街,,,,,,14號,120.30611665,23.565987961542
雲林縣北港鎮光民里14鄰東榮街15號,10009,1000906,1000906-002,14鄰,東榮街,,,,,,15號,120.30602609268,23.565735395815
雲林縣北港鎮光民里14鄰東榮街17號,10009,1000906,1000906-002,14鄰,東榮街,,,,,,17號,120.30599978027,23.565784074488
雲林縣北港鎮光民里14鄰東榮街19號,10009,1000906,1000906-002,14鄰,東榮街,,,,,,19號,120.30595251645,23.565763447491
雲林縣北港鎮光民里14鄰東榮街21號,10009,1000906,1000906-002,14鄰,東榮街,,,,,,21號,120.30591171179,23.565796169296
