FULL_ADDR,COUNTY,TOWN,VILLAGE,NEIGHBORHOOD,ROAD,SECTION,LANE,ALLEY,SUB_ALLEY,TONG,NUMBER,X,Y
苗栗縣頭份鎮珊湖里3鄰九芎林2號,10005,1000505,1000505-002,3鄰,九芎林,,,,,,2號,120.96540074086,24.680726218638
苗栗縣頭份鎮珊湖里3鄰九芎林2之1號,10005,1000505,1000505-002,3鄰,九芎林,,,,,,2之1號,120.96564542369,24.679582059046
苗栗縣頭份鎮珊湖里3鄰九芎林3號,10005,1000505,1000505-002,3鄰,九芎林,,,,,,3號,120.96515726317,24.680006840423
苗栗縣頭份鎮珊湖里3鄰九芎林4號,10005,1000505,1000505-002,3鄰,九芎林,,,,,,4號,120.96641816922,24.680983679177
苗栗縣頭份鎮珊湖里3鄰九芎林5號,10005,1000505,1000505-002,3鄰,九芎林,,,,,,5號,120.96525472522,24.680964363802
苗栗縣頭份鎮珊湖里3鄰九芎林7號,10005,1000505,1000505-002,3鄰,九芎林,,,,,,7號,120.96414986716,24.681677376662
苗栗縣頭份鎮珊湖里3鄰九芎林8號,10005,1000505,1000505-002,3鄰,九芎林,,,,,,8號,120.96390827035,24.681994499335
苗栗縣頭份鎮珊湖里3鄰九芎林9號,10005,1000505,1000505-002,3鄰,九芎林,,,,,,9號,120.96375694831,24.682115087198
苗栗縣頭份鎮珊湖里3鄰九芎林10號,10005,1000505,1000505-002,3鄰,九芎林,,,,,,10號,120.96346223941,24.682250718125
