FULL_ADDR,COUNTY,TOWN,VILLAGE,NEIGHBORHOOD,ROAD,SECTION,LANE,ALLEY,SUB_ALLEY,TONG,NUMBER,X,Y
宜蘭縣蘇澳鎮南寧里13鄰東勝路1號,10002,1000203,1000203-022,13鄰,東勝路,,,,,,1號,121.86864062022,24.580897276739
宜蘭縣蘇澳鎮南寧里13鄰東勝路1之1號,10002,1000203,1000203-022,13鄰,東勝路,,,,,,1之1號,121.86863081765,24.580950419119
宜蘭縣蘇澳鎮南寧里13鄰東勝路3號,10002,1000203,1000203-022,13鄰,東勝路,,,,,,3號,121.86862096278,24.580995978107
宜蘭縣蘇澳鎮南寧里15鄰東勝路6號,10002,1000203,1000203-022,15鄰,東勝路,,,,,,6號,121.86848564686,24.581044969063
宜蘭縣蘇澳鎮南寧里15鄰東勝路6之3號,10002,1000203,1000203-022,15鄰,東勝路,,,,,,6之3號,121.86847010498,24.581124868014
宜蘭縣蘇澳鎮南寧里13鄰東勝路7號,10002,1000203,1000203-022,13鄰,東勝路,,,,,,7號,121.86856999593,24.581236061156
宜蘭縣蘇澳鎮南寧里15鄰東勝路8號,10002,1000203,1000203-022,15鄰,東勝路,,,,,,8號,121.86845875645,24.581154275118
宜蘭縣蘇澳鎮南寧里13鄰東勝路9號,10002,1000203,1000203-022,13鄰,東勝路,,,,,,9號,121.86855996411,24.581284600468
宜蘭縣蘇澳鎮南寧里15鄰東勝路14號,10002,1000203,1000203-022,15鄰,東勝路,,,,,,14號,121.86843332857,24.581246599711
