FULL_ADDR,COUNTY,TOWN,VILLAGE,NEIGHBORHOOD,ROAD,SECTION,LANE,ALLEY,SUB_ALLEY,TONG,NUMBER,X,Y
彰化縣秀水鄉福安村6鄰福大巷臨13之29號,10007,1000707,1000707-010,6鄰,福大巷臨,,,,,,13之29號,120.48929050977,24.036071591864
彰化縣秀水鄉福安村6鄰福大巷臨18號,10007,1000707,1000707-010,6鄰,福大巷臨,,,,,,18號,120.49001390528,24.036044566827
