FULL_ADDR,COUNTY,TOWN,VILLAGE,NEIGHBORHOOD,ROAD,SECTION,LANE,ALLEY,SUB_ALLEY,TONG,NUMBER,X,Y
彰化縣秀水鄉下崙村10鄰合興巷5號,10007,1000707,1000707-014,10鄰,合興巷,,,,,,5號,120.50453865726,24.001766012487
彰化縣秀水鄉下崙村10鄰合興巷5之5號,10007,1000707,1000707-014,10鄰,合興巷,,,,,,5之5號,120.50327772252,24.001223214633
彰化縣秀水鄉下崙村13鄰合興巷6號,10007,1000707,1000707-014,13鄰,合興巷,,,,,,6號,120.50195920292,24.000948517504
彰化縣秀水鄉下崙村13鄰合興巷7號,10007,1000707,1000707-014,13鄰,合興巷,,,,,,7號,120.50259076202,24.000769538249
彰化縣秀水鄉下崙村13鄰合興巷7之1號,10007,1000707,1000707-014,13鄰,合興巷,,,,,,7之1號,120.50263248957,24.000796364364
彰化縣秀水鄉下崙村10鄰合興巷8號,10007,1000707,1000707-014,10鄰,合興巷,,,,,,8號,120.50452437736,24.001429433477
彰化縣秀水鄉下崙村10鄰合興巷11號,10007,1000707,1000707-014,10鄰,合興巷,,,,,,11號,120.50222073263,23.999622576285
