FULL_ADDR,COUNTY,TOWN,VILLAGE,NEIGHBORHOOD,ROAD,SECTION,LANE,ALLEY,SUB_ALLEY,TONG,NUMBER,X,Y
南投縣仁愛鄉榮興村5鄰嘉榮巷6號,10008,1000813,1000813-014,5鄰,嘉榮巷,,,,,,6號,121.29816122984,24.227353203092
南投縣仁愛鄉榮興村5鄰嘉榮巷10之1號,10008,1000813,1000813-014,5鄰,嘉榮巷,,,,,,10之1號,121.30855986002,24.226683915165
南投縣仁愛鄉榮興村5鄰嘉榮巷17號,10008,1000813,1000813-014,5鄰,嘉榮巷,,,,,,17號,121.3024935427,24.23048980695
南投縣仁愛鄉榮興村5鄰嘉榮巷20號,10008,1000813,1000813-014,5鄰,嘉榮巷,,,,,,20號,121.30630093886,24.229836153495
