FULL_ADDR,COUNTY,TOWN,VILLAGE,NEIGHBORHOOD,ROAD,SECTION,LANE,ALLEY,SUB_ALLEY,TONG,NUMBER,X,Y
宜蘭縣頭城鎮港口里1鄰港墘路60號,10002,1000204,1000204-007,1鄰,港墘路,,,,,,60號,121.83439119927,24.867989758874
宜蘭縣頭城鎮港口里1鄰港墘路600號,10002,1000204,1000204-007,1鄰,港墘路,,,,,,600號,121.83642265269,24.866530496924
宜蘭縣頭城鎮港口里1鄰港墘路700號,10002,1000204,1000204-007,1鄰,港墘路,,,,,,700號,121.83679655223,24.866846094709
