FULL_ADDR,COUNTY,TOWN,VILLAGE,NEIGHBORHOOD,ROAD,SECTION,LANE,ALLEY,SUB_ALLEY,TONG,NUMBER,X,Y
彰化縣員林鎮三和里1鄰大和街10巷22號,10007,1000710,1000710-018,1鄰,大和街,,10巷,,,,22號,120.58337032119,23.966707016779
彰化縣員林鎮三和里1鄰大和街10巷26號,10007,1000710,1000710-018,1鄰,大和街,,10巷,,,,26號,120.58335719728,23.96675474698
彰化縣員林鎮三和里1鄰大和街10巷28號,10007,1000710,1000710-018,1鄰,大和街,,10巷,,,,28號,120.58333747076,23.966808418698
彰化縣員林鎮三和里1鄰大和街10巷30號,10007,1000710,1000710-018,1鄰,大和街,,10巷,,,,30號,120.58331137645,23.966856113685
