FULL_ADDR,COUNTY,TOWN,VILLAGE,NEIGHBORHOOD,ROAD,SECTION,LANE,ALLEY,SUB_ALLEY,TONG,NUMBER,X,Y
彰化縣永靖鄉竹子村14鄰余厝巷3號,10007,1000716,1000716-024,14鄰,余厝巷,,,,,,3號,120.50615978353,23.931588719345
彰化縣永靖鄉竹子村14鄰余厝巷4號,10007,1000716,1000716-024,14鄰,余厝巷,,,,,,4號,120.5061249557,23.931837648174
彰化縣永靖鄉竹子村14鄰余厝巷5號,10007,1000716,1000716-024,14鄰,余厝巷,,,,,,5號,120.50590397614,23.931933679102
