FULL_ADDR,COUNTY,TOWN,VILLAGE,NEIGHBORHOOD,ROAD,SECTION,LANE,ALLEY,SUB_ALLEY,TONG,NUMBER,X,Y
南投縣鹿谷鄉內湖村9鄰米堤街1號,10008,1000807,1000807-005,9鄰,米堤街,,,,,,1號,120.79516105587,23.683022898868
南投縣鹿谷鄉內湖村9鄰米堤街1之6號,10008,1000807,1000807-005,9鄰,米堤街,,,,,,1之6號,120.79563886114,23.684086711627
