FULL_ADDR,COUNTY,TOWN,VILLAGE,NEIGHBORHOOD,ROAD,SECTION,LANE,ALLEY,SUB_ALLEY,TONG,NUMBER,X,Y
新竹縣北埔鄉南興村11鄰邦正街2號,10004,1000409,1000409-002,11鄰,邦正街,,,,,,2號,121.05705125397,24.699200153154
新竹縣北埔鄉南興村11鄰邦正街8號,10004,1000409,1000409-002,11鄰,邦正街,,,,,,8號,121.05696283322,24.69926970806
新竹縣北埔鄉南興村12鄰邦正街10號,10004,1000409,1000409-002,12鄰,邦正街,,,,,,10號,121.05687245017,24.699349186245
新竹縣北埔鄉南興村12鄰邦正街16號,10004,1000409,1000409-002,12鄰,邦正街,,,,,,16號,121.05675436151,24.699377229077
新竹縣北埔鄉南興村12鄰邦正街18號,10004,1000409,1000409-002,12鄰,邦正街,,,,,,18號,121.0566798487,24.699409507904
新竹縣北埔鄉南興村12鄰邦正街20號,10004,1000409,1000409-002,12鄰,邦正街,,,,,,20號,121.05662494112,24.699414304834
新竹縣北埔鄉南興村12鄰邦正街22號,10004,1000409,1000409-002,12鄰,邦正街,,,,,,22號,121.05658310205,24.69942626564
新竹縣北埔鄉南興村12鄰邦正街26號,10004,1000409,1000409-002,12鄰,邦正街,,,,,,26號,121.0563765477,24.69946934727
