FULL_ADDR,COUNTY,TOWN,VILLAGE,NEIGHBORHOOD,ROAD,SECTION,LANE,ALLEY,SUB_ALLEY,TONG,NUMBER,X,Y
宜蘭縣三星鄉行健村3鄰石頭城路120巷5號,10002,1000210,1000210-011,3鄰,石頭城路,,120巷,,,,5號,121.70571411757,24.677671460685
宜蘭縣三星鄉行健村1鄰石頭城路120巷10號,10002,1000210,1000210-011,1鄰,石頭城路,,120巷,,,,10號,121.70570519023,24.67761263797
宜蘭縣三星鄉行健村1鄰石頭城路110號,10002,1000210,1000210-011,1鄰,石頭城路,,,,,,110號,121.70555553658,24.677777746885
宜蘭縣三星鄉行健村3鄰石頭城路122號,10002,1000210,1000210-011,3鄰,石頭城路,,,,,,122號,121.70567683343,24.677788372095
宜蘭縣三星鄉行健村3鄰石頭城路130號,10002,1000210,1000210-011,3鄰,石頭城路,,,,,,130號,121.70568706645,24.678131851682
