FULL_ADDR,COUNTY,TOWN,VILLAGE,NEIGHBORHOOD,ROAD,SECTION,LANE,ALLEY,SUB_ALLEY,TONG,NUMBER,X,Y
南投縣埔里鎮廣成里6鄰八股路5號,10008,1000802,1000802-023,6鄰,八股路,,,,,,5號,120.95624952886,24.018693492305
南投縣埔里鎮廣成里6鄰八股路5之1號,10008,1000802,1000802-023,6鄰,八股路,,,,,,5之1號,120.95520330564,24.018383205436
南投縣埔里鎮廣成里6鄰八股路6號,10008,1000802,1000802-023,6鄰,八股路,,,,,,6號,120.95574444271,24.019005318375
南投縣埔里鎮廣成里6鄰八股路8號,10008,1000802,1000802-023,6鄰,八股路,,,,,,8號,120.95579401652,24.019782235478
南投縣埔里鎮廣成里6鄰八股路9號,10008,1000802,1000802-023,6鄰,八股路,,,,,,9號,120.95536520373,24.019538403533
南投縣埔里鎮廣成里6鄰八股路10號,10008,1000802,1000802-023,6鄰,八股路,,,,,,10號,120.95481116365,24.019831521045
南投縣埔里鎮廣成里6鄰八股路12號,10008,1000802,1000802-023,6鄰,八股路,,,,,,12號,120.95445989642,24.020194856557
