FULL_ADDR,COUNTY,TOWN,VILLAGE,NEIGHBORHOOD,ROAD,SECTION,LANE,ALLEY,SUB_ALLEY,TONG,NUMBER,X,Y
彰化縣溪州鄉成功村15鄰岸角巷1號,10007,1000726,1000726-012,15鄰,岸角巷,,,,,,1號,120.55409193509,23.814498809886
彰化縣溪州鄉成功村15鄰岸角巷2號,10007,1000726,1000726-012,15鄰,岸角巷,,,,,,2號,120.55428162399,23.815222593846
彰化縣溪州鄉成功村15鄰岸角巷3號,10007,1000726,1000726-012,15鄰,岸角巷,,,,,,3號,120.55423171184,23.815039997296
彰化縣溪州鄉成功村15鄰岸角巷4號,10007,1000726,1000726-012,15鄰,岸角巷,,,,,,4號,120.55382238881,23.815431511405
彰化縣溪州鄉成功村15鄰岸角巷5號,10007,1000726,1000726-012,15鄰,岸角巷,,,,,,5號,120.55182401579,23.816079858074
彰化縣溪州鄉成功村15鄰岸角巷63號,10007,1000726,1000726-012,15鄰,岸角巷,,,,,,63號,120.55512912963,23.817633002761
彰化縣溪州鄉成功村15鄰岸角巷66號,10007,1000726,1000726-012,15鄰,岸角巷,,,,,,66號,120.55609303869,23.817842648668
