FULL_ADDR,COUNTY,TOWN,VILLAGE,NEIGHBORHOOD,ROAD,SECTION,LANE,ALLEY,SUB_ALLEY,TONG,NUMBER,X,Y
彰化縣二林鎮豐田里8鄰五常一街21號,10007,1000720,1000720-012,8鄰,五常一街,,,,,,21號,120.37304161687,23.901637457323
彰化縣二林鎮豐田里8鄰五常一街23號,10007,1000720,1000720-012,8鄰,五常一街,,,,,,23號,120.37313519124,23.901621134477
彰化縣二林鎮豐田里8鄰五常一街86號,10007,1000720,1000720-012,8鄰,五常一街,,,,,,86號,120.37351704862,23.90157664077
