FULL_ADDR,COUNTY,TOWN,VILLAGE,NEIGHBORHOOD,ROAD,SECTION,LANE,ALLEY,SUB_ALLEY,TONG,NUMBER,X,Y
苗栗縣後龍鎮校椅里12鄰康榔路101號,10005,1000506,1000506-007,12鄰,康榔路,,,,,,101號,120.83339263227,24.613046683043
苗栗縣後龍鎮校椅里11鄰康榔路110之9號,10005,1000506,1000506-007,11鄰,康榔路,,,,,,110之9號,120.82250894501,24.610725388728
