FULL_ADDR,COUNTY,TOWN,VILLAGE,NEIGHBORHOOD,ROAD,SECTION,LANE,ALLEY,SUB_ALLEY,TONG,NUMBER,X,Y
苗栗縣苗栗市維新里24鄰榮光4號,10005,1000501,1000501-006,24鄰,榮光,,,,,,4號,120.83077869085,24.550746521034
苗栗縣苗栗市維新里24鄰榮光5號,10005,1000501,1000501-006,24鄰,榮光,,,,,,5號,120.83072408167,24.550762260301
苗栗縣苗栗市維新里24鄰榮光6號,10005,1000501,1000501-006,24鄰,榮光,,,,,,6號,120.8306695712,24.550777999658
苗栗縣苗栗市維新里24鄰榮光7號,10005,1000501,1000501-006,24鄰,榮光,,,,,,7號,120.83058781873,24.550865217259
苗栗縣苗栗市維新里24鄰榮光8號,10005,1000501,1000501-006,24鄰,榮光,,,,,,8號,120.83056421652,24.5507990992
苗栗縣苗栗市維新里24鄰榮光9號,10005,1000501,1000501-006,24鄰,榮光,,,,,,9號,120.83054061432,24.550732981138
苗栗縣苗栗市維新里24鄰榮光10號,10005,1000501,1000501-006,24鄰,榮光,,,,,,10號,120.83051701227,24.550666772782
苗栗縣苗栗市維新里24鄰榮光11號,10005,1000501,1000501-006,24鄰,榮光,,,,,,11號,120.83062992042,24.550680894461
苗栗縣苗栗市維新里24鄰榮光12號,10005,1000501,1000501-006,24鄰,榮光,,,,,,12號,120.83068176829,24.55066316577
