FULL_ADDR,COUNTY,TOWN,VILLAGE,NEIGHBORHOOD,ROAD,SECTION,LANE,ALLEY,SUB_ALLEY,TONG,NUMBER,X,Y
苗栗縣後龍鎮校椅里11鄰頂椅六街119號,10005,1000506,1000506-007,11鄰,頂椅六街,,,,,,119號,120.82536839896,24.611245273131
苗栗縣後龍鎮校椅里11鄰頂椅六街121號,10005,1000506,1000506-007,11鄰,頂椅六街,,,,,,121號,120.82539023741,24.611307416782
