FULL_ADDR,COUNTY,TOWN,VILLAGE,NEIGHBORHOOD,ROAD,SECTION,LANE,ALLEY,SUB_ALLEY,TONG,NUMBER,X,Y
苗栗縣苗栗市勝利里36鄰榮興1號,10005,1000501,1000501-013,36鄰,榮興,,,,,,1號,120.8228207607,24.542116042228
苗栗縣苗栗市勝利里36鄰榮興1之1號,10005,1000501,1000501-013,36鄰,榮興,,,,,,1之1號,120.82290820235,24.542124361244
苗栗縣苗栗市勝利里36鄰榮興1之2號,10005,1000501,1000501-013,36鄰,榮興,,,,,,1之2號,120.82298803431,24.542139352669
苗栗縣苗栗市勝利里36鄰榮興2號,10005,1000501,1000501-013,36鄰,榮興,,,,,,2號,120.82277599311,24.542084117583
苗栗縣苗栗市勝利里36鄰榮興3號,10005,1000501,1000501-013,36鄰,榮興,,,,,,3號,120.82273132425,24.542052193042
苗栗縣苗栗市勝利里36鄰榮興4號,10005,1000501,1000501-013,36鄰,榮興,,,,,,4號,120.82268655671,24.542020268372
苗栗縣苗栗市勝利里36鄰榮興5號,10005,1000501,1000501-013,36鄰,榮興,,,,,,5號,120.82264178918,24.541988343688
苗栗縣苗栗市勝利里36鄰榮興6號,10005,1000501,1000501-013,36鄰,榮興,,,,,,6號,120.82259702169,24.54195641899
苗栗縣苗栗市勝利里36鄰榮興7號,10005,1000501,1000501-013,36鄰,榮興,,,,,,7號,120.82255225421,24.54192449428
