FULL_ADDR,COUNTY,TOWN,VILLAGE,NEIGHBORHOOD,ROAD,SECTION,LANE,ALLEY,SUB_ALLEY,TONG,NUMBER,X,Y
彰化縣北斗鎮中寮里11鄰北勢寮路388號,10007,1000719,1000719-012,11鄰,北勢寮路,,,,,,388號,120.51057293343,23.892168716859
彰化縣北斗鎮中寮里11鄰北勢寮路421號,10007,1000719,1000719-012,11鄰,北勢寮路,,,,,,421號,120.50883690153,23.892792602489
彰化縣北斗鎮中寮里11鄰北勢寮路422號,10007,1000719,1000719-012,11鄰,北勢寮路,,,,,,422號,120.5087858825,23.892808665578
彰化縣北斗鎮大道里4鄰北勢寮路189號,10007,1000719,1000719-013,4鄰,北勢寮路,,,,,,189號,120.51748292969,23.888251184224
彰化縣北斗鎮大道里4鄰北勢寮路235號,10007,1000719,1000719-013,4鄰,北勢寮路,,,,,,235號,120.51572418378,23.889644309068
