FULL_ADDR,COUNTY,TOWN,VILLAGE,NEIGHBORHOOD,ROAD,SECTION,LANE,ALLEY,SUB_ALLEY,TONG,NUMBER,X,Y
雲林縣斗南鎮田頭里17鄰義和三路50巷7號,10009,1000902,1000902-015,17鄰,義和三路,,50巷,,,,7號,120.48146049993,23.717682192036
雲林縣斗南鎮田頭里17鄰義和三路13號,10009,1000902,1000902-015,17鄰,義和三路,,,,,,13號,120.48373597944,23.716193280367
雲林縣斗南鎮田頭里17鄰義和三路28號,10009,1000902,1000902-015,17鄰,義和三路,,,,,,28號,120.48254378165,23.716700376316
雲林縣斗南鎮田頭里17鄰義和三路52號,10009,1000902,1000902-015,17鄰,義和三路,,,,,,52號,120.48113629997,23.716985875625
雲林縣斗南鎮田頭里17鄰義和三路60號,10009,1000902,1000902-015,17鄰,義和三路,,,,,,60號,120.48059815616,23.717313291185
雲林縣斗南鎮田頭里17鄰義和三路39巷77號,10009,1000902,1000902-015,17鄰,義和三路,,39巷,,,,77號,120.48254833401,23.716205250148
