FULL_ADDR,COUNTY,TOWN,VILLAGE,NEIGHBORHOOD,ROAD,SECTION,LANE,ALLEY,SUB_ALLEY,TONG,NUMBER,X,Y
彰化縣秀水鄉安溪村9鄰平安三街21號,10007,1000707,1000707-002,9鄰,平安三街,,,,,,21號,120.50921822541,24.051089443818
彰化縣秀水鄉安溪村9鄰平安三街45號,10007,1000707,1000707-002,9鄰,平安三街,,,,,,45號,120.50877977967,24.05121514296
彰化縣秀水鄉安溪村9鄰平安三街48號,10007,1000707,1000707-002,9鄰,平安三街,,,,,,48號,120.50894542556,24.051569749155
彰化縣秀水鄉安溪村9鄰平安三街51號,10007,1000707,1000707-002,9鄰,平安三街,,,,,,51號,120.50860093463,24.05152569138
彰化縣秀水鄉安溪村9鄰平安三街57號,10007,1000707,1000707-002,9鄰,平安三街,,,,,,57號,120.5083188143,24.051349219926
彰化縣秀水鄉安溪村9鄰平安三街65號,10007,1000707,1000707-002,9鄰,平安三街,,,,,,65號,120.50825747924,24.051733842395
