FULL_ADDR,COUNTY,TOWN,VILLAGE,NEIGHBORHOOD,ROAD,SECTION,LANE,ALLEY,SUB_ALLEY,TONG,NUMBER,X,Y
彰化縣溪州鄉瓦厝村8鄰大學路181號,10007,1000726,1000726-008,8鄰,大學路,,,,,,181號,120.49544213759,23.858924066676
彰化縣溪州鄉尾厝村10鄰大學路170號,10007,1000726,1000726-014,10鄰,大學路,,,,,,170號,120.49681360894,23.858362222796
