FULL_ADDR,COUNTY,TOWN,VILLAGE,NEIGHBORHOOD,ROAD,SECTION,LANE,ALLEY,SUB_ALLEY,TONG,NUMBER,X,Y
彰化縣鹿港鎮東石里25鄰環工九路1號,10007,1000702,1000702-008,25鄰,環工九路,,,,,,1號,120.39764459009,24.065380392987
彰化縣鹿港鎮東石里25鄰環工九路1之1號,10007,1000702,1000702-008,25鄰,環工九路,,,,,,1之1號,120.39783762016,24.065380430401
彰化縣鹿港鎮東石里25鄰環工九路1之2號,10007,1000702,1000702-008,25鄰,環工九路,,,,,,1之2號,120.39806908392,24.065383688681
彰化縣鹿港鎮東石里25鄰環工九路5號,10007,1000702,1000702-008,25鄰,環工九路,,,,,,5號,120.39757635534,24.064557115859
彰化縣鹿港鎮東石里25鄰環工九路6號,10007,1000702,1000702-008,25鄰,環工九路,,,,,,6號,120.39726552789,24.064555982146
彰化縣鹿港鎮東石里25鄰環工九路8號,10007,1000702,1000702-008,25鄰,環工九路,,,,,,8號,120.39718329,24.064331102827
彰化縣鹿港鎮東石里25鄰環工九路10號,10007,1000702,1000702-008,25鄰,環工九路,,,,,,10號,120.39725467954,24.064099695624
彰化縣鹿港鎮東石里25鄰環工九路12號,10007,1000702,1000702-008,25鄰,環工九路,,,,,,12號,120.39732185678,24.063927954582
彰化縣鹿港鎮東石里25鄰環工九路18號,10007,1000702,1000702-008,25鄰,環工九路,,,,,,18號,120.39722019073,24.063799430258
