FULL_ADDR,COUNTY,TOWN,VILLAGE,NEIGHBORHOOD,ROAD,SECTION,LANE,ALLEY,SUB_ALLEY,TONG,NUMBER,X,Y
苗栗縣頭份鎮後庄里21鄰公園三街102巷5號,10005,1000505,1000505-015,21鄰,公園三街,,102巷,,,,5號,120.88975540157,24.693620352663
苗栗縣頭份鎮後庄里21鄰公園三街56號,10005,1000505,1000505-015,21鄰,公園三街,,,,,,56號,120.88929233661,24.69213351968
苗栗縣頭份鎮後庄里21鄰公園三街58號,10005,1000505,1000505-015,21鄰,公園三街,,,,,,58號,120.88940963793,24.692136405048
苗栗縣頭份鎮後庄里7鄰公園三街95號,10005,1000505,1000505-015,7鄰,公園三街,,,,,,95號,120.88888282757,24.692783196348
苗栗縣頭份鎮後庄里7鄰公園三街101號,10005,1000505,1000505-015,7鄰,公園三街,,,,,,101號,120.8889392669,24.693551674368
苗栗縣頭份鎮後庄里7鄰公園三街103號,10005,1000505,1000505-015,7鄰,公園三街,,,,,,103號,120.88894170486,24.693700018398
苗栗縣頭份鎮後庄里21鄰公園三街104號,10005,1000505,1000505-015,21鄰,公園三街,,,,,,104號,120.88940588803,24.693585876644
苗栗縣頭份鎮後庄里7鄰公園三街105號,10005,1000505,1000505-015,7鄰,公園三街,,,,,,105號,120.8889456501,24.693820284154
苗栗縣頭份鎮後庄里21鄰公園三街106號,10005,1000505,1000505-015,21鄰,公園三街,,,,,,106號,120.88939870848,24.693658552726
