FULL_ADDR,COUNTY,TOWN,VILLAGE,NEIGHBORHOOD,ROAD,SECTION,LANE,ALLEY,SUB_ALLEY,TONG,NUMBER,X,Y
苗栗縣銅鑼鄉銅鑼村2鄰弘揚1號,10005,1000510,1000510-002,2鄰,弘揚,,,,,,1號,120.78750052056,24.490826476162
苗栗縣銅鑼鄉銅鑼村2鄰弘揚3號,10005,1000510,1000510-002,2鄰,弘揚,,,,,,3號,120.78749723344,24.490786292687
苗栗縣銅鑼鄉銅鑼村2鄰弘揚5號,10005,1000510,1000510-002,2鄰,弘揚,,,,,,5號,120.78749404515,24.490746019062
苗栗縣銅鑼鄉銅鑼村2鄰弘揚7號,10005,1000510,1000510-002,2鄰,弘揚,,,,,,7號,120.78749075804,24.490705835587
苗栗縣銅鑼鄉銅鑼村2鄰弘揚7之1號,10005,1000510,1000510-002,2鄰,弘揚,,,,,,7之1號,120.78724337046,24.490784219791
苗栗縣銅鑼鄉銅鑼村2鄰弘揚7之2號,10005,1000510,1000510-002,2鄰,弘揚,,,,,,7之2號,120.78728698342,24.490782565719
苗栗縣銅鑼鄉銅鑼村2鄰弘揚7之3號,10005,1000510,1000510-002,2鄰,弘揚,,,,,,7之3號,120.78733069519,24.490780821485
苗栗縣銅鑼鄉銅鑼村2鄰弘揚8號,10005,1000510,1000510-002,2鄰,弘揚,,,,,,8號,120.78768543354,24.490642003793
苗栗縣銅鑼鄉銅鑼村2鄰弘揚10號,10005,1000510,1000510-002,2鄰,弘揚,,,,,,10號,120.78767653109,24.490596665923
