FULL_ADDR,COUNTY,TOWN,VILLAGE,NEIGHBORHOOD,ROAD,SECTION,LANE,ALLEY,SUB_ALLEY,TONG,NUMBER,X,Y
彰化縣鹿港鎮東崎里26鄰祥和一街2巷1號,10007,1000702,1000702-006,26鄰,祥和一街,,2巷,,,,1號,120.46212926267,24.056054262679
彰化縣鹿港鎮東崎里26鄰祥和一街2巷2號,10007,1000702,1000702-006,26鄰,祥和一街,,2巷,,,,2號,120.46213260594,24.055865472918
彰化縣鹿港鎮東崎里26鄰祥和一街2巷3號,10007,1000702,1000702-006,26鄰,祥和一街,,2巷,,,,3號,120.46220549468,24.056047578026
彰化縣鹿港鎮東崎里26鄰祥和一街2巷5號,10007,1000702,1000702-006,26鄰,祥和一街,,2巷,,,,5號,120.46229436265,24.056052495158
彰化縣鹿港鎮東崎里26鄰祥和一街2巷6號,10007,1000702,1000702-006,26鄰,祥和一街,,2巷,,,,6號,120.4622087799,24.055872693095
彰化縣鹿港鎮東崎里26鄰祥和一街2巷7號,10007,1000702,1000702-006,26鄰,祥和一街,,2巷,,,,7號,120.46240350506,24.056052878534
彰化縣鹿港鎮東崎里26鄰祥和一街2巷8號,10007,1000702,1000702-006,26鄰,祥和一街,,2巷,,,,8號,120.46230010553,24.055877709149
彰化縣鹿港鎮東崎里26鄰祥和一街2巷10號,10007,1000702,1000702-006,26鄰,祥和一街,,2巷,,,,10號,120.46241177533,24.055885053915
