FULL_ADDR,COUNTY,TOWN,VILLAGE,NEIGHBORHOOD,ROAD,SECTION,LANE,ALLEY,SUB_ALLEY,TONG,NUMBER,X,Y
彰化縣大村鄉過溝村5鄰鎮安三巷28號,10007,1000713,1000713-006,5鄰,鎮安三巷,,,,,,28號,120.55887951148,23.990462719804
彰化縣大村鄉過溝村5鄰鎮安三巷30號,10007,1000713,1000713-006,5鄰,鎮安三巷,,,,,,30號,120.55886622083,23.99052715156
彰化縣大村鄉過溝村5鄰鎮安三巷32號,10007,1000713,1000713-006,5鄰,鎮安三巷,,,,,,32號,120.55883997376,23.990586760462
彰化縣大村鄉過溝村5鄰鎮安三巷36號,10007,1000713,1000713-006,5鄰,鎮安三巷,,,,,,36號,120.55882153126,23.990634472988
