FULL_ADDR,COUNTY,TOWN,VILLAGE,NEIGHBORHOOD,ROAD,SECTION,LANE,ALLEY,SUB_ALLEY,TONG,NUMBER,X,Y
宜蘭縣羅東鎮東安里11鄰東宜二路32巷1號,10002,1000202,1000202-005,11鄰,東宜二路,,32巷,,,,1號,121.7761690484,24.676861974905
宜蘭縣羅東鎮東安里11鄰東宜二路32巷2號,10002,1000202,1000202-005,11鄰,東宜二路,,32巷,,,,2號,121.77604722456,24.676862604462
宜蘭縣羅東鎮東安里11鄰東宜二路28號,10002,1000202,1000202-005,11鄰,東宜二路,,,,,,28號,121.77622507981,24.67673565123
宜蘭縣羅東鎮東安里11鄰東宜二路30號,10002,1000202,1000202-005,11鄰,東宜二路,,,,,,30號,121.77616291448,24.676732993204
宜蘭縣羅東鎮東安里11鄰東宜二路36號,10002,1000202,1000202-005,11鄰,東宜二路,,,,,,36號,121.77604855405,24.676742161006
宜蘭縣羅東鎮東安里11鄰東宜二路38號,10002,1000202,1000202-005,11鄰,東宜二路,,,,,,38號,121.77598966764,24.676742465281
