FULL_ADDR,COUNTY,TOWN,VILLAGE,NEIGHBORHOOD,ROAD,SECTION,LANE,ALLEY,SUB_ALLEY,TONG,NUMBER,X,Y
苗栗縣竹南鎮龍山里13鄰龍美街9號,10005,1000504,1000504-025,13鄰,龍美街,,,,,,9號,120.87302917787,24.700737941069
苗栗縣竹南鎮龍山里13鄰龍美街11號,10005,1000504,1000504-025,13鄰,龍美街,,,,,,11號,120.87309577708,24.700750366756
苗栗縣竹南鎮龍山里13鄰龍美街17號,10005,1000504,1000504-025,13鄰,龍美街,,,,,,17號,120.87333955063,24.70079138254
苗栗縣竹南鎮龍山里13鄰龍美街38號,10005,1000504,1000504-025,13鄰,龍美街,,,,,,38號,120.87336210016,24.700384386419
