FULL_ADDR,COUNTY,TOWN,VILLAGE,NEIGHBORHOOD,ROAD,SECTION,LANE,ALLEY,SUB_ALLEY,TONG,NUMBER,X,Y
宜蘭縣冬山鄉安平村12鄰安中路35號,10002,1000208,1000208-010,12鄰,安中路,,,,,,35號,121.7896316765,24.63156366595
宜蘭縣冬山鄉安平村12鄰安中路36號,10002,1000208,1000208-010,12鄰,安中路,,,,,,36號,121.78918025002,24.63202792158
宜蘭縣冬山鄉安平村12鄰安中路38號,10002,1000208,1000208-010,12鄰,安中路,,,,,,38號,121.78922844926,24.632074976736
