FULL_ADDR,COUNTY,TOWN,VILLAGE,NEIGHBORHOOD,ROAD,SECTION,LANE,ALLEY,SUB_ALLEY,TONG,NUMBER,X,Y
苗栗縣三灣鄉頂寮村4鄰龍峎寮17號,10005,1000516,1000516-004,4鄰,龍峎寮,,,,,,17號,121.00210056373,24.642670042611
苗栗縣三灣鄉頂寮村4鄰龍峎寮17之9號,10005,1000516,1000516-004,4鄰,龍峎寮,,,,,,17之9號,121.00255992394,24.643164363045
苗栗縣三灣鄉頂寮村4鄰龍峎寮17之15號,10005,1000516,1000516-004,4鄰,龍峎寮,,,,,,17之15號,121.00138645676,24.643542234281
苗栗縣三灣鄉頂寮村4鄰龍峎寮17之25號,10005,1000516,1000516-004,4鄰,龍峎寮,,,,,,17之25號,121.00250047853,24.644338470859
苗栗縣三灣鄉頂寮村4鄰龍峎寮20號,10005,1000516,1000516-004,4鄰,龍峎寮,,,,,,20號,121.00502634949,24.641979088381
