FULL_ADDR,COUNTY,TOWN,VILLAGE,NEIGHBORHOOD,ROAD,SECTION,LANE,ALLEY,SUB_ALLEY,TONG,NUMBER,X,Y
南投縣竹山鎮大鞍里2鄰坪山巷1號,10008,1000804,1000804-019,2鄰,坪山巷,,,,,,1號,120.72096615148,23.708807625349
南投縣竹山鎮大鞍里2鄰坪山巷2號,10008,1000804,1000804-019,2鄰,坪山巷,,,,,,2號,120.72104922868,23.70893961088
南投縣竹山鎮大鞍里2鄰坪山巷3號,10008,1000804,1000804-019,2鄰,坪山巷,,,,,,3號,120.72147113862,23.708883573078
南投縣竹山鎮大鞍里2鄰坪山巷5號,10008,1000804,1000804-019,2鄰,坪山巷,,,,,,5號,120.72187618814,23.710165546441
南投縣竹山鎮大鞍里2鄰坪山巷5之2號,10008,1000804,1000804-019,2鄰,坪山巷,,,,,,5之2號,120.72218312162,23.710222534313
南投縣竹山鎮大鞍里1鄰坪山巷14號,10008,1000804,1000804-019,1鄰,坪山巷,,,,,,14號,120.72449512073,23.708998608485
南投縣竹山鎮大鞍里1鄰坪山巷14之1號,10008,1000804,1000804-019,1鄰,坪山巷,,,,,,14之1號,120.72439911731,23.709369564293
南投縣竹山鎮大鞍里1鄰坪山巷17之1號,10008,1000804,1000804-019,1鄰,坪山巷,,,,,,17之1號,120.72234814133,23.706529532433
南投縣竹山鎮大鞍里1鄰坪山巷26之1號,10008,1000804,1000804-019,1鄰,坪山巷,,,,,,26之1號,120.71998317607,23.705517540414
