FULL_ADDR,COUNTY,TOWN,VILLAGE,NEIGHBORHOOD,ROAD,SECTION,LANE,ALLEY,SUB_ALLEY,TONG,NUMBER,X,Y
新竹縣橫山鄉橫山村2鄰横山42號,10004,1000408,1000408-001,2鄰,横山,,,,,,42號,121.11655218344,24.718279954015
新竹縣橫山鄉橫山村4鄰横山72號,10004,1000408,1000408-001,4鄰,横山,,,,,,72號,121.11583306969,24.718460742159
新竹縣橫山鄉橫山村3鄰横山79號,10004,1000408,1000408-001,3鄰,横山,,,,,,79號,121.11605640755,24.71812871023
新竹縣橫山鄉橫山村3鄰横山88號,10004,1000408,1000408-001,3鄰,横山,,,,,,88號,121.11599251693,24.717853943729
新竹縣橫山鄉橫山村3鄰横山91號,10004,1000408,1000408-001,3鄰,横山,,,,,,91號,121.11583677744,24.717714317672
新竹縣橫山鄉橫山村3鄰横山91之1號,10004,1000408,1000408-001,3鄰,横山,,,,,,91之1號,121.11593873465,24.717671235152
