FULL_ADDR,COUNTY,TOWN,VILLAGE,NEIGHBORHOOD,ROAD,SECTION,LANE,ALLEY,SUB_ALLEY,TONG,NUMBER,X,Y
苗栗縣竹南鎮新南里17鄰公園六街2號,10005,1000504,1000504-004,17鄰,公園六街,,,,,,2號,120.89127277012,24.69087572805
苗栗縣竹南鎮新南里17鄰公園六街6號,10005,1000504,1000504-004,17鄰,公園六街,,,,,,6號,120.89126794649,24.690968088622
苗栗縣竹南鎮新南里17鄰公園六街8號,10005,1000504,1000504-004,17鄰,公園六街,,,,,,8號,120.89127982399,24.691060371001
苗栗縣頭份鎮後庄里21鄰公園六街5號,10005,1000505,1000505-015,21鄰,公園六街,,,,,,5號,120.89092124296,24.691459903721
苗栗縣頭份鎮後庄里21鄰公園六街70號,10005,1000505,1000505-015,21鄰,公園六街,,,,,,70號,120.89130857813,24.692659292153
苗栗縣頭份鎮後庄里21鄰公園六街72號,10005,1000505,1000505-015,21鄰,公園六街,,,,,,72號,120.89130493337,24.692759689139
苗栗縣頭份鎮後庄里21鄰公園六街96號,10005,1000505,1000505-015,21鄰,公園六街,,,,,,96號,120.89125695483,24.693499108426
苗栗縣頭份鎮後庄里21鄰公園六街99號,10005,1000505,1000505-015,21鄰,公園六街,,,,,,99號,120.89081183206,24.693516842809
苗栗縣頭份鎮後庄里21鄰公園六街100號,10005,1000505,1000505-015,21鄰,公園六街,,,,,,100號,120.89134737106,24.693736900678
