FULL_ADDR,COUNTY,TOWN,VILLAGE,NEIGHBORHOOD,ROAD,SECTION,LANE,ALLEY,SUB_ALLEY,TONG,NUMBER,X,Y
宜蘭縣員山鄉湖北村12鄰湖前路88號,10002,1000207,1000207-015,12鄰,湖前路,,,,,,88號,121.69206857517,24.745002208098
宜蘭縣員山鄉湖北村12鄰湖前路106號,10002,1000207,1000207-015,12鄰,湖前路,,,,,,106號,121.69174556582,24.744067739412
宜蘭縣員山鄉湖北村12鄰湖前路147之1號,10002,1000207,1000207-015,12鄰,湖前路,,,,,,147之1號,121.692017366,24.742877282075
宜蘭縣員山鄉湖北村12鄰湖前路171號,10002,1000207,1000207-015,12鄰,湖前路,,,,,,171號,121.69172995831,24.742015416435
宜蘭縣員山鄉湖北村12鄰湖前路185號,10002,1000207,1000207-015,12鄰,湖前路,,,,,,185號,121.69165516859,24.741309029001
