FULL_ADDR,COUNTY,TOWN,VILLAGE,NEIGHBORHOOD,ROAD,SECTION,LANE,ALLEY,SUB_ALLEY,TONG,NUMBER,X,Y
雲林縣東勢鄉月眉村7鄰可法街2號,10009,1000914,1000914-005,7鄰,可法街,,,,,,2號,120.2857640431,23.68617133426
雲林縣東勢鄉月眉村7鄰可法街4號,10009,1000914,1000914-005,7鄰,可法街,,,,,,4號,120.28603706393,23.687291389362
雲林縣東勢鄉月眉村7鄰可法街5號,10009,1000914,1000914-005,7鄰,可法街,,,,,,5號,120.28628584443,23.687360934385
雲林縣東勢鄉月眉村7鄰可法街5之2號,10009,1000914,1000914-005,7鄰,可法街,,,,,,5之2號,120.28616915047,23.687300982615
雲林縣東勢鄉月眉村7鄰可法街7號,10009,1000914,1000914-005,7鄰,可法街,,,,,,7號,120.28644427432,23.686634629838
雲林縣東勢鄉月眉村7鄰可法街7之8號,10009,1000914,1000914-005,7鄰,可法街,,,,,,7之8號,120.28633799433,23.686269584345
