FULL_ADDR,COUNTY,TOWN,VILLAGE,NEIGHBORHOOD,ROAD,SECTION,LANE,ALLEY,SUB_ALLEY,TONG,NUMBER,X,Y
新竹縣湖口鄉信勢村16鄰金城街2號,10004,1000405,1000405-004,16鄰,金城街,,,,,,2號,121.04134504102,24.903564978821
新竹縣湖口鄉信勢村16鄰金城街6號,10004,1000405,1000405-004,16鄰,金城街,,,,,,6號,121.04139482584,24.90354112978
新竹縣湖口鄉信勢村16鄰金城街6之1號,10004,1000405,1000405-004,16鄰,金城街,,,,,,6之1號,121.04143669208,24.903519540047
新竹縣湖口鄉信勢村16鄰金城街6之2號,10004,1000405,1000405-004,16鄰,金城街,,,,,,6之2號,121.04146559125,24.903500481887
新竹縣湖口鄉信勢村16鄰金城街8號,10004,1000405,1000405-004,16鄰,金城街,,,,,,8號,121.04150745429,24.903469412212
新竹縣湖口鄉信勢村16鄰金城街10號,10004,1000405,1000405-004,16鄰,金城街,,,,,,10號,121.04155199169,24.903443126884
新竹縣湖口鄉信勢村16鄰金城街12號,10004,1000405,1000405-004,16鄰,金城街,,,,,,12號,121.04159386189,24.903433545008
新竹縣湖口鄉信勢村14鄰金城街17號,10004,1000405,1000405-004,14鄰,金城街,,,,,,17號,121.04161746685,24.903390580831
新竹縣湖口鄉信勢村13鄰金城街23號,10004,1000405,1000405-004,13鄰,金城街,,,,,,23號,121.04158342339,24.903419255806
