FULL_ADDR,COUNTY,TOWN,VILLAGE,NEIGHBORHOOD,ROAD,SECTION,LANE,ALLEY,SUB_ALLEY,TONG,NUMBER,X,Y
南投縣埔里鎮牛眠里17鄰牛眠二巷1之2號,10008,1000802,1000802-026,17鄰,牛眠二巷,,,,,,1之2號,120.97550370822,23.991792726476
南投縣埔里鎮牛眠里16鄰牛眠二巷2號,10008,1000802,1000802-026,16鄰,牛眠二巷,,,,,,2號,120.97560765228,23.99199581846
南投縣埔里鎮牛眠里16鄰牛眠二巷2之1號,10008,1000802,1000802-026,16鄰,牛眠二巷,,,,,,2之1號,120.97569671719,23.991882330687
南投縣埔里鎮牛眠里16鄰牛眠二巷2之2號,10008,1000802,1000802-026,16鄰,牛眠二巷,,,,,,2之2號,120.97572600837,23.991865630589
南投縣埔里鎮牛眠里16鄰牛眠二巷2之6號,10008,1000802,1000802-026,16鄰,牛眠二巷,,,,,,2之6號,120.9758195644,23.991910973896
南投縣埔里鎮牛眠里16鄰牛眠二巷3號,10008,1000802,1000802-026,16鄰,牛眠二巷,,,,,,3號,120.97561556638,23.991722223223
南投縣埔里鎮牛眠里16鄰牛眠二巷3之1號,10008,1000802,1000802-026,16鄰,牛眠二巷,,,,,,3之1號,120.97569488706,23.991684040658
南投縣埔里鎮牛眠里16鄰牛眠二巷3之2號,10008,1000802,1000802-026,16鄰,牛眠二巷,,,,,,3之2號,120.97572732457,23.991660117388
南投縣埔里鎮牛眠里16鄰牛眠二巷6號,10008,1000802,1000802-026,16鄰,牛眠二巷,,,,,,6號,120.97587297985,23.991651833149
