FULL_ADDR,COUNTY,TOWN,VILLAGE,NEIGHBORHOOD,ROAD,SECTION,LANE,ALLEY,SUB_ALLEY,TONG,NUMBER,X,Y
雲林縣虎尾鎮平和里19鄰大成一街11號,10009,1000903,1000903-008,19鄰,大成一街,,,,,,11號,120.44468906638,23.712342549032
雲林縣虎尾鎮平和里19鄰大成一街11之1號,10009,1000903,1000903-008,19鄰,大成一街,,,,,,11之1號,120.44477358622,23.712346103001
雲林縣虎尾鎮平和里18鄰大成一街28號,10009,1000903,1000903-008,18鄰,大成一街,,,,,,28號,120.44504719753,23.712624113497
