FULL_ADDR,COUNTY,TOWN,VILLAGE,NEIGHBORHOOD,ROAD,SECTION,LANE,ALLEY,SUB_ALLEY,TONG,NUMBER,X,Y
新竹縣關西鎮北斗里4鄰豐德新村1號,10004,1000404,1000404-004,4鄰,豐德新村,,,,,,1號,121.17880188297,24.793380198594
新竹縣關西鎮北斗里4鄰豐德新村2號,10004,1000404,1000404-004,4鄰,豐德新村,,,,,,2號,121.17878089716,24.793346781713
新竹縣關西鎮北斗里4鄰豐德新村3號,10004,1000404,1000404-004,4鄰,豐德新村,,,,,,3號,121.17876254599,24.793322913946
新竹縣關西鎮北斗里4鄰豐德新村4號,10004,1000404,1000404-004,4鄰,豐德新村,,,,,,4號,121.17875465197,24.793294257556
新竹縣關西鎮北斗里4鄰豐德新村5號,10004,1000404,1000404-004,4鄰,豐德新村,,,,,,5號,121.17873368635,24.793268009356
新竹縣關西鎮北斗里4鄰豐德新村6號,10004,1000404,1000404-004,4鄰,豐德新村,,,,,,6號,121.1787179531,24.793248914588
新竹縣關西鎮北斗里4鄰豐德新村7號,10004,1000404,1000404-004,4鄰,豐德新村,,,,,,7號,121.17870483395,24.793225040566
新竹縣關西鎮北斗里4鄰豐德新村8號,10004,1000404,1000404-004,4鄰,豐德新村,,,,,,8號,121.17868123715,24.793191626788
新竹縣關西鎮北斗里4鄰豐德新村9號,10004,1000404,1000404-004,4鄰,豐德新村,,,,,,9號,121.17865763693,24.79315582043
