FULL_ADDR,COUNTY,TOWN,VILLAGE,NEIGHBORHOOD,ROAD,SECTION,LANE,ALLEY,SUB_ALLEY,TONG,NUMBER,X,Y
宜蘭縣三星鄉萬富村11鄰萬富七路86巷22號,10002,1000210,1000210-014,11鄰,萬富七路,,86巷,,,,22號,121.67509845624,24.681551210629
宜蘭縣三星鄉萬富村11鄰萬富七路33號,10002,1000210,1000210-014,11鄰,萬富七路,,,,,,33號,121.6769042997,24.680942153881
宜蘭縣三星鄉萬富村11鄰萬富七路35號,10002,1000210,1000210-014,11鄰,萬富七路,,,,,,35號,121.67698965778,24.680939512
宜蘭縣三星鄉萬富村12鄰萬富七路156號,10002,1000210,1000210-014,12鄰,萬富七路,,,,,,156號,121.6728610768,24.680833296029
宜蘭縣三星鄉萬富村12鄰萬富七路158號,10002,1000210,1000210-014,12鄰,萬富七路,,,,,,158號,121.67274519712,24.680856386112
