FULL_ADDR,COUNTY,TOWN,VILLAGE,NEIGHBORHOOD,ROAD,SECTION,LANE,ALLEY,SUB_ALLEY,TONG,NUMBER,X,Y
彰化縣溪州鄉溪厝村14鄰俊智路1巷756弄1號,10007,1000726,1000726-001,14鄰,俊智路,,1巷,756弄,,,1號,120.48933778989,23.83205499586
彰化縣溪州鄉溪厝村14鄰俊智路1巷756弄36號,10007,1000726,1000726-001,14鄰,俊智路,,1巷,756弄,,,36號,120.48842123552,23.832347430074
彰化縣溪州鄉溪州村11鄰俊智路67號,10007,1000726,1000726-011,11鄰,俊智路,,,,,,67號,120.48961779695,23.849168177808
彰化縣溪州鄉溪州村11鄰俊智路123號,10007,1000726,1000726-011,11鄰,俊智路,,,,,,123號,120.4892177864,23.851247477204
彰化縣溪州鄉溪州村11鄰俊智路237號,10007,1000726,1000726-011,11鄰,俊智路,,,,,,237號,120.48918542968,23.851430027869
彰化縣溪州鄉三條村5鄰俊智路1巷888弄18號,10007,1000726,1000726-019,5鄰,俊智路,,1巷,888弄,,,18號,120.48836701474,23.827346441413
彰化縣溪州鄉三條村5鄰俊智路1巷756弄120號,10007,1000726,1000726-019,5鄰,俊智路,,1巷,756弄,,,120號,120.4863791245,23.832371267286
