FULL_ADDR,COUNTY,TOWN,VILLAGE,NEIGHBORHOOD,ROAD,SECTION,LANE,ALLEY,SUB_ALLEY,TONG,NUMBER,X,Y
南投縣埔里鎮蜈蚣里13鄰石坑路1號,10008,1000802,1000802-028,13鄰,石坑路,,,,,,1號,121.01697778032,23.989250288335
南投縣埔里鎮蜈蚣里13鄰石坑路2號,10008,1000802,1000802-028,13鄰,石坑路,,,,,,2號,121.01644479731,23.989169080086
南投縣埔里鎮蜈蚣里13鄰石坑路3號,10008,1000802,1000802-028,13鄰,石坑路,,,,,,3號,121.01655914612,23.989553728341
南投縣埔里鎮蜈蚣里13鄰石坑路11號,10008,1000802,1000802-028,13鄰,石坑路,,,,,,11號,121.01612282033,24.017472404684
