FULL_ADDR,COUNTY,TOWN,VILLAGE,NEIGHBORHOOD,ROAD,SECTION,LANE,ALLEY,SUB_ALLEY,TONG,NUMBER,X,Y
苗栗縣通霄鎮新埔里7鄰秋茂路1號,10005,1000503,1000503-020,7鄰,秋茂路,,,,,,1號,120.69619351661,24.538882481899
苗栗縣通霄鎮新埔里7鄰秋茂路3號,10005,1000503,1000503-020,7鄰,秋茂路,,,,,,3號,120.69623165956,24.538864320445
苗栗縣通霄鎮新埔里7鄰秋茂路5號,10005,1000503,1000503-020,7鄰,秋茂路,,,,,,5號,120.69626970378,24.538846158781
苗栗縣通霄鎮新埔里7鄰秋茂路7號,10005,1000503,1000503-020,7鄰,秋茂路,,,,,,7號,120.69630784692,24.538827907019
苗栗縣通霄鎮新埔里7鄰秋茂路11號,10005,1000503,1000503-020,7鄰,秋茂路,,,,,,11號,120.69639645781,24.538755854587
苗栗縣通霄鎮新埔里7鄰秋茂路17號,10005,1000503,1000503-020,7鄰,秋茂路,,,,,,17號,120.69666359925,24.538734090858
苗栗縣通霄鎮新埔里7鄰秋茂路39號,10005,1000503,1000503-020,7鄰,秋茂路,,,,,,39號,120.69823056584,24.53812959235
