FULL_ADDR,COUNTY,TOWN,VILLAGE,NEIGHBORHOOD,ROAD,SECTION,LANE,ALLEY,SUB_ALLEY,TONG,NUMBER,X,Y
雲林縣斗六市榴南里9鄰斗工五路1號,10009,1000901,1000901-028,9鄰,斗工五路,,,,,,1號,120.59622486113,23.718841630859
雲林縣斗六市榴南里9鄰斗工五路2號,10009,1000901,1000901-028,9鄰,斗工五路,,,,,,2號,120.59589507407,23.718918416629
雲林縣斗六市榴南里9鄰斗工五路2之1號,10009,1000901,1000901-028,9鄰,斗工五路,,,,,,2之1號,120.5958983203,23.718660625605
