FULL_ADDR,COUNTY,TOWN,VILLAGE,NEIGHBORHOOD,ROAD,SECTION,LANE,ALLEY,SUB_ALLEY,TONG,NUMBER,X,Y
新竹縣關西鎮南新里6鄰{苧}子園10號,10004,1000404,1000404-020,6鄰,{苧}子園,,,,,,10號,121.17089037235,24.774832074265
新竹縣關西鎮南新里6鄰{苧}子園11號,10004,1000404,1000404-020,6鄰,{苧}子園,,,,,,11號,121.17140583206,24.774847014407
新竹縣關西鎮南新里8鄰{苧}子園23號,10004,1000404,1000404-020,8鄰,{苧}子園,,,,,,23號,121.173929572,24.770739607898
