FULL_ADDR,COUNTY,TOWN,VILLAGE,NEIGHBORHOOD,ROAD,SECTION,LANE,ALLEY,SUB_ALLEY,TONG,NUMBER,X,Y
南投縣埔里鎮大城里6鄰大同一巷4號,10008,1000802,1000802-008,6鄰,大同一巷,,,,,,4號,120.95663492461,23.97336546534
南投縣埔里鎮大城里6鄰大同一巷6號,10008,1000802,1000802-008,6鄰,大同一巷,,,,,,6號,120.95657389935,23.973367976374
南投縣埔里鎮大城里6鄰大同一巷8號,10008,1000802,1000802-008,6鄰,大同一巷,,,,,,8號,120.9565638235,23.973524637217
南投縣埔里鎮大城里10鄰大同一巷10之1號,10008,1000802,1000802-008,10鄰,大同一巷,,,,,,10之1號,120.95626709802,23.973393713929
南投縣埔里鎮大城里10鄰大同一巷12號,10008,1000802,1000802-008,10鄰,大同一巷,,,,,,12號,120.95616751226,23.973512786044
南投縣埔里鎮大城里6鄰大同一巷16號,10008,1000802,1000802-008,6鄰,大同一巷,,,,,,16號,120.95604151941,23.973551577318
南投縣埔里鎮大城里10鄰大同一巷32號,10008,1000802,1000802-008,10鄰,大同一巷,,,,,,32號,120.95592134755,23.973522016032
南投縣埔里鎮大城里10鄰大同一巷36號,10008,1000802,1000802-008,10鄰,大同一巷,,,,,,36號,120.95578800731,23.973493985891
