FULL_ADDR,COUNTY,TOWN,VILLAGE,NEIGHBORHOOD,ROAD,SECTION,LANE,ALLEY,SUB_ALLEY,TONG,NUMBER,X,Y
雲林縣斗六市溪洲里13鄰科加三路6號,10009,1000901,1000901-029,13鄰,科加三路,,,,,,6號,120.54727452878,23.732875742994
雲林縣斗六市溪洲里1鄰科加三路10號,10009,1000901,1000901-029,1鄰,科加三路,,,,,,10號,120.54428854835,23.739291273754
雲林縣斗六市溪洲里1鄰科加三路12號,10009,1000901,1000901-029,1鄰,科加三路,,,,,,12號,120.5439036329,23.740269670281
