FULL_ADDR,COUNTY,TOWN,VILLAGE,NEIGHBORHOOD,ROAD,SECTION,LANE,ALLEY,SUB_ALLEY,TONG,NUMBER,X,Y
雲林縣斗六市三平里9鄰廈門街2號,10009,1000901,1000901-008,9鄰,廈門街,,,,,,2號,120.53865427051,23.710898393099
雲林縣斗六市三平里9鄰廈門街2之1號,10009,1000901,1000901-008,9鄰,廈門街,,,,,,2之1號,120.53861523841,23.710929338953
雲林縣斗六市三平里10鄰廈門街5號,10009,1000901,1000901-008,10鄰,廈門街,,,,,,5號,120.53839393858,23.710998749567
雲林縣斗六市三平里9鄰廈門街6號,10009,1000901,1000901-008,9鄰,廈門街,,,,,,6號,120.53860070856,23.710958913104
雲林縣斗六市三平里10鄰廈門街7號,10009,1000901,1000901-008,10鄰,廈門街,,,,,,7號,120.53836209096,23.71104750533
雲林縣斗六市三平里9鄰廈門街8號,10009,1000901,1000901-008,9鄰,廈門街,,,,,,8號,120.5385697865,23.710995481552
雲林縣斗六市三平里9鄰廈門街10號,10009,1000901,1000901-008,9鄰,廈門街,,,,,,10號,120.53854055318,23.711025914823
雲林縣斗六市三平里9鄰廈門街12號,10009,1000901,1000901-008,9鄰,廈門街,,,,,,12號,120.53851884148,23.711064768156
雲林縣斗六市三平里10鄰廈門街23號,10009,1000901,1000901-008,10鄰,廈門街,,,,,,23號,120.53821715534,23.711262160738
