FULL_ADDR,COUNTY,TOWN,VILLAGE,NEIGHBORHOOD,ROAD,SECTION,LANE,ALLEY,SUB_ALLEY,TONG,NUMBER,X,Y
宜蘭縣三星鄉貴林村1鄰大排七路二段56號,10002,1000210,1000210-013,1鄰,大排七路,2段,,,,,56號,121.68277782152,24.690016673706
宜蘭縣三星鄉貴林村1鄰大排七路二段57號,10002,1000210,1000210-013,1鄰,大排七路,2段,,,,,57號,121.6826369321,24.689984902681
宜蘭縣三星鄉貴林村1鄰大排七路二段60號,10002,1000210,1000210-013,1鄰,大排七路,2段,,,,,60號,121.68226011149,24.68990698571
宜蘭縣三星鄉貴林村1鄰大排七路二段86號,10002,1000210,1000210-013,1鄰,大排七路,2段,,,,,86號,121.68055548218,24.689611099781
宜蘭縣三星鄉貴林村1鄰大排七路二段87號,10002,1000210,1000210-013,1鄰,大排七路,2段,,,,,87號,121.6803692915,24.689716853016
宜蘭縣三星鄉貴林村5鄰大排七路二段162號,10002,1000210,1000210-013,5鄰,大排七路,2段,,,,,162號,121.67396113,24.688091673938
宜蘭縣三星鄉尚武村10鄰大排七路一段48號,10002,1000210,1000210-016,10鄰,大排七路,1段,,,,,48號,121.6922801211,24.690946680368
