FULL_ADDR,COUNTY,TOWN,VILLAGE,NEIGHBORHOOD,ROAD,SECTION,LANE,ALLEY,SUB_ALLEY,TONG,NUMBER,X,Y
南投縣水里鄉新山村4鄰新安路1號,10008,1000811,1000811-012,4鄰,新安路,,,,,,1號,120.86952499076,23.765670500829
南投縣水里鄉新山村4鄰新安路2號,10008,1000811,1000811-012,4鄰,新安路,,,,,,2號,120.86968448643,23.766294868087
南投縣水里鄉新山村4鄰新安路3號,10008,1000811,1000811-012,4鄰,新安路,,,,,,3號,120.87035113318,23.766713239577
南投縣水里鄉新山村4鄰新安路5號,10008,1000811,1000811-012,4鄰,新安路,,,,,,5號,120.87083705903,23.766338818142
南投縣水里鄉新山村4鄰新安路6號,10008,1000811,1000811-012,4鄰,新安路,,,,,,6號,120.87089423778,23.766260035466
南投縣水里鄉新山村4鄰新安路7號,10008,1000811,1000811-012,4鄰,新安路,,,,,,7號,120.87181860363,23.766403205802
南投縣水里鄉新山村4鄰新安路8號,10008,1000811,1000811-012,4鄰,新安路,,,,,,8號,120.87109715104,23.765643828232
