FULL_ADDR,COUNTY,TOWN,VILLAGE,NEIGHBORHOOD,ROAD,SECTION,LANE,ALLEY,SUB_ALLEY,TONG,NUMBER,X,Y
宜蘭縣冬山鄉中山村1鄰中山一路80巷1號,10002,1000208,1000208-014,1鄰,中山一路,,80巷,,,,1號,121.74746428145,24.635973358756
宜蘭縣冬山鄉中山村1鄰中山一路80巷5號,10002,1000208,1000208-014,1鄰,中山一路,,80巷,,,,5號,121.74745870553,24.636065475309
宜蘭縣冬山鄉中山村1鄰中山一路19號,10002,1000208,1000208-014,1鄰,中山一路,,,,,,19號,121.7494519479,24.635498867984
宜蘭縣冬山鄉中山村1鄰中山一路21號,10002,1000208,1000208-014,1鄰,中山一路,,,,,,21號,121.74927168178,24.635547887258
宜蘭縣冬山鄉中山村1鄰中山一路35號,10002,1000208,1000208-014,1鄰,中山一路,,,,,,35號,121.74881228991,24.635780758841
宜蘭縣冬山鄉中山村1鄰中山一路78號,10002,1000208,1000208-014,1鄰,中山一路,,,,,,78號,121.74774037054,24.636025704569
宜蘭縣冬山鄉中山村1鄰中山一路82號,10002,1000208,1000208-014,1鄰,中山一路,,,,,,82號,121.74746408001,24.635939503567
宜蘭縣冬山鄉中山村1鄰中山一路86號,10002,1000208,1000208-014,1鄰,中山一路,,,,,,86號,121.74745775476,24.635905678819
宜蘭縣冬山鄉中山村1鄰中山一路88號,10002,1000208,1000208-014,1鄰,中山一路,,,,,,88號,121.74735266961,24.635874240904
宜蘭縣冬山鄉中山村1鄰中山一路90號,10002,1000208,1000208-014,1鄰,中山一路,,,,,,90號,121.74743666414,24.635830577772
宜蘭縣冬山鄉中山村1鄰中山一路91號,10002,1000208,1000208-014,1鄰,中山一路,,,,,,91號,121.74769290188,24.635667606705
宜蘭縣冬山鄉中山村1鄰中山一路92號,10002,1000208,1000208-014,1鄰,中山一路,,,,,,92號,121.74739738098,24.635785631445
宜蘭縣冬山鄉中山村1鄰中山一路95號,10002,1000208,1000208-014,1鄰,中山一路,,,,,,95號,121.74755830421,24.635523461704
宜蘭縣冬山鄉中山村1鄰中山一路97號,10002,1000208,1000208-014,1鄰,中山一路,,,,,,97號,121.7475163115,24.63538833598
