FULL_ADDR,COUNTY,TOWN,VILLAGE,NEIGHBORHOOD,ROAD,SECTION,LANE,ALLEY,SUB_ALLEY,TONG,NUMBER,X,Y
宜蘭縣三星鄉萬富村9鄰富月路142號,10002,1000210,1000210-014,9鄰,富月路,,,,,,142號,121.66258223411,24.673939429973
宜蘭縣三星鄉萬富村9鄰富月路152號,10002,1000210,1000210-014,9鄰,富月路,,,,,,152號,121.66214248376,24.674057745067
