FULL_ADDR,COUNTY,TOWN,VILLAGE,NEIGHBORHOOD,ROAD,SECTION,LANE,ALLEY,SUB_ALLEY,TONG,NUMBER,X,Y
宜蘭縣五結鄉大吉村6鄰大吉東路17號,10002,1000209,1000209-009,6鄰,大吉東路,,,,,,17號,121.80169637549,24.694391606132
宜蘭縣五結鄉大吉村6鄰大吉東路19號,10002,1000209,1000209-009,6鄰,大吉東路,,,,,,19號,121.80179677466,24.695024486422
宜蘭縣五結鄉大吉村10鄰大吉東路27號,10002,1000209,1000209-009,10鄰,大吉東路,,,,,,27號,121.80236122293,24.69514623955
宜蘭縣五結鄉大吉村14鄰大吉東路36號,10002,1000209,1000209-009,14鄰,大吉東路,,,,,,36號,121.80497205188,24.70220564561
