FULL_ADDR,COUNTY,TOWN,VILLAGE,NEIGHBORHOOD,ROAD,SECTION,LANE,ALLEY,SUB_ALLEY,TONG,NUMBER,X,Y
苗栗縣竹南鎮新南里17鄰公園一街2號,10005,1000504,1000504-004,17鄰,公園一街,,,,,,2號,120.88690800682,24.690828082101
苗栗縣竹南鎮新南里17鄰公園一街29之1號,10005,1000504,1000504-004,17鄰,公園一街,,,,,,29之1號,120.88605639487,24.692628672481
苗栗縣竹南鎮新南里17鄰公園一街53之1號,10005,1000504,1000504-004,17鄰,公園一街,,,,,,53之1號,120.88654259372,24.691882544262
苗栗縣竹南鎮新南里17鄰公園一街79之2號,10005,1000504,1000504-004,17鄰,公園一街,,,,,,79之2號,120.88604515008,24.69217072612
