FULL_ADDR,COUNTY,TOWN,VILLAGE,NEIGHBORHOOD,ROAD,SECTION,LANE,ALLEY,SUB_ALLEY,TONG,NUMBER,X,Y
彰化縣線西鄉線西村19鄰彰濱西四路2號,10007,1000704,1000704-001,19鄰,彰濱西四路,,,,,,2號,120.4388327444,24.149150541014
彰化縣線西鄉線西村19鄰彰濱西四路8號,10007,1000704,1000704-001,19鄰,彰濱西四路,,,,,,8號,120.43857325338,24.149176132258
彰化縣線西鄉線西村19鄰彰濱西四路16號,10007,1000704,1000704-001,19鄰,彰濱西四路,,,,,,16號,120.43663868385,24.150578898843
彰化縣線西鄉線西村19鄰彰濱西四路18號,10007,1000704,1000704-001,19鄰,彰濱西四路,,,,,,18號,120.43600908003,24.150700452749
彰化縣線西鄉線西村19鄰彰濱西四路20號,10007,1000704,1000704-001,19鄰,彰濱西四路,,,,,,20號,120.43551099202,24.15105598325
