FULL_ADDR,COUNTY,TOWN,VILLAGE,NEIGHBORHOOD,ROAD,SECTION,LANE,ALLEY,SUB_ALLEY,TONG,NUMBER,X,Y
彰化縣田中鎮沙崙里6鄰新工五路8號,10007,1000712,1000712-017,6鄰,新工五路,,,,,,8號,120.57340773566,23.845854445421
彰化縣田中鎮沙崙里6鄰新工五路18號,10007,1000712,1000712-017,6鄰,新工五路,,,,,,18號,120.57233841585,23.846445573883
彰化縣田中鎮沙崙里6鄰新工五路22號,10007,1000712,1000712-017,6鄰,新工五路,,,,,,22號,120.5718313499,23.846600106593
彰化縣田中鎮沙崙里6鄰新工五路28號,10007,1000712,1000712-017,6鄰,新工五路,,,,,,28號,120.57141136123,23.846775151287
彰化縣田中鎮沙崙里6鄰新工五路36號,10007,1000712,1000712-017,6鄰,新工五路,,,,,,36號,120.57282931505,23.845861728007
彰化縣田中鎮沙崙里6鄰新工五路38號,10007,1000712,1000712-017,6鄰,新工五路,,,,,,38號,120.57081528792,23.846677335976
彰化縣田中鎮沙崙里6鄰新工五路62號,10007,1000712,1000712-017,6鄰,新工五路,,,,,,62號,120.57210219349,23.846234817578
彰化縣田中鎮沙崙里6鄰新工五路64號,10007,1000712,1000712-017,6鄰,新工五路,,,,,,64號,120.57130827783,23.846337697043
彰化縣田中鎮沙崙里6鄰新工五路64之1號,10007,1000712,1000712-017,6鄰,新工五路,,,,,,64之1號,120.5714575578,23.846534027274
