FULL_ADDR,COUNTY,TOWN,VILLAGE,NEIGHBORHOOD,ROAD,SECTION,LANE,ALLEY,SUB_ALLEY,TONG,NUMBER,X,Y
彰化縣線西鄉溝內村11鄰彰濱東四路5號,10007,1000704,1000704-005,11鄰,彰濱東四路,,,,,,5號,120.43094185552,24.134613796506
彰化縣線西鄉溝內村11鄰彰濱東四路6號,10007,1000704,1000704-005,11鄰,彰濱東四路,,,,,,6號,120.43217899512,24.135056224355
彰化縣線西鄉溝內村11鄰彰濱東四路7號,10007,1000704,1000704-005,11鄰,彰濱東四路,,,,,,7號,120.4300266013,24.134670155447
彰化縣線西鄉溝內村11鄰彰濱東四路9號,10007,1000704,1000704-005,11鄰,彰濱東四路,,,,,,9號,120.4299750237,24.13531888572
彰化縣線西鄉溝內村11鄰彰濱東四路10號,10007,1000704,1000704-005,11鄰,彰濱東四路,,,,,,10號,120.43102253918,24.135524142243
