FULL_ADDR,COUNTY,TOWN,VILLAGE,NEIGHBORHOOD,ROAD,SECTION,LANE,ALLEY,SUB_ALLEY,TONG,NUMBER,X,Y
苗栗縣苗栗市大同里5鄰三湖道6巷2號,10005,1000501,1000501-011,5鄰,三湖道,,6巷,,,,2號,120.81381914818,24.55525181069
苗栗縣苗栗市大同里5鄰三湖道6巷3號,10005,1000501,1000501-011,5鄰,三湖道,,6巷,,,,3號,120.81379802106,24.555186234871
苗栗縣苗栗市大同里5鄰三湖道3號,10005,1000501,1000501-011,5鄰,三湖道,,,,,,3號,120.81428544442,24.555143768377
苗栗縣苗栗市大同里5鄰三湖道6巷4號,10005,1000501,1000501-011,5鄰,三湖道,,6巷,,,,4號,120.81393119854,24.555246621999
苗栗縣苗栗市大同里5鄰三湖道6巷5號,10005,1000501,1000501-011,5鄰,三湖道,,6巷,,,,5號,120.81390917143,24.555322618041
苗栗縣苗栗市大同里5鄰三湖道6巷6號,10005,1000501,1000501-011,5鄰,三湖道,,6巷,,,,6號,120.81387387304,24.555427941576
