FULL_ADDR,COUNTY,TOWN,VILLAGE,NEIGHBORHOOD,ROAD,SECTION,LANE,ALLEY,SUB_ALLEY,TONG,NUMBER,X,Y
新竹縣竹北市福德里16鄰福竹街18號,10004,1000401,1000401-026,16鄰,福竹街,,,,,,18號,121.00725999016,24.834831733735
新竹縣竹北市福德里16鄰福竹街20號,10004,1000401,1000401-026,16鄰,福竹街,,,,,,20號,121.00720498221,24.834848439274
新竹縣竹北市福德里16鄰福竹街22號,10004,1000401,1000401-026,16鄰,福竹街,,,,,,22號,121.00716046225,24.834877152306
