FULL_ADDR,COUNTY,TOWN,VILLAGE,NEIGHBORHOOD,ROAD,SECTION,LANE,ALLEY,SUB_ALLEY,TONG,NUMBER,X,Y
雲林縣斗六市榴中里25鄰民富街1號,10009,1000901,1000901-026,25鄰,民富街,,,,,,1號,120.59781411117,23.723577587226
雲林縣斗六市榴中里25鄰民富街10號,10009,1000901,1000901-026,25鄰,民富街,,,,,,10號,120.5976237046,23.721358788987
雲林縣斗六市榴中里25鄰民富街16號,10009,1000901,1000901-026,25鄰,民富街,,,,,,16號,120.59806227358,23.720312477665
雲林縣斗六市榴中里25鄰民富街18號,10009,1000901,1000901-026,25鄰,民富街,,,,,,18號,120.5987305397,23.720383831945
雲林縣斗六市榴中里25鄰民富街21號,10009,1000901,1000901-026,25鄰,民富街,,,,,,21號,120.5995892563,23.720684490426
雲林縣斗六市榴中里25鄰民富街23號,10009,1000901,1000901-026,25鄰,民富街,,,,,,23號,120.59846481218,23.720685187741
雲林縣斗六市榴中里25鄰民富街24號,10009,1000901,1000901-026,25鄰,民富街,,,,,,24號,120.59936318175,23.72045317678
雲林縣斗六市榴中里25鄰民富街26號,10009,1000901,1000901-026,25鄰,民富街,,,,,,26號,120.59957817521,23.720459169341
雲林縣斗六市榴中里25鄰民富街28號,10009,1000901,1000901-026,25鄰,民富街,,,,,,28號,120.5998332091,23.720447187613
