FULL_ADDR,COUNTY,TOWN,VILLAGE,NEIGHBORHOOD,ROAD,SECTION,LANE,ALLEY,SUB_ALLEY,TONG,NUMBER,X,Y
宜蘭縣蘇澳鎮頂寮里1鄰頂平路2號,10002,1000203,1000203-002,1鄰,頂平路,,,,,,2號,121.83804997418,24.63505998713
宜蘭縣蘇澳鎮頂寮里1鄰頂平路17號,10002,1000203,1000203-002,1鄰,頂平路,,,,,,17號,121.83702001238,24.637170014153
宜蘭縣蘇澳鎮頂寮里1鄰頂平路21號,10002,1000203,1000203-002,1鄰,頂平路,,,,,,21號,121.83663999457,24.638010035259
宜蘭縣蘇澳鎮頂寮里1鄰頂平路22號,10002,1000203,1000203-002,1鄰,頂平路,,,,,,22號,121.83698297511,24.637882002616
宜蘭縣蘇澳鎮頂寮里1鄰頂平路23號,10002,1000203,1000203-002,1鄰,頂平路,,,,,,23號,121.83642996912,24.638480037546
宜蘭縣蘇澳鎮頂寮里1鄰頂平路26號,10002,1000203,1000203-002,1鄰,頂平路,,,,,,26號,121.83781000492,24.638340000765
宜蘭縣蘇澳鎮頂寮里1鄰頂平路36號,10002,1000203,1000203-002,1鄰,頂平路,,,,,,36號,121.83652000999,24.640120048282
宜蘭縣蘇澳鎮頂寮里1鄰頂平路36之1號,10002,1000203,1000203-002,1鄰,頂平路,,,,,,36之1號,121.83613004624,24.640639983943
宜蘭縣蘇澳鎮頂寮里1鄰頂平路36之2號,10002,1000203,1000203-002,1鄰,頂平路,,,,,,36之2號,121.83631189224,24.641277626264
