FULL_ADDR,COUNTY,TOWN,VILLAGE,NEIGHBORHOOD,ROAD,SECTION,LANE,ALLEY,SUB_ALLEY,TONG,NUMBER,X,Y
雲林縣虎尾鎮安慶里11鄰民主一路33號,10009,1000903,1000903-007,11鄰,民主一路,,,,,,33號,120.43384244423,23.702496893565
雲林縣虎尾鎮安慶里11鄰民主一路35號,10009,1000903,1000903-007,11鄰,民主一路,,,,,,35號,120.43377386283,23.702459982412
雲林縣虎尾鎮安慶里11鄰民主一路36號,10009,1000903,1000903-007,11鄰,民主一路,,,,,,36號,120.43342706945,23.702539799424
雲林縣虎尾鎮安慶里11鄰民主一路38號,10009,1000903,1000903-007,11鄰,民主一路,,,,,,38號,120.43331823336,23.70253714359
