FULL_ADDR,COUNTY,TOWN,VILLAGE,NEIGHBORHOOD,ROAD,SECTION,LANE,ALLEY,SUB_ALLEY,TONG,NUMBER,X,Y
彰化縣溪州鄉成功村9鄰庄南巷1號,10007,1000726,1000726-012,9鄰,庄南巷,,,,,,1號,120.54694829765,23.825840602396
彰化縣溪州鄉成功村9鄰庄南巷1之2號,10007,1000726,1000726-012,9鄰,庄南巷,,,,,,1之2號,120.54633804358,23.825721513561
彰化縣溪州鄉成功村9鄰庄南巷1之8號,10007,1000726,1000726-012,9鄰,庄南巷,,,,,,1之8號,120.54646561741,23.825644532383
彰化縣溪州鄉成功村9鄰庄南巷1之17號,10007,1000726,1000726-012,9鄰,庄南巷,,,,,,1之17號,120.54675955443,23.825485130539
彰化縣溪州鄉成功村9鄰庄南巷2號,10007,1000726,1000726-012,9鄰,庄南巷,,,,,,2號,120.547016814,23.82552264606
彰化縣溪州鄉成功村9鄰庄南巷3號,10007,1000726,1000726-012,9鄰,庄南巷,,,,,,3號,120.54709306411,23.825230266141
彰化縣溪州鄉成功村9鄰庄南巷7號,10007,1000726,1000726-012,9鄰,庄南巷,,,,,,7號,120.54749944035,23.825097550487
彰化縣溪州鄉成功村9鄰庄南巷9號,10007,1000726,1000726-012,9鄰,庄南巷,,,,,,9號,120.54754464016,23.825080590118
