FULL_ADDR,COUNTY,TOWN,VILLAGE,NEIGHBORHOOD,ROAD,SECTION,LANE,ALLEY,SUB_ALLEY,TONG,NUMBER,X,Y
新竹縣寶山鄉寶山村11鄰寶山一街1號,10004,1000410,1000410-008,11鄰,寶山一街,,,,,,1號,121.01861669955,24.753525812208
新竹縣寶山鄉寶山村11鄰寶山一街19號,10004,1000410,1000410-008,11鄰,寶山一街,,,,,,19號,121.01839354226,24.752436014757
新竹縣寶山鄉寶山村11鄰寶山一街29號,10004,1000410,1000410-008,11鄰,寶山一街,,,,,,29號,121.01833448612,24.751356742328
新竹縣寶山鄉寶山村11鄰寶山一街31號,10004,1000410,1000410-008,11鄰,寶山一街,,,,,,31號,121.01835215158,24.751270778074
新竹縣寶山鄉寶山村11鄰寶山一街37號,10004,1000410,1000410-008,11鄰,寶山一街,,,,,,37號,121.01855088903,24.750788215618
新竹縣寶山鄉寶山村11鄰寶山一街51號,10004,1000410,1000410-008,11鄰,寶山一街,,,,,,51號,121.01849065614,24.750312835762
