FULL_ADDR,COUNTY,TOWN,VILLAGE,NEIGHBORHOOD,ROAD,SECTION,LANE,ALLEY,SUB_ALLEY,TONG,NUMBER,X,Y
彰化縣田尾鄉新厝村6鄰新仁路30號,10007,1000721,1000721-018,6鄰,新仁路,,,,,,30號,120.50429116758,23.900166523535
彰化縣田尾鄉新厝村6鄰新仁路37號,10007,1000721,1000721-018,6鄰,新仁路,,,,,,37號,120.50378838475,23.899980240732
彰化縣田尾鄉新厝村6鄰新仁路47號,10007,1000721,1000721-018,6鄰,新仁路,,,,,,47號,120.50323277467,23.900105419668
彰化縣田尾鄉新厝村6鄰新仁路53號,10007,1000721,1000721-018,6鄰,新仁路,,,,,,53號,120.50275939668,23.900163367182
彰化縣田尾鄉新厝村6鄰新仁路56號,10007,1000721,1000721-018,6鄰,新仁路,,,,,,56號,120.50274227515,23.900598261178
