FULL_ADDR,COUNTY,TOWN,VILLAGE,NEIGHBORHOOD,ROAD,SECTION,LANE,ALLEY,SUB_ALLEY,TONG,NUMBER,X,Y
雲林縣古坑鄉水碓村20鄰圳頭1號,10009,1000907,1000907-001,20鄰,圳頭,,,,,,1號,120.58499232514,23.652566685945
雲林縣古坑鄉水碓村20鄰圳頭1之8號,10009,1000907,1000907-001,20鄰,圳頭,,,,,,1之8號,120.58715409729,23.65199653547
雲林縣古坑鄉水碓村20鄰圳頭2號,10009,1000907,1000907-001,20鄰,圳頭,,,,,,2號,120.58377808024,23.652321431528
雲林縣古坑鄉水碓村20鄰圳頭3號,10009,1000907,1000907-001,20鄰,圳頭,,,,,,3號,120.58387941595,23.651274695533
雲林縣古坑鄉水碓村20鄰圳頭6號,10009,1000907,1000907-001,20鄰,圳頭,,,,,,6號,120.58142719456,23.65273860083
雲林縣古坑鄉水碓村20鄰圳頭6之6號,10009,1000907,1000907-001,20鄰,圳頭,,,,,,6之6號,120.58102471099,23.652419122174
雲林縣古坑鄉水碓村20鄰圳頭7號,10009,1000907,1000907-001,20鄰,圳頭,,,,,,7號,120.58144978753,23.6538021037
雲林縣古坑鄉水碓村20鄰圳頭8號,10009,1000907,1000907-001,20鄰,圳頭,,,,,,8號,120.57976070594,23.653156507417
雲林縣古坑鄉水碓村20鄰圳頭10號,10009,1000907,1000907-001,20鄰,圳頭,,,,,,10號,120.57776148669,23.653733588709
雲林縣古坑鄉水碓村20鄰圳頭11號,10009,1000907,1000907-001,20鄰,圳頭,,,,,,11號,120.57819286519,23.653713452666
雲林縣古坑鄉水碓村20鄰圳頭11之8號,10009,1000907,1000907-001,20鄰,圳頭,,,,,,11之8號,120.57920885457,23.653422293142
雲林縣古坑鄉水碓村20鄰圳頭11之11號,10009,1000907,1000907-001,20鄰,圳頭,,,,,,11之11號,120.5804548789,23.653231619392
雲林縣古坑鄉水碓村20鄰圳頭11之16號,10009,1000907,1000907-001,20鄰,圳頭,,,,,,11之16號,120.58157082366,23.653625355676
雲林縣古坑鄉水碓村20鄰圳頭12號,10009,1000907,1000907-001,20鄰,圳頭,,,,,,12號,120.57831139681,23.653891211026
雲林縣古坑鄉水碓村20鄰圳頭15號,10009,1000907,1000907-001,20鄰,圳頭,,,,,,15號,120.57836834814,23.654136435149
雲林縣古坑鄉水碓村20鄰圳頭120之1號,10009,1000907,1000907-001,20鄰,圳頭,,,,,,120之1號,120.57518016486,23.651458879019
