FULL_ADDR,COUNTY,TOWN,VILLAGE,NEIGHBORHOOD,ROAD,SECTION,LANE,ALLEY,SUB_ALLEY,TONG,NUMBER,X,Y
宜蘭縣員山鄉逸仙村9鄰大湖山一路9號,10002,1000207,1000207-014,9鄰,大湖山一路,,,,,,9號,121.69376132693,24.732932619937
宜蘭縣員山鄉逸仙村9鄰大湖山一路11號,10002,1000207,1000207-014,9鄰,大湖山一路,,,,,,11號,121.59053196446,24.759482453162
宜蘭縣員山鄉逸仙村9鄰大湖山一路11之1號,10002,1000207,1000207-014,9鄰,大湖山一路,,,,,,11之1號,121.59048748322,24.75948497586
