FULL_ADDR,COUNTY,TOWN,VILLAGE,NEIGHBORHOOD,ROAD,SECTION,LANE,ALLEY,SUB_ALLEY,TONG,NUMBER,X,Y
宜蘭縣冬山鄉大進村7鄰大進十一路125號,10002,1000208,1000208-024,7鄰,大進十一路,,,,,,125號,121.70586490137,24.632138889393
宜蘭縣冬山鄉大進村7鄰大進十一路129號,10002,1000208,1000208-024,7鄰,大進十一路,,,,,,129號,121.70619656314,24.63173222906
宜蘭縣冬山鄉大進村7鄰大進十一路131號,10002,1000208,1000208-024,7鄰,大進十一路,,,,,,131號,121.70616602496,24.631693911576
