FULL_ADDR,COUNTY,TOWN,VILLAGE,NEIGHBORHOOD,ROAD,SECTION,LANE,ALLEY,SUB_ALLEY,TONG,NUMBER,X,Y
彰化縣和美鎮犁盛里3鄰茂東路317號,10007,1000703,1000703-022,3鄰,茂東路,,,,,,317號,120.54100848662,24.098591688456
彰化縣和美鎮犁盛里3鄰茂東路319號,10007,1000703,1000703-022,3鄰,茂東路,,,,,,319號,120.54100320974,24.098637180119
彰化縣和美鎮犁盛里3鄰茂東路325號,10007,1000703,1000703-022,3鄰,茂東路,,,,,,325號,120.54088047164,24.098798074237
彰化縣和美鎮犁盛里3鄰茂東路327號,10007,1000703,1000703-022,3鄰,茂東路,,,,,,327號,120.5408700716,24.098845898115
彰化縣和美鎮犁盛里3鄰茂東路331號,10007,1000703,1000703-022,3鄰,茂東路,,,,,,331號,120.54103630943,24.098981926638
彰化縣和美鎮犁盛里3鄰茂東路333號,10007,1000703,1000703-022,3鄰,茂東路,,,,,,333號,120.54098445705,24.098903577488
