FULL_ADDR,COUNTY,TOWN,VILLAGE,NEIGHBORHOOD,ROAD,SECTION,LANE,ALLEY,SUB_ALLEY,TONG,NUMBER,X,Y
彰化縣員林鎮萬年里21鄰萬年五街28號,10007,1000710,1000710-024,21鄰,萬年五街,,,,,,28號,120.58045288799,23.950752676541
彰化縣員林鎮萬年里21鄰萬年五街30號,10007,1000710,1000710-024,21鄰,萬年五街,,,,,,30號,120.58050736172,23.950769529876
