FULL_ADDR,COUNTY,TOWN,VILLAGE,NEIGHBORHOOD,ROAD,SECTION,LANE,ALLEY,SUB_ALLEY,TONG,NUMBER,X,Y
宜蘭縣壯圍鄉美福村2鄰新福六路1號,10002,1000206,1000206-002,2鄰,新福六路,,,,,,1號,121.78011078728,24.720780618266
宜蘭縣壯圍鄉美福村2鄰新福六路45號,10002,1000206,1000206-002,2鄰,新福六路,,,,,,45號,121.78058637531,24.722660878529
宜蘭縣壯圍鄉美福村2鄰新福六路49號,10002,1000206,1000206-002,2鄰,新福六路,,,,,,49號,121.78068745275,24.722908265939
宜蘭縣壯圍鄉美福村2鄰新福六路71號,10002,1000206,1000206-002,2鄰,新福六路,,,,,,71號,121.78101072529,24.724026075629
