FULL_ADDR,COUNTY,TOWN,VILLAGE,NEIGHBORHOOD,ROAD,SECTION,LANE,ALLEY,SUB_ALLEY,TONG,NUMBER,X,Y
雲林縣斗六市明德里11鄰棒球二街2號,10009,1000901,1000901-037,11鄰,棒球二街,,,,,,2號,120.54124999469,23.718980860756
雲林縣斗六市明德里11鄰棒球二街6號,10009,1000901,1000901-037,11鄰,棒球二街,,,,,,6號,120.54118787701,23.718935275157
雲林縣斗六市明德里11鄰棒球二街8號,10009,1000901,1000901-037,11鄰,棒球二街,,,,,,8號,120.54111538173,23.718887283938
