FULL_ADDR,COUNTY,TOWN,VILLAGE,NEIGHBORHOOD,ROAD,SECTION,LANE,ALLEY,SUB_ALLEY,TONG,NUMBER,X,Y
彰化縣大城鄉頂庄村5鄰下寮路360巷168號,10007,1000724,1000724-009,5鄰,下寮路,,360巷,,,,168號,120.29408272624,23.845517416232
彰化縣大城鄉公館村11鄰下寮路2號,10007,1000724,1000724-010,11鄰,下寮路,,,,,,2號,120.30151040333,23.850238676661
彰化縣大城鄉公館村11鄰下寮路3號,10007,1000724,1000724-010,11鄰,下寮路,,,,,,3號,120.3012847575,23.85031597354
彰化縣大城鄉公館村11鄰下寮路5號,10007,1000724,1000724-010,11鄰,下寮路,,,,,,5號,120.30144646085,23.84986953081
彰化縣大城鄉公館村11鄰下寮路6號,10007,1000724,1000724-010,11鄰,下寮路,,,,,,6號,120.30132089151,23.849724953071
彰化縣大城鄉公館村11鄰下寮路7號,10007,1000724,1000724-010,11鄰,下寮路,,,,,,7號,120.30122256306,23.84962092297
彰化縣大城鄉公館村11鄰下寮路200巷168號,10007,1000724,1000724-010,11鄰,下寮路,,200巷,,,,168號,120.29617067807,23.84916189189
彰化縣大城鄉公館村11鄰下寮路200巷178號,10007,1000724,1000724-010,11鄰,下寮路,,200巷,,,,178號,120.29564035518,23.849237029777
