FULL_ADDR,COUNTY,TOWN,VILLAGE,NEIGHBORHOOD,ROAD,SECTION,LANE,ALLEY,SUB_ALLEY,TONG,NUMBER,X,Y
彰化縣溪湖鎮汴頭里16鄰湖南路169號,10007,1000711,1000711-009,16鄰,湖南路,,,,,,169號,120.47639013549,23.948333909718
彰化縣溪湖鎮汴頭里16鄰湖南路172號,10007,1000711,1000711-009,16鄰,湖南路,,,,,,172號,120.47143137353,23.948924537507
彰化縣溪湖鎮大竹里8鄰湖南路5號,10007,1000711,1000711-010,8鄰,湖南路,,,,,,5號,120.48001097429,23.947218251501
彰化縣溪湖鎮大竹里8鄰湖南路7號,10007,1000711,1000711-010,8鄰,湖南路,,,,,,7號,120.47997554548,23.947186763449
彰化縣溪湖鎮大竹里8鄰湖南路9號,10007,1000711,1000711-010,8鄰,湖南路,,,,,,9號,120.47993080914,23.947185609708
彰化縣溪湖鎮大竹里8鄰湖南路11號,10007,1000711,1000711-010,8鄰,湖南路,,,,,,11號,120.47989349265,23.947183876112
彰化縣溪湖鎮大竹里8鄰湖南路13號,10007,1000711,1000711-010,8鄰,湖南路,,,,,,13號,120.47985272025,23.947181561951
彰化縣溪湖鎮大竹里8鄰湖南路15號,10007,1000711,1000711-010,8鄰,湖南路,,,,,,15號,120.47980959463,23.947178084048
彰化縣溪湖鎮大竹里8鄰湖南路39號,10007,1000711,1000711-010,8鄰,湖南路,,,,,,39號,120.47917136241,23.947165979694
