FULL_ADDR,COUNTY,TOWN,VILLAGE,NEIGHBORHOOD,ROAD,SECTION,LANE,ALLEY,SUB_ALLEY,TONG,NUMBER,X,Y
南投縣埔里鎮大城里12鄰公誠五街1號,10008,1000802,1000802-008,12鄰,公誠五街,,,,,,1號,120.96090269435,23.971765842853
南投縣埔里鎮大城里12鄰公誠五街3號,10008,1000802,1000802-008,12鄰,公誠五街,,,,,,3號,120.96095733127,23.971763870248
南投縣埔里鎮大城里12鄰公誠五街5號,10008,1000802,1000802-008,12鄰,公誠五街,,,,,,5號,120.96101186899,23.971764967665
南投縣埔里鎮大城里12鄰公誠五街7號,10008,1000802,1000802-008,12鄰,公誠五街,,,,,,7號,120.96106640675,23.971765974768
南投縣埔里鎮大城里12鄰公誠五街9號,10008,1000802,1000802-008,12鄰,公誠五街,,,,,,9號,120.9611209445,23.97176698185
南投縣埔里鎮大城里12鄰公誠五街11號,10008,1000802,1000802-008,12鄰,公誠五街,,,,,,11號,120.96117548315,23.971765009143
南投縣埔里鎮大城里12鄰公誠五街13號,10008,1000802,1000802-008,12鄰,公誠五街,,,,,,13號,120.96123012004,23.971763126737
南投縣埔里鎮大城里12鄰公誠五街15號,10008,1000802,1000802-008,12鄰,公誠五街,,,,,,15號,120.96128455953,23.971764133737
