FULL_ADDR,COUNTY,TOWN,VILLAGE,NEIGHBORHOOD,ROAD,SECTION,LANE,ALLEY,SUB_ALLEY,TONG,NUMBER,X,Y
彰化縣員林鎮南平里17鄰龍富街57號,10007,1000710,1000710-013,17鄰,龍富街,,,,,,57號,120.56827660593,23.972700583886
彰化縣員林鎮南平里17鄰龍富街59號,10007,1000710,1000710-013,17鄰,龍富街,,,,,,59號,120.56827123064,23.972750772437
彰化縣員林鎮南平里17鄰龍富街61號,10007,1000710,1000710-013,17鄰,龍富街,,,,,,61號,120.56826323437,23.972791292115
彰化縣員林鎮南平里17鄰龍富街63號,10007,1000710,1000710-013,17鄰,龍富街,,,,,,63號,120.56826575996,23.972829584035
彰化縣員林鎮南平里17鄰龍富街80號,10007,1000710,1000710-013,17鄰,龍富街,,,,,,80號,120.56834435121,23.973425928548
彰化縣員林鎮南平里17鄰龍富街82號,10007,1000710,1000710-013,17鄰,龍富街,,,,,,82號,120.56838069341,23.973430816369
彰化縣員林鎮南平里17鄰龍富街86號,10007,1000710,1000710-013,17鄰,龍富街,,,,,,86號,120.56851289385,23.973568616163
彰化縣員林鎮南平里17鄰龍富街120號,10007,1000710,1000710-013,17鄰,龍富街,,,,,,120號,120.56997232414,23.972508864299
