FULL_ADDR,COUNTY,TOWN,VILLAGE,NEIGHBORHOOD,ROAD,SECTION,LANE,ALLEY,SUB_ALLEY,TONG,NUMBER,X,Y
苗栗縣頭份鎮新華里7鄰新華路278巷9號,10005,1000505,1000505-004,7鄰,新華路,,278巷,,,,9號,120.93226126592,24.682219841289
苗栗縣頭份鎮新華里7鄰新華路150號,10005,1000505,1000505-004,7鄰,新華路,,,,,,150號,120.93211841219,24.680148939552
苗栗縣頭份鎮新華里7鄰新華路300號,10005,1000505,1000505-004,7鄰,新華路,,,,,,300號,120.93186206466,24.683100055251
苗栗縣頭份鎮新華里7鄰新華路302號,10005,1000505,1000505-004,7鄰,新華路,,,,,,302號,120.93177634451,24.683184615824
苗栗縣頭份鎮新華里7鄰新華路306號,10005,1000505,1000505-004,7鄰,新華路,,,,,,306號,120.9317313449,24.683254297409
苗栗縣頭份鎮新華里7鄰新華路308號,10005,1000505,1000505-004,7鄰,新華路,,,,,,308號,120.93175749337,24.683324101617
