FULL_ADDR,COUNTY,TOWN,VILLAGE,NEIGHBORHOOD,ROAD,SECTION,LANE,ALLEY,SUB_ALLEY,TONG,NUMBER,X,Y
彰化縣大村鄉大村村17鄰大智七街17號,10007,1000713,1000713-001,17鄰,大智七街,,,,,,17號,120.54489189676,24.002377046263
彰化縣大村鄉大村村17鄰大智七街19號,10007,1000713,1000713-001,17鄰,大智七街,,,,,,19號,120.54492878702,24.002404198765
彰化縣大村鄉大村村17鄰大智七街21號,10007,1000713,1000713-001,17鄰,大智七街,,,,,,21號,120.54495587555,24.002429245409
