FULL_ADDR,COUNTY,TOWN,VILLAGE,NEIGHBORHOOD,ROAD,SECTION,LANE,ALLEY,SUB_ALLEY,TONG,NUMBER,X,Y
彰化縣二水鄉聖化村3鄰聖化巷1號,10007,1000718,1000718-008,3鄰,聖化巷,,,,,,1號,120.61586670839,23.810490066226
彰化縣二水鄉聖化村4鄰聖化巷2號,10007,1000718,1000718-008,4鄰,聖化巷,,,,,,2號,120.61603192894,23.810371304088
彰化縣二水鄉聖化村3鄰聖化巷3號,10007,1000718,1000718-008,3鄰,聖化巷,,,,,,3號,120.6158219713,23.810567898861
彰化縣二水鄉聖化村3鄰聖化巷5號,10007,1000718,1000718-008,3鄰,聖化巷,,,,,,5號,120.61588832509,23.810564930813
彰化縣二水鄉聖化村4鄰聖化巷6號,10007,1000718,1000718-008,4鄰,聖化巷,,,,,,6號,120.61612182276,23.810520083845
彰化縣二水鄉聖化村4鄰聖化巷8號,10007,1000718,1000718-008,4鄰,聖化巷,,,,,,8號,120.61619233035,23.810462893846
彰化縣二水鄉聖化村3鄰聖化巷9號,10007,1000718,1000718-008,3鄰,聖化巷,,,,,,9號,120.61596879113,23.810595606277
彰化縣二水鄉聖化村3鄰聖化巷11號,10007,1000718,1000718-008,3鄰,聖化巷,,,,,,11號,120.61589781244,23.810666086662
