FULL_ADDR,COUNTY,TOWN,VILLAGE,NEIGHBORHOOD,ROAD,SECTION,LANE,ALLEY,SUB_ALLEY,TONG,NUMBER,X,Y
彰化縣芳苑鄉建平村10鄰湖平路2號,10007,1000723,1000723-023,10鄰,湖平路,,,,,,2號,120.38753214523,23.947610684704
彰化縣芳苑鄉建平村10鄰湖平路5號,10007,1000723,1000723-023,10鄰,湖平路,,,,,,5號,120.38700868227,23.947651340966
彰化縣芳苑鄉建平村10鄰湖平路6號,10007,1000723,1000723-023,10鄰,湖平路,,,,,,6號,120.38548097508,23.94978994455
彰化縣芳苑鄉建平村10鄰湖平路7號,10007,1000723,1000723-023,10鄰,湖平路,,,,,,7號,120.38568665226,23.947549707115
彰化縣芳苑鄉建平村10鄰湖平路8號,10007,1000723,1000723-023,10鄰,湖平路,,,,,,8號,120.38321608194,23.94966215685
彰化縣芳苑鄉建平村10鄰湖平路10號,10007,1000723,1000723-023,10鄰,湖平路,,,,,,10號,120.38515002368,23.949540982676
彰化縣芳苑鄉建平村9鄰湖平路16號,10007,1000723,1000723-023,9鄰,湖平路,,,,,,16號,120.38337346121,23.94991250273
