FULL_ADDR,COUNTY,TOWN,VILLAGE,NEIGHBORHOOD,ROAD,SECTION,LANE,ALLEY,SUB_ALLEY,TONG,NUMBER,X,Y
苗栗縣竹南鎮開元里4鄰鹽館街5號,10005,1000504,1000504-015,4鄰,鹽館街,,,,,,5號,120.86697504423,24.679671082187
苗栗縣竹南鎮開元里2鄰鹽館街47號,10005,1000504,1000504-015,2鄰,鹽館街,,,,,,47號,120.86698995156,24.68061532239
