FULL_ADDR,COUNTY,TOWN,VILLAGE,NEIGHBORHOOD,ROAD,SECTION,LANE,ALLEY,SUB_ALLEY,TONG,NUMBER,X,Y
彰化縣芳苑鄉芳中村17鄰仁和巷1號,10007,1000723,1000723-002,17鄰,仁和巷,,,,,,1號,120.31618922992,23.926175159721
彰化縣芳苑鄉芳中村17鄰仁和巷2號,10007,1000723,1000723-002,17鄰,仁和巷,,,,,,2號,120.31641844182,23.926274444535
彰化縣芳苑鄉芳中村17鄰仁和巷3號,10007,1000723,1000723-002,17鄰,仁和巷,,,,,,3號,120.31625666485,23.926335268106
彰化縣芳苑鄉芳中村17鄰仁和巷9號,10007,1000723,1000723-002,17鄰,仁和巷,,,,,,9號,120.31595026839,23.926302609322
彰化縣芳苑鄉芳中村15鄰仁和巷9號,10007,1000723,1000723-002,15鄰,仁和巷,,,,,,9號,120.31595026839,23.926302609322
彰化縣芳苑鄉芳中村17鄰仁和巷10號,10007,1000723,1000723-002,17鄰,仁和巷,,,,,,10號,120.315914789,23.926421862965
彰化縣芳苑鄉芳中村15鄰仁和巷11號,10007,1000723,1000723-002,15鄰,仁和巷,,,,,,11號,120.3157166881,23.926639054989
彰化縣芳苑鄉芳中村15鄰仁和巷17號,10007,1000723,1000723-002,15鄰,仁和巷,,,,,,17號,120.3158566973,23.926654883551
彰化縣芳苑鄉芳中村16鄰仁和巷18號,10007,1000723,1000723-002,16鄰,仁和巷,,,,,,18號,120.31588579226,23.926886107168
