FULL_ADDR,COUNTY,TOWN,VILLAGE,NEIGHBORHOOD,ROAD,SECTION,LANE,ALLEY,SUB_ALLEY,TONG,NUMBER,X,Y
新竹縣關西鎮北斗里6鄰衡陽路1號,10004,1000404,1000404-004,6鄰,衡陽路,,,,,,1號,121.17742085903,24.792231489396
新竹縣關西鎮北斗里6鄰衡陽路3號,10004,1000404,1000404-004,6鄰,衡陽路,,,,,,3號,121.17735551023,24.792270597506
新竹縣關西鎮北斗里6鄰衡陽路5號,10004,1000404,1000404-004,6鄰,衡陽路,,,,,,5號,121.17731149123,24.79227245538
新竹縣關西鎮北斗里6鄰衡陽路7號,10004,1000404,1000404-004,6鄰,衡陽路,,,,,,7號,121.17726650298,24.792274314389
新竹縣關西鎮北斗里6鄰衡陽路9號,10004,1000404,1000404-004,6鄰,衡陽路,,,,,,9號,121.17722348418,24.792277073913
新竹縣關西鎮北斗里6鄰衡陽路22號,10004,1000404,1000404-004,6鄰,衡陽路,,,,,,22號,121.17735092885,24.79247078518
新竹縣關西鎮北斗里6鄰衡陽路24號,10004,1000404,1000404-004,6鄰,衡陽路,,,,,,24號,121.17730719661,24.792493525878
新竹縣關西鎮北斗里6鄰衡陽路26號,10004,1000404,1000404-004,6鄰,衡陽路,,,,,,26號,121.17726169618,24.792489968329
