FULL_ADDR,COUNTY,TOWN,VILLAGE,NEIGHBORHOOD,ROAD,SECTION,LANE,ALLEY,SUB_ALLEY,TONG,NUMBER,X,Y
苗栗縣三灣鄉大河村10鄰石牌9號,10005,1000516,1000516-006,10鄰,石牌,,,,,,9號,120.94800363658,24.626933943053
苗栗縣三灣鄉大河村10鄰石牌9之1號,10005,1000516,1000516-006,10鄰,石牌,,,,,,9之1號,120.94794884828,24.625667811093
苗栗縣三灣鄉大河村5鄰石牌13號,10005,1000516,1000516-006,5鄰,石牌,,,,,,13號,120.9517666449,24.624179235951
