FULL_ADDR,COUNTY,TOWN,VILLAGE,NEIGHBORHOOD,ROAD,SECTION,LANE,ALLEY,SUB_ALLEY,TONG,NUMBER,X,Y
彰化縣溪州鄉潮洋村8鄰堤防巷5號,10007,1000726,1000726-007,8鄰,堤防巷,,,,,,5號,120.51811280144,23.810367065097
彰化縣溪州鄉潮洋村8鄰堤防巷6號,10007,1000726,1000726-007,8鄰,堤防巷,,,,,,6號,120.51786907504,23.810180772636
彰化縣溪州鄉潮洋村8鄰堤防巷7號,10007,1000726,1000726-007,8鄰,堤防巷,,,,,,7號,120.51786831734,23.810385976594
彰化縣溪州鄉潮洋村8鄰堤防巷8號,10007,1000726,1000726-007,8鄰,堤防巷,,,,,,8號,120.51760830388,23.810469490956
彰化縣溪州鄉張厝村8鄰堤防巷38號,10007,1000726,1000726-010,8鄰,堤防巷,,,,,,38號,120.51695461236,23.811610915463
彰化縣溪州鄉張厝村8鄰堤防巷39號,10007,1000726,1000726-010,8鄰,堤防巷,,,,,,39號,120.51690014541,23.811612839744
