FULL_ADDR,COUNTY,TOWN,VILLAGE,NEIGHBORHOOD,ROAD,SECTION,LANE,ALLEY,SUB_ALLEY,TONG,NUMBER,X,Y
宜蘭縣五結鄉福興村6鄰仁六路17號,10002,1000209,1000209-007,6鄰,仁六路,,,,,,17號,121.78314900424,24.683333186888
宜蘭縣五結鄉福興村6鄰仁六路31號,10002,1000209,1000209-007,6鄰,仁六路,,,,,,31號,121.78318325413,24.683833261463
宜蘭縣五結鄉福興村6鄰仁六路33號,10002,1000209,1000209-007,6鄰,仁六路,,,,,,33號,121.78310708655,24.683930712006
宜蘭縣五結鄉福興村6鄰仁六路35號,10002,1000209,1000209-007,6鄰,仁六路,,,,,,35號,121.78312239684,24.684087993879
