FULL_ADDR,COUNTY,TOWN,VILLAGE,NEIGHBORHOOD,ROAD,SECTION,LANE,ALLEY,SUB_ALLEY,TONG,NUMBER,X,Y
彰化縣鹿港鎮東石里25鄰環工七路1號,10007,1000702,1000702-008,25鄰,環工七路,,,,,,1號,120.39611479702,24.064751531494
彰化縣鹿港鎮東石里25鄰環工七路2號,10007,1000702,1000702-008,25鄰,環工七路,,,,,,2號,120.39544947679,24.064687235202
彰化縣鹿港鎮東石里25鄰環工七路5號,10007,1000702,1000702-008,25鄰,環工七路,,,,,,5號,120.39611947534,24.06427724791
彰化縣鹿港鎮東石里25鄰環工七路6號,10007,1000702,1000702-008,25鄰,環工七路,,,,,,6號,120.39546456839,24.064509420287
彰化縣鹿港鎮東石里25鄰環工七路7號,10007,1000702,1000702-008,25鄰,環工七路,,,,,,7號,120.39610716034,24.064009123384
彰化縣鹿港鎮東石里25鄰環工七路8號,10007,1000702,1000702-008,25鄰,環工七路,,,,,,8號,120.39548653493,24.064312400406
彰化縣鹿港鎮東石里25鄰環工七路18號,10007,1000702,1000702-008,25鄰,環工七路,,,,,,18號,120.39543458641,24.063332169582
