FULL_ADDR,COUNTY,TOWN,VILLAGE,NEIGHBORHOOD,ROAD,SECTION,LANE,ALLEY,SUB_ALLEY,TONG,NUMBER,X,Y
宜蘭縣宜蘭市文化里2鄰軍民路司法二村1號,10002,1000201,1000201-039,2鄰,軍民路司法二村,,,,,,1號,121.75022763397,24.750203835695
宜蘭縣宜蘭市文化里2鄰軍民路司法二村3號,10002,1000201,1000201-039,2鄰,軍民路司法二村,,,,,,3號,121.75021093196,24.750155437991
宜蘭縣宜蘭市文化里2鄰軍民路司法二村5號,10002,1000201,1000201-039,2鄰,軍民路司法二村,,,,,,5號,121.7501842233,24.750103479108
宜蘭縣宜蘭市文化里2鄰軍民路司法二村7號,10002,1000201,1000201-039,2鄰,軍民路司法二村,,,,,,7號,121.75016298996,24.750057812535
宜蘭縣宜蘭市文化里2鄰軍民路司法二村11號,10002,1000201,1000201-039,2鄰,軍民路司法二村,,,,,,11號,121.75014692529,24.750000293171
宜蘭縣宜蘭市文化里2鄰軍民路司法二村12號,10002,1000201,1000201-039,2鄰,軍民路司法二村,,,,,,12號,121.75010848321,24.749871202074
