FULL_ADDR,COUNTY,TOWN,VILLAGE,NEIGHBORHOOD,ROAD,SECTION,LANE,ALLEY,SUB_ALLEY,TONG,NUMBER,X,Y
宜蘭縣五結鄉成興村18鄰利興三路5號,10002,1000209,1000209-014,18鄰,利興三路,,,,,,5號,121.82979835078,24.662679721656
宜蘭縣五結鄉成興村18鄰利興三路8號,10002,1000209,1000209-014,18鄰,利興三路,,,,,,8號,121.83053608179,24.662222611921
宜蘭縣五結鄉成興村18鄰利興三路10號,10002,1000209,1000209-014,18鄰,利興三路,,,,,,10號,121.83076025484,24.662209274824
宜蘭縣五結鄉成興村18鄰利興三路10之1號,10002,1000209,1000209-014,18鄰,利興三路,,,,,,10之1號,121.83068844352,24.662419937898
宜蘭縣五結鄉成興村18鄰利興三路18號,10002,1000209,1000209-014,18鄰,利興三路,,,,,,18號,121.83151348371,24.66242205495
