FULL_ADDR,COUNTY,TOWN,VILLAGE,NEIGHBORHOOD,ROAD,SECTION,LANE,ALLEY,SUB_ALLEY,TONG,NUMBER,X,Y
彰化縣大村鄉過溝村5鄰鎮安橫二巷30號,10007,1000713,1000713-006,5鄰,鎮安橫二巷,,,,,,30號,120.55934209536,23.990524998024
彰化縣大村鄉過溝村5鄰鎮安橫二巷32號,10007,1000713,1000713-006,5鄰,鎮安橫二巷,,,,,,32號,120.55925763706,23.99050687712
彰化縣大村鄉過溝村5鄰鎮安橫二巷36號,10007,1000713,1000713-006,5鄰,鎮安橫二巷,,,,,,36號,120.55918740912,23.990494666185
彰化縣大村鄉過溝村5鄰鎮安橫二巷38號,10007,1000713,1000713-006,5鄰,鎮安橫二巷,,,,,,38號,120.55910160387,23.99046805368
