FULL_ADDR,COUNTY,TOWN,VILLAGE,NEIGHBORHOOD,ROAD,SECTION,LANE,ALLEY,SUB_ALLEY,TONG,NUMBER,X,Y
苗栗縣苗栗市福麗里3鄰苗中45號,10005,1000501,1000501-022,3鄰,苗中,,,,,,45號,120.8153834849,24.557959962818
苗栗縣苗栗市福麗里3鄰苗中50號,10005,1000501,1000501-022,3鄰,苗中,,,,,,50號,120.81619466575,24.557950570976
