FULL_ADDR,COUNTY,TOWN,VILLAGE,NEIGHBORHOOD,ROAD,SECTION,LANE,ALLEY,SUB_ALLEY,TONG,NUMBER,X,Y
彰化縣員林鎮南興里2鄰興學二街16號,10007,1000710,1000710-014,2鄰,興學二街,,,,,,16號,120.56201354712,23.96118673553
彰化縣員林鎮南興里2鄰興學二街18號,10007,1000710,1000710-014,2鄰,興學二街,,,,,,18號,120.56190308737,23.961192379787
彰化縣溪湖鎮湖東里14鄰興學二街47號,10007,1000711,1000711-018,14鄰,興學二街,,,,,,47號,120.48338653104,23.961328800761
