FULL_ADDR,COUNTY,TOWN,VILLAGE,NEIGHBORHOOD,ROAD,SECTION,LANE,ALLEY,SUB_ALLEY,TONG,NUMBER,X,Y
苗栗縣南庄鄉東河村21鄰石壁4號,10005,1000511,1000511-009,21鄰,石壁,,,,,,4號,121.04361984978,24.5733563506
苗栗縣南庄鄉東河村21鄰石壁4之2號,10005,1000511,1000511-009,21鄰,石壁,,,,,,4之2號,121.0431958312,24.573153232327
苗栗縣南庄鄉東河村21鄰石壁5號,10005,1000511,1000511-009,21鄰,石壁,,,,,,5號,121.04323067807,24.572563274259
苗栗縣南庄鄉東河村21鄰石壁8號,10005,1000511,1000511-009,21鄰,石壁,,,,,,8號,121.04404486275,24.573293385835
苗栗縣南庄鄉東河村21鄰石壁11號,10005,1000511,1000511-009,21鄰,石壁,,,,,,11號,121.04324912867,24.572816258639
苗栗縣南庄鄉東河村21鄰石壁21號,10005,1000511,1000511-009,21鄰,石壁,,,,,,21號,121.04358953384,24.573910733538
苗栗縣南庄鄉東河村21鄰石壁22號,10005,1000511,1000511-009,21鄰,石壁,,,,,,22號,121.04014903529,24.558351095243
苗栗縣南庄鄉東河村21鄰石壁23號,10005,1000511,1000511-009,21鄰,石壁,,,,,,23號,121.03964797535,24.559095481203
苗栗縣南庄鄉東河村21鄰石壁23之6號,10005,1000511,1000511-009,21鄰,石壁,,,,,,23之6號,121.03816680891,24.56796188973
