FULL_ADDR,COUNTY,TOWN,VILLAGE,NEIGHBORHOOD,ROAD,SECTION,LANE,ALLEY,SUB_ALLEY,TONG,NUMBER,X,Y
雲林縣斗六市長平里9鄰科工十六路172號,10009,1000901,1000901-021,9鄰,科工十六路,,,,,,172號,120.50754359572,23.70803106592
雲林縣斗六市虎溪里26鄰科工十六路11號,10009,1000901,1000901-023,26鄰,科工十六路,,,,,,11號,120.50991242089,23.713460608898
