FULL_ADDR,COUNTY,TOWN,VILLAGE,NEIGHBORHOOD,ROAD,SECTION,LANE,ALLEY,SUB_ALLEY,TONG,NUMBER,X,Y
彰化縣芳苑鄉民生村9鄰壽山巷6號,10007,1000723,1000723-018,9鄰,壽山巷,,,,,,6號,120.33969999371,23.962961464968
彰化縣芳苑鄉民生村9鄰壽山巷7號,10007,1000723,1000723-018,9鄰,壽山巷,,,,,,7號,120.33950901246,23.962703373872
彰化縣芳苑鄉民生村4鄰壽山巷11號,10007,1000723,1000723-018,4鄰,壽山巷,,,,,,11號,120.33882178803,23.962914489147
彰化縣芳苑鄉民生村4鄰壽山巷11之1號,10007,1000723,1000723-018,4鄰,壽山巷,,,,,,11之1號,120.3387356709,23.962936826683
