FULL_ADDR,COUNTY,TOWN,VILLAGE,NEIGHBORHOOD,ROAD,SECTION,LANE,ALLEY,SUB_ALLEY,TONG,NUMBER,X,Y
苗栗縣西湖鄉金獅村8鄰杜石地1號,10005,1000514,1000514-005,8鄰,杜石地,,,,,,1號,120.78641971815,24.557652553524
苗栗縣西湖鄉金獅村8鄰杜石地1之1號,10005,1000514,1000514-005,8鄰,杜石地,,,,,,1之1號,120.7855319937,24.557452116052
苗栗縣西湖鄉金獅村8鄰杜石地4號,10005,1000514,1000514-005,8鄰,杜石地,,,,,,4號,120.78407490581,24.557461141293
苗栗縣西湖鄉金獅村8鄰杜石地5號,10005,1000514,1000514-005,8鄰,杜石地,,,,,,5號,120.78389334796,24.557412937777
