FULL_ADDR,COUNTY,TOWN,VILLAGE,NEIGHBORHOOD,ROAD,SECTION,LANE,ALLEY,SUB_ALLEY,TONG,NUMBER,X,Y
彰化縣花壇鄉長沙村5鄰春山巷15號,10007,1000708,1000708-009,5鄰,春山巷,,,,,,15號,120.54966964184,24.0411435535
彰化縣花壇鄉文德村2鄰春山巷1號,10007,1000708,1000708-010,2鄰,春山巷,,,,,,1號,120.54919792251,24.040718779722
彰化縣花壇鄉文德村2鄰春山巷2號,10007,1000708,1000708-010,2鄰,春山巷,,,,,,2號,120.54919532277,24.040843918752
彰化縣花壇鄉文德村2鄰春山巷3號,10007,1000708,1000708-010,2鄰,春山巷,,,,,,3號,120.54922948765,24.040801762002
彰化縣花壇鄉文德村2鄰春山巷4號,10007,1000708,1000708-010,2鄰,春山巷,,,,,,4號,120.54928935998,24.040746227187
彰化縣花壇鄉文德村2鄰春山巷5號,10007,1000708,1000708-010,2鄰,春山巷,,,,,,5號,120.54928761492,24.040880036903
彰化縣花壇鄉文德村2鄰春山巷7號,10007,1000708,1000708-010,2鄰,春山巷,,,,,,7號,120.54934063388,24.040928951388
