FULL_ADDR,COUNTY,TOWN,VILLAGE,NEIGHBORHOOD,ROAD,SECTION,LANE,ALLEY,SUB_ALLEY,TONG,NUMBER,X,Y
南投縣南投市平山里33鄰工業南九路3號,10008,1000801,1000801-023,33鄰,工業南九路,,,,,,3號,120.6547277211,23.914010305047
南投縣南投市平山里33鄰工業南九路3之1號,10008,1000801,1000801-023,33鄰,工業南九路,,,,,,3之1號,120.65419607668,23.914478647752
南投縣南投市平山里33鄰工業南九路3之2號,10008,1000801,1000801-023,33鄰,工業南九路,,,,,,3之2號,120.65427482216,23.91441561787
南投縣南投市平山里33鄰工業南九路3之3號,10008,1000801,1000801-023,33鄰,工業南九路,,,,,,3之3號,120.65434376942,23.914343536351
