FULL_ADDR,COUNTY,TOWN,VILLAGE,NEIGHBORHOOD,ROAD,SECTION,LANE,ALLEY,SUB_ALLEY,TONG,NUMBER,X,Y
苗栗縣三灣鄉大坪村5鄰刀石坑1號,10005,1000516,1000516-007,5鄰,刀石坑,,,,,,1號,120.92223269925,24.621490721065
苗栗縣三灣鄉大坪村5鄰刀石坑2號,10005,1000516,1000516-007,5鄰,刀石坑,,,,,,2號,120.92198044458,24.621332405282
苗栗縣三灣鄉大坪村5鄰刀石坑5號,10005,1000516,1000516-007,5鄰,刀石坑,,,,,,5號,120.92196648424,24.621228115006
苗栗縣三灣鄉大坪村5鄰刀石坑10號,10005,1000516,1000516-007,5鄰,刀石坑,,,,,,10號,120.92302019107,24.621470450051
苗栗縣三灣鄉大坪村5鄰刀石坑11號,10005,1000516,1000516-007,5鄰,刀石坑,,,,,,11號,120.92533800412,24.616449688503
苗栗縣三灣鄉大坪村5鄰刀石坑12號,10005,1000516,1000516-007,5鄰,刀石坑,,,,,,12號,120.92522465554,24.615563993199
