FULL_ADDR,COUNTY,TOWN,VILLAGE,NEIGHBORHOOD,ROAD,SECTION,LANE,ALLEY,SUB_ALLEY,TONG,NUMBER,X,Y
彰化縣鹿港鎮廖厝里10鄰學子巷臨48之12號,10007,1000702,1000702-021,10鄰,學子巷臨,,,,,,48之12號,120.45885552393,24.066162239307
彰化縣鹿港鎮廖厝里10鄰學子巷臨89號,10007,1000702,1000702-021,10鄰,學子巷臨,,,,,,89號,120.45943273769,24.068747451611
彰化縣鹿港鎮廖厝里10鄰學子巷臨90號,10007,1000702,1000702-021,10鄰,學子巷臨,,,,,,90號,120.45953543591,24.06862203728
