FULL_ADDR,COUNTY,TOWN,VILLAGE,NEIGHBORHOOD,ROAD,SECTION,LANE,ALLEY,SUB_ALLEY,TONG,NUMBER,X,Y
宜蘭縣冬山鄉柯林村10鄰光華新路81號,10002,1000208,1000208-023,10鄰,光華新路,,,,,,81號,121.73017538256,24.674277884081
宜蘭縣冬山鄉柯林村10鄰光華新路96號,10002,1000208,1000208-023,10鄰,光華新路,,,,,,96號,121.72974533743,24.67442253092
宜蘭縣冬山鄉柯林村14鄰光華新路186號,10002,1000208,1000208-023,14鄰,光華新路,,,,,,186號,121.72659676573,24.674599763468
