FULL_ADDR,COUNTY,TOWN,VILLAGE,NEIGHBORHOOD,ROAD,SECTION,LANE,ALLEY,SUB_ALLEY,TONG,NUMBER,X,Y
彰化縣溪州鄉東州村12鄰中通巷2號,10007,1000726,1000726-017,12鄰,中通巷,,,,,,2號,120.50369772793,23.85268215713
彰化縣溪州鄉東州村12鄰中通巷3號,10007,1000726,1000726-017,12鄰,中通巷,,,,,,3號,120.50352304802,23.852851809758
彰化縣溪州鄉東州村12鄰中通巷4號,10007,1000726,1000726-017,12鄰,中通巷,,,,,,4號,120.50374096046,23.852925380163
彰化縣溪州鄉東州村12鄰中通巷5號,10007,1000726,1000726-017,12鄰,中通巷,,,,,,5號,120.50355103393,23.853004796837
彰化縣溪州鄉東州村12鄰中通巷6號,10007,1000726,1000726-017,12鄰,中通巷,,,,,,6號,120.50360230926,23.85318294297
彰化縣溪州鄉東州村12鄰中通巷7號,10007,1000726,1000726-017,12鄰,中通巷,,,,,,7號,120.50364949083,23.853410061044
