FULL_ADDR,COUNTY,TOWN,VILLAGE,NEIGHBORHOOD,ROAD,SECTION,LANE,ALLEY,SUB_ALLEY,TONG,NUMBER,X,Y
雲林縣臺西鄉永豐村2鄰溝南3號,10009,1000916,1000916-012,2鄰,溝南,,,,,,3號,120.21105572836,23.720315953819
雲林縣臺西鄉永豐村2鄰溝南4號,10009,1000916,1000916-012,2鄰,溝南,,,,,,4號,120.21104265513,23.720281783389
