FULL_ADDR,COUNTY,TOWN,VILLAGE,NEIGHBORHOOD,ROAD,SECTION,LANE,ALLEY,SUB_ALLEY,TONG,NUMBER,X,Y
雲林縣崙背鄉南陽村15鄰大同52號,10009,1000912,1000912-003,15鄰,大同,,,,,,52號,120.34971817973,23.760194662425
雲林縣崙背鄉南陽村15鄰大同56號,10009,1000912,1000912-003,15鄰,大同,,,,,,56號,120.34962495366,23.760160860986
