FULL_ADDR,COUNTY,TOWN,VILLAGE,NEIGHBORHOOD,ROAD,SECTION,LANE,ALLEY,SUB_ALLEY,TONG,NUMBER,X,Y
彰化縣花壇鄉灣雅村10鄰秀水巷臨30號,10007,1000708,1000708-014,10鄰,秀水巷臨,,,,,,30號,120.57292247264,24.024266644329
彰化縣花壇鄉灣雅村10鄰秀水巷臨218號,10007,1000708,1000708-014,10鄰,秀水巷臨,,,,,,218號,120.5801694253,24.026743027118
