FULL_ADDR,COUNTY,TOWN,VILLAGE,NEIGHBORHOOD,ROAD,SECTION,LANE,ALLEY,SUB_ALLEY,TONG,NUMBER,X,Y
雲林縣莿桐鄉莿桐村3鄰莿桐北路二段141號,10009,1000909,1000909-001,3鄰,莿桐北路,2段,,,,,141號,120.50338645552,23.766457675695
雲林縣莿桐鄉莿桐村3鄰莿桐北路二段143號,10009,1000909,1000909-001,3鄰,莿桐北路,2段,,,,,143號,120.50320823497,23.766445996179
雲林縣莿桐鄉莿桐村3鄰莿桐北路二段155號,10009,1000909,1000909-001,3鄰,莿桐北路,2段,,,,,155號,120.50145401004,23.766427612599
雲林縣莿桐鄉莿桐村3鄰莿桐北路二段157號,10009,1000909,1000909-001,3鄰,莿桐北路,2段,,,,,157號,120.50124847023,23.766427761747
雲林縣莿桐鄉莿桐村3鄰莿桐北路二段161號,10009,1000909,1000909-001,3鄰,莿桐北路,2段,,,,,161號,120.50098417409,23.766322074269
雲林縣莿桐鄉埔子村13鄰莿桐北路一段16號,10009,1000909,1000909-006,13鄰,莿桐北路,1段,,,,,16號,120.51141829903,23.762303111689
