FULL_ADDR,COUNTY,TOWN,VILLAGE,NEIGHBORHOOD,ROAD,SECTION,LANE,ALLEY,SUB_ALLEY,TONG,NUMBER,X,Y
彰化縣溪州鄉東州村8鄰光明一街39號,10007,1000726,1000726-017,8鄰,光明一街,,,,,,39號,120.50397910236,23.849843088588
彰化縣溪州鄉東州村8鄰光明一街41號,10007,1000726,1000726-017,8鄰,光明一街,,,,,,41號,120.50400354327,23.849895719116
彰化縣溪州鄉東州村8鄰光明一街43號,10007,1000726,1000726-017,8鄰,光明一街,,,,,,43號,120.50402928791,23.849941130216
彰化縣溪州鄉東州村8鄰光明一街47號,10007,1000726,1000726-017,8鄰,光明一街,,,,,,47號,120.50404866005,23.849984263416
