FULL_ADDR,COUNTY,TOWN,VILLAGE,NEIGHBORHOOD,ROAD,SECTION,LANE,ALLEY,SUB_ALLEY,TONG,NUMBER,X,Y
苗栗縣苗栗市南勢里15鄰坪頂中1號,10005,1000501,1000501-027,15鄰,坪頂中,,,,,,1號,120.80414326313,24.533466092981
苗栗縣苗栗市南勢里15鄰坪頂中3號,10005,1000501,1000501-027,15鄰,坪頂中,,,,,,3號,120.80410986072,24.533429663098
苗栗縣苗栗市南勢里15鄰坪頂中4號,10005,1000501,1000501-027,15鄰,坪頂中,,,,,,4號,120.80399449789,24.533482783806
苗栗縣苗栗市南勢里15鄰坪頂中5號,10005,1000501,1000501-027,15鄰,坪頂中,,,,,,5號,120.80407339152,24.533397833969
苗栗縣苗栗市南勢里15鄰坪頂中6號,10005,1000501,1000501-027,15鄰,坪頂中,,,,,,6號,120.80401055422,24.533312429134
苗栗縣苗栗市南勢里15鄰坪頂中6之1號,10005,1000501,1000501-027,15鄰,坪頂中,,,,,,6之1號,120.80398256027,24.533288917591
苗栗縣苗栗市南勢里15鄰坪頂中8號,10005,1000501,1000501-027,15鄰,坪頂中,,,,,,8號,120.80395155153,24.533236509612
苗栗縣苗栗市南勢里15鄰坪頂中9號,10005,1000501,1000501-027,15鄰,坪頂中,,,,,,9號,120.80392987305,24.533213818869
