FULL_ADDR,COUNTY,TOWN,VILLAGE,NEIGHBORHOOD,ROAD,SECTION,LANE,ALLEY,SUB_ALLEY,TONG,NUMBER,X,Y
彰化縣伸港鄉什股村11鄰什股一街12號,10007,1000705,1000705-011,11鄰,什股一街,,,,,,12號,120.48061379349,24.158853633205
彰化縣伸港鄉什股村11鄰什股一街16號,10007,1000705,1000705-011,11鄰,什股一街,,,,,,16號,120.48044101707,24.158895933375
彰化縣伸港鄉什股村11鄰什股一街18號,10007,1000705,1000705-011,11鄰,什股一街,,,,,,18號,120.48035645268,24.15892842117
彰化縣伸港鄉什股村11鄰什股一街136號,10007,1000705,1000705-011,11鄰,什股一街,,,,,,136號,120.47694600357,24.159838732877
彰化縣伸港鄉什股村11鄰什股一街138號,10007,1000705,1000705-011,11鄰,什股一街,,,,,,138號,120.47689331001,24.159849928932
