FULL_ADDR,COUNTY,TOWN,VILLAGE,NEIGHBORHOOD,ROAD,SECTION,LANE,ALLEY,SUB_ALLEY,TONG,NUMBER,X,Y
新竹縣湖口鄉波羅村7鄰大愛街88號,10004,1000405,1000405-013,7鄰,大愛街,,,,,,88號,121.01706565927,24.879056413124
新竹縣湖口鄉波羅村7鄰大愛街90號,10004,1000405,1000405-013,7鄰,大愛街,,,,,,90號,121.01712455754,24.879128002614
新竹縣湖口鄉波羅村7鄰大愛街92號,10004,1000405,1000405-013,7鄰,大愛街,,,,,,92號,121.01702500088,24.879196089107
新竹縣湖口鄉波羅村7鄰大愛街96號,10004,1000405,1000405-013,7鄰,大愛街,,,,,,96號,121.01696216756,24.879298840917
