FULL_ADDR,COUNTY,TOWN,VILLAGE,NEIGHBORHOOD,ROAD,SECTION,LANE,ALLEY,SUB_ALLEY,TONG,NUMBER,X,Y
南投縣埔里鎮大城里28鄰新榮巷1號,10008,1000802,1000802-008,28鄰,新榮巷,,,,,,1號,120.95637155782,23.967845228236
南投縣埔里鎮大城里28鄰新榮巷2號,10008,1000802,1000802-008,28鄰,新榮巷,,,,,,2號,120.95623396931,23.967902075636
南投縣埔里鎮大城里28鄰新榮巷2之1號,10008,1000802,1000802-008,28鄰,新榮巷,,,,,,2之1號,120.95621041199,23.967825136604
南投縣埔里鎮大城里28鄰新榮巷3號,10008,1000802,1000802-008,28鄰,新榮巷,,,,,,3號,120.95633404691,23.967768465847
南投縣埔里鎮大城里28鄰新榮巷5號,10008,1000802,1000802-008,28鄰,新榮巷,,,,,,5號,120.95629643776,23.967691793716
南投縣埔里鎮大城里28鄰新榮巷10號,10008,1000802,1000802-008,28鄰,新榮巷,,,,,,10號,120.95609817825,23.967583742948
