FULL_ADDR,COUNTY,TOWN,VILLAGE,NEIGHBORHOOD,ROAD,SECTION,LANE,ALLEY,SUB_ALLEY,TONG,NUMBER,X,Y
宜蘭縣冬山鄉得安村14鄰內湖一路12號,10002,1000208,1000208-020,14鄰,內湖一路,,,,,,12號,121.74569699341,24.64766549244
宜蘭縣冬山鄉得安村15鄰內湖一路102號,10002,1000208,1000208-020,15鄰,內湖一路,,,,,,102號,121.74416196397,24.645142916028
宜蘭縣冬山鄉得安村15鄰內湖一路111號,10002,1000208,1000208-020,15鄰,內湖一路,,,,,,111號,121.74431762324,24.644839516402
宜蘭縣冬山鄉得安村15鄰內湖一路128號,10002,1000208,1000208-020,15鄰,內湖一路,,,,,,128號,121.74339096587,24.644123552079
宜蘭縣冬山鄉得安村15鄰內湖一路152號,10002,1000208,1000208-020,15鄰,內湖一路,,,,,,152號,121.74263323505,24.643357813925
