FULL_ADDR,COUNTY,TOWN,VILLAGE,NEIGHBORHOOD,ROAD,SECTION,LANE,ALLEY,SUB_ALLEY,TONG,NUMBER,X,Y
彰化縣埔心鄉仁里村8鄰仁北路66號,10007,1000715,1000715-011,8鄰,仁北路,,,,,,66號,120.54106461733,23.932209995664
彰化縣埔心鄉仁里村8鄰仁北路101號,10007,1000715,1000715-011,8鄰,仁北路,,,,,,101號,120.53998078068,23.931969794579
彰化縣埔心鄉仁里村8鄰仁北路116號,10007,1000715,1000715-011,8鄰,仁北路,,,,,,116號,120.54026668479,23.932324189779
彰化縣埔心鄉仁里村6鄰仁北路208號,10007,1000715,1000715-011,6鄰,仁北路,,,,,,208號,120.53981533837,23.934002679492
彰化縣埔心鄉仁里村4鄰仁北路306號,10007,1000715,1000715-011,4鄰,仁北路,,,,,,306號,120.53894282171,23.93594533398
彰化縣埔心鄉仁里村4鄰仁北路386號,10007,1000715,1000715-011,4鄰,仁北路,,,,,,386號,120.53833218042,23.937861248095
