FULL_ADDR,COUNTY,TOWN,VILLAGE,NEIGHBORHOOD,ROAD,SECTION,LANE,ALLEY,SUB_ALLEY,TONG,NUMBER,X,Y
宜蘭縣冬山鄉大進村7鄰大進八路73巷20號,10002,1000208,1000208-024,7鄰,大進八路,,73巷,,,,20號,121.71184350592,24.634815156131
宜蘭縣冬山鄉大進村7鄰大進八路123巷27號,10002,1000208,1000208-024,7鄰,大進八路,,123巷,,,,27號,121.71046934641,24.635807462286
宜蘭縣冬山鄉大進村7鄰大進八路123巷29號,10002,1000208,1000208-024,7鄰,大進八路,,123巷,,,,29號,121.71044507191,24.635741850471
宜蘭縣冬山鄉大進村7鄰大進八路51號,10002,1000208,1000208-024,7鄰,大進八路,,,,,,51號,121.71257750362,24.635043257257
宜蘭縣冬山鄉大進村7鄰大進八路55號,10002,1000208,1000208-024,7鄰,大進八路,,,,,,55號,121.71244068547,24.635075233968
宜蘭縣冬山鄉大進村7鄰大進八路123巷88號,10002,1000208,1000208-024,7鄰,大進八路,,123巷,,,,88號,121.71160818245,24.636115180829
