FULL_ADDR,COUNTY,TOWN,VILLAGE,NEIGHBORHOOD,ROAD,SECTION,LANE,ALLEY,SUB_ALLEY,TONG,NUMBER,X,Y
苗栗縣銅鑼鄉中平村13鄰中隆一路1號,10005,1000510,1000510-007,13鄰,中隆一路,,,,,,1號,120.80054756028,24.495022961099
苗栗縣銅鑼鄉中平村13鄰中隆一路1之1號,10005,1000510,1000510-007,13鄰,中隆一路,,,,,,1之1號,120.80082533692,24.494882656597
苗栗縣銅鑼鄉中平村13鄰中隆一路9號,10005,1000510,1000510-007,13鄰,中隆一路,,,,,,9號,120.80036852884,24.49673958009
苗栗縣銅鑼鄉中平村13鄰中隆一路11號,10005,1000510,1000510-007,13鄰,中隆一路,,,,,,11號,120.8002802213,24.497612653285
苗栗縣銅鑼鄉中平村13鄰中隆一路13號,10005,1000510,1000510-007,13鄰,中隆一路,,,,,,13號,120.80036957475,24.497951989146
苗栗縣銅鑼鄉中平村13鄰中隆一路15號,10005,1000510,1000510-007,13鄰,中隆一路,,,,,,15號,120.80040544611,24.498230489418
苗栗縣銅鑼鄉中平村13鄰中隆一路168號,10005,1000510,1000510-007,13鄰,中隆一路,,,,,,168號,120.79998750085,24.498587753704
