FULL_ADDR,COUNTY,TOWN,VILLAGE,NEIGHBORHOOD,ROAD,SECTION,LANE,ALLEY,SUB_ALLEY,TONG,NUMBER,X,Y
新竹縣竹北市新國里17鄰新光二街41號,10004,1000401,1000401-022,17鄰,新光二街,,,,,,41號,120.99667175312,24.838882184346
新竹縣竹北市新國里17鄰新光二街43號,10004,1000401,1000401-022,17鄰,新光二街,,,,,,43號,120.99671360428,24.838901325857
新竹縣竹北市新國里17鄰新光二街45號,10004,1000401,1000401-022,17鄰,新光二街,,,,,,45號,120.99677118683,24.838925162557
新竹縣竹北市新國里17鄰新光二街47號,10004,1000401,1000401-022,17鄰,新光二街,,,,,,47號,120.99682095312,24.838949089355
