FULL_ADDR,COUNTY,TOWN,VILLAGE,NEIGHBORHOOD,ROAD,SECTION,LANE,ALLEY,SUB_ALLEY,TONG,NUMBER,X,Y
彰化縣彰化市中山里5鄰温泉路31號,10007,1000701,1000701-011,5鄰,温泉路,,,,,,31號,120.54948950809,24.078750322043
彰化縣彰化市中山里5鄰温泉路34號,10007,1000701,1000701-011,5鄰,温泉路,,,,,,34號,120.54799513054,24.079341846809
彰化縣彰化市中山里5鄰温泉路35號,10007,1000701,1000701-011,5鄰,温泉路,,,,,,35號,120.54814058685,24.079425526702
彰化縣彰化市中山里5鄰温泉路36號,10007,1000701,1000701-011,5鄰,温泉路,,,,,,36號,120.54825915634,24.079548223901
彰化縣彰化市中山里5鄰温泉路37號,10007,1000701,1000701-011,5鄰,温泉路,,,,,,37號,120.54921079055,24.079904889712
彰化縣彰化市卦山里10鄰温泉路30號,10007,1000701,1000701-033,10鄰,温泉路,,,,,,30號,120.54876948402,24.077691681456
