FULL_ADDR,COUNTY,TOWN,VILLAGE,NEIGHBORHOOD,ROAD,SECTION,LANE,ALLEY,SUB_ALLEY,TONG,NUMBER,X,Y
宜蘭縣三星鄉行健村3鄰行健七路109巷8號,10002,1000210,1000210-011,3鄰,行健七路,,109巷,,,,8號,121.70254502752,24.678388632642
宜蘭縣三星鄉行健村1鄰行健七路20號,10002,1000210,1000210-011,1鄰,行健七路,,,,,,20號,121.70716056469,24.678652986944
宜蘭縣三星鄉行健村1鄰行健七路58號,10002,1000210,1000210-011,1鄰,行健七路,,,,,,58號,121.70555558236,24.678611151108
宜蘭縣三星鄉行健村3鄰行健七路73號,10002,1000210,1000210-011,3鄰,行健七路,,,,,,73號,121.70424981139,24.678361598052
宜蘭縣三星鄉行健村3鄰行健七路85號,10002,1000210,1000210-011,3鄰,行健七路,,,,,,85號,121.70367224865,24.678444476915
宜蘭縣三星鄉行健村3鄰行健七路125號,10002,1000210,1000210-011,3鄰,行健七路,,,,,,125號,121.70208329971,24.678583275861
宜蘭縣三星鄉行健村3鄰行健七路128號,10002,1000210,1000210-011,3鄰,行健七路,,,,,,128號,121.70317618529,24.678735797138
宜蘭縣三星鄉行健村3鄰行健七路130號,10002,1000210,1000210-011,3鄰,行健七路,,,,,,130號,121.70309875235,24.678741666965
宜蘭縣三星鄉行健村3鄰行健七路156號,10002,1000210,1000210-011,3鄰,行健七路,,,,,,156號,121.70236828816,24.67876413487
