FULL_ADDR,COUNTY,TOWN,VILLAGE,NEIGHBORHOOD,ROAD,SECTION,LANE,ALLEY,SUB_ALLEY,TONG,NUMBER,X,Y
宜蘭縣員山鄉中華村6鄰龍賢路9號,10002,1000207,1000207-008,6鄰,龍賢路,,,,,,9號,121.66855571334,24.749857812642
宜蘭縣員山鄉中華村6鄰龍賢路25號,10002,1000207,1000207-008,6鄰,龍賢路,,,,,,25號,121.64651294166,24.701565256789
