FULL_ADDR,COUNTY,TOWN,VILLAGE,NEIGHBORHOOD,ROAD,SECTION,LANE,ALLEY,SUB_ALLEY,TONG,NUMBER,X,Y
彰化縣溪湖鎮大突里2鄰大公十二街2號,10007,1000711,1000711-007,2鄰,大公十二街,,,,,,2號,120.46956916951,23.962192960499
彰化縣溪湖鎮大突里2鄰大公十二街6號,10007,1000711,1000711-007,2鄰,大公十二街,,,,,,6號,120.4695329931,23.962223761059
彰化縣溪湖鎮大突里2鄰大公十二街8號,10007,1000711,1000711-007,2鄰,大公十二街,,,,,,8號,120.46949921041,23.962257874628
彰化縣溪湖鎮大突里2鄰大公十二街10號,10007,1000711,1000711-007,2鄰,大公十二街,,,,,,10號,120.46946663011,23.962288687599
彰化縣溪湖鎮大突里2鄰大公十二街52號,10007,1000711,1000711-007,2鄰,大公十二街,,,,,,52號,120.46877042652,23.962551354912
彰化縣溪湖鎮大突里2鄰大公十二街56號,10007,1000711,1000711-007,2鄰,大公十二街,,,,,,56號,120.46870090053,23.962464892937
彰化縣溪湖鎮大突里2鄰大公十二街72號,10007,1000711,1000711-007,2鄰,大公十二街,,,,,,72號,120.46845672076,23.962120200571
