FULL_ADDR,COUNTY,TOWN,VILLAGE,NEIGHBORHOOD,ROAD,SECTION,LANE,ALLEY,SUB_ALLEY,TONG,NUMBER,X,Y
宜蘭縣壯圍鄉美福村5鄰美福一路1巷2號,10002,1000206,1000206-002,5鄰,美福一路,,1巷,,,,2號,121.79379435186,24.723631144963
宜蘭縣壯圍鄉美福村5鄰美福一路1巷8號,10002,1000206,1000206-002,5鄰,美福一路,,1巷,,,,8號,121.7936533159,24.723648683747
宜蘭縣壯圍鄉美福村5鄰美福一路1巷10號,10002,1000206,1000206-002,5鄰,美福一路,,1巷,,,,10號,121.79359515797,24.723658200219
宜蘭縣壯圍鄉美福村5鄰美福一路1巷12號,10002,1000206,1000206-002,5鄰,美福一路,,1巷,,,,12號,121.79352457204,24.723671845095
宜蘭縣壯圍鄉新南村8鄰美福一路2號,10002,1000206,1000206-003,8鄰,美福一路,,,,,,2號,121.79398878205,24.723741252248
