FULL_ADDR,COUNTY,TOWN,VILLAGE,NEIGHBORHOOD,ROAD,SECTION,LANE,ALLEY,SUB_ALLEY,TONG,NUMBER,X,Y
彰化縣溪湖鎮湖東里34鄰立人南街5號,10007,1000711,1000711-018,34鄰,立人南街,,,,,,5號,120.48457022965,23.962429424421
彰化縣溪湖鎮湖東里34鄰立人南街7號,10007,1000711,1000711-018,34鄰,立人南街,,,,,,7號,120.48455744981,23.962381616112
彰化縣溪湖鎮湖東里31鄰立人南街22號,10007,1000711,1000711-018,31鄰,立人南街,,,,,,22號,120.4841321498,23.96252842277
