FULL_ADDR,COUNTY,TOWN,VILLAGE,NEIGHBORHOOD,ROAD,SECTION,LANE,ALLEY,SUB_ALLEY,TONG,NUMBER,X,Y
雲林縣麥寮鄉橋頭村1鄰穚頭48號,10009,1000913,1000913-009,1鄰,穚頭,,,,,,48號,120.27222513547,23.790113846313
雲林縣麥寮鄉橋頭村2鄰穚頭49號,10009,1000913,1000913-009,2鄰,穚頭,,,,,,49號,120.27158119767,23.791060441202
雲林縣麥寮鄉橋頭村5鄰穚頭99號,10009,1000913,1000913-009,5鄰,穚頭,,,,,,99號,120.27247612352,23.793576359295
雲林縣麥寮鄉橋頭村3鄰穚頭102號,10009,1000913,1000913-009,3鄰,穚頭,,,,,,102號,120.27328035191,23.791739601094
雲林縣麥寮鄉橋頭村8鄰穚頭167號,10009,1000913,1000913-009,8鄰,穚頭,,,,,,167號,120.26969406768,23.795075829371
雲林縣麥寮鄉橋頭村8鄰穚頭269號,10009,1000913,1000913-009,8鄰,穚頭,,,,,,269號,120.27277938584,23.795466281049
