FULL_ADDR,COUNTY,TOWN,VILLAGE,NEIGHBORHOOD,ROAD,SECTION,LANE,ALLEY,SUB_ALLEY,TONG,NUMBER,X,Y
雲林縣斗南鎮林子里9鄰臺榮1號,10009,1000902,1000902-007,9鄰,臺榮,,,,,,1號,120.47604981979,23.659369448871
雲林縣斗南鎮林子里9鄰臺榮2號,10009,1000902,1000902-007,9鄰,臺榮,,,,,,2號,120.47535782412,23.659248638204
雲林縣斗南鎮林子里9鄰臺榮2之1號,10009,1000902,1000902-007,9鄰,臺榮,,,,,,2之1號,120.47550606021,23.65919541306
雲林縣斗南鎮林子里9鄰臺榮3號,10009,1000902,1000902-007,9鄰,臺榮,,,,,,3號,120.47564704856,23.65904220426
雲林縣斗南鎮林子里9鄰臺榮3之1號,10009,1000902,1000902-007,9鄰,臺榮,,,,,,3之1號,120.47588557813,23.658937453586
雲林縣斗南鎮林子里9鄰臺榮5號,10009,1000902,1000902-007,9鄰,臺榮,,,,,,5號,120.47719840441,23.657451621911
雲林縣斗南鎮林子里9鄰臺榮15號,10009,1000902,1000902-007,9鄰,臺榮,,,,,,15號,120.47882573046,23.656940150224
雲林縣斗南鎮林子里9鄰臺榮17號,10009,1000902,1000902-007,9鄰,臺榮,,,,,,17號,120.47880448444,23.6571562504
雲林縣斗南鎮林子里9鄰臺榮20號,10009,1000902,1000902-007,9鄰,臺榮,,,,,,20號,120.4746633648,23.657786541636
