FULL_ADDR,COUNTY,TOWN,VILLAGE,NEIGHBORHOOD,ROAD,SECTION,LANE,ALLEY,SUB_ALLEY,TONG,NUMBER,X,Y
彰化縣溪州鄉三圳村8鄰莊邊巷2號,10007,1000726,1000726-016,8鄰,莊邊巷,,,,,,2號,120.49492822676,23.831784099374
彰化縣溪州鄉三圳村9鄰莊邊巷3號,10007,1000726,1000726-016,9鄰,莊邊巷,,,,,,3號,120.49467258218,23.831867895383
彰化縣溪州鄉三圳村9鄰莊邊巷5號,10007,1000726,1000726-016,9鄰,莊邊巷,,,,,,5號,120.49454086312,23.831475301673
彰化縣溪州鄉三圳村9鄰莊邊巷7號,10007,1000726,1000726-016,9鄰,莊邊巷,,,,,,7號,120.49455191021,23.831403264125
彰化縣溪州鄉三圳村9鄰莊邊巷9號,10007,1000726,1000726-016,9鄰,莊邊巷,,,,,,9號,120.49455704217,23.831342909461
彰化縣溪州鄉三圳村9鄰莊邊巷11號,10007,1000726,1000726-016,9鄰,莊邊巷,,,,,,11號,120.49456712449,23.83126906284
彰化縣溪州鄉三圳村9鄰莊邊巷13號,10007,1000726,1000726-016,9鄰,莊邊巷,,,,,,13號,120.49457324214,23.83120510862
