FULL_ADDR,COUNTY,TOWN,VILLAGE,NEIGHBORHOOD,ROAD,SECTION,LANE,ALLEY,SUB_ALLEY,TONG,NUMBER,X,Y
宜蘭縣冬山鄉八寶村4鄰寶育路26巷51號,10002,1000208,1000208-012,4鄰,寶育路,,26巷,,,,51號,121.76910773512,24.63643967606
宜蘭縣冬山鄉八寶村4鄰寶育路26巷59號,10002,1000208,1000208-012,4鄰,寶育路,,26巷,,,,59號,121.76918737658,24.636331561212
宜蘭縣冬山鄉八寶村4鄰寶育路26巷61號,10002,1000208,1000208-012,4鄰,寶育路,,26巷,,,,61號,121.76917340163,24.636259225837
宜蘭縣冬山鄉八寶村4鄰寶育路26巷63號,10002,1000208,1000208-012,4鄰,寶育路,,26巷,,,,63號,121.76910959468,24.636227140668
宜蘭縣冬山鄉八寶村5鄰寶育路88號,10002,1000208,1000208-012,5鄰,寶育路,,,,,,88號,121.77040807514,24.636274933979
宜蘭縣冬山鄉八寶村5鄰寶育路90號,10002,1000208,1000208-012,5鄰,寶育路,,,,,,90號,121.77052340488,24.63617205256
