FULL_ADDR,COUNTY,TOWN,VILLAGE,NEIGHBORHOOD,ROAD,SECTION,LANE,ALLEY,SUB_ALLEY,TONG,NUMBER,X,Y
苗栗縣竹南鎮竹興里12鄰竹興三街7號,10005,1000504,1000504-008,12鄰,竹興三街,,,,,,7號,120.86045394538,24.693049374517
苗栗縣竹南鎮竹興里13鄰竹興三街9號,10005,1000504,1000504-008,13鄰,竹興三街,,,,,,9號,120.86030660935,24.692950643689
苗栗縣竹南鎮竹興里13鄰竹興三街30號,10005,1000504,1000504-008,13鄰,竹興三街,,,,,,30號,120.86004682068,24.692932163671
苗栗縣竹南鎮竹興里13鄰竹興三街32號,10005,1000504,1000504-008,13鄰,竹興三街,,,,,,32號,120.8599998226,24.692894289445
苗栗縣竹南鎮竹興里13鄰竹興三街36號,10005,1000504,1000504-008,13鄰,竹興三街,,,,,,36號,120.85994435321,24.692831758851
苗栗縣竹南鎮竹興里13鄰竹興三街38號,10005,1000504,1000504-008,13鄰,竹興三街,,,,,,38號,120.85990357425,24.692800029936
