FULL_ADDR,COUNTY,TOWN,VILLAGE,NEIGHBORHOOD,ROAD,SECTION,LANE,ALLEY,SUB_ALLEY,TONG,NUMBER,X,Y
雲林縣斗六市公正里25鄰自治街2號,10009,1000901,1000901-034,25鄰,自治街,,,,,,2號,120.54562076818,23.705567719103
雲林縣斗六市公正里25鄰自治街4號,10009,1000901,1000901-034,25鄰,自治街,,,,,,4號,120.54564923833,23.705417006195
雲林縣斗六市公正里25鄰自治街6號,10009,1000901,1000901-034,25鄰,自治街,,,,,,6號,120.54565232404,23.705375478495
雲林縣斗六市公正里24鄰自治街7號,10009,1000901,1000901-034,24鄰,自治街,,,,,,7號,120.54578593371,23.705305438771
雲林縣斗六市公正里25鄰自治街8號,10009,1000901,1000901-034,25鄰,自治街,,,,,,8號,120.5456541812,23.705354571092
雲林縣斗六市公正里25鄰自治街8之1號,10009,1000901,1000901-034,25鄰,自治街,,,,,,8之1號,120.54565167089,23.705331872011
雲林縣斗六市公正里25鄰自治街10號,10009,1000901,1000901-034,25鄰,自治街,,,,,,10號,120.54565162791,23.705293305907
雲林縣斗六市公正里25鄰自治街12號,10009,1000901,1000901-034,25鄰,自治街,,,,,,12號,120.54565080829,23.705246800391
