FULL_ADDR,COUNTY,TOWN,VILLAGE,NEIGHBORHOOD,ROAD,SECTION,LANE,ALLEY,SUB_ALLEY,TONG,NUMBER,X,Y
宜蘭縣員山鄉同樂村11鄰新城路建軍11號,10002,1000207,1000207-012,11鄰,新城路建軍,,,,,,11號,121.73380666236,24.758318884947
宜蘭縣員山鄉同樂村11鄰新城路建軍21號,10002,1000207,1000207-012,11鄰,新城路建軍,,,,,,21號,121.73464905846,24.758657827779
