FULL_ADDR,COUNTY,TOWN,VILLAGE,NEIGHBORHOOD,ROAD,SECTION,LANE,ALLEY,SUB_ALLEY,TONG,NUMBER,X,Y
彰化縣永靖鄉新莊村7鄰大排路185之1號,10007,1000716,1000716-008,7鄰,大排路,,,,,,185之1號,120.55901183789,23.91034247932
彰化縣永靖鄉浮圳村13鄰大排路20號,10007,1000716,1000716-011,13鄰,大排路,,,,,,20號,120.56207653525,23.904034076202
彰化縣永靖鄉浮圳村13鄰大排路36號,10007,1000716,1000716-011,13鄰,大排路,,,,,,36號,120.56143666884,23.906076209127
彰化縣永靖鄉浮圳村13鄰大排路50號,10007,1000716,1000716-011,13鄰,大排路,,,,,,50號,120.56118713125,23.906504597644
彰化縣永靖鄉浮圳村13鄰大排路60號,10007,1000716,1000716-011,13鄰,大排路,,,,,,60號,120.56110007822,23.90681430517
彰化縣永靖鄉浮圳村9鄰大排路200號,10007,1000716,1000716-011,9鄰,大排路,,,,,,200號,120.55902341823,23.911045721152
彰化縣永靖鄉浮圳村1鄰大排路420號,10007,1000716,1000716-011,1鄰,大排路,,,,,,420號,120.55594415583,23.916251763681
