FULL_ADDR,COUNTY,TOWN,VILLAGE,NEIGHBORHOOD,ROAD,SECTION,LANE,ALLEY,SUB_ALLEY,TONG,NUMBER,X,Y
南投縣中寮鄉和興村1鄰永?路122號,10008,1000808,1000808-004,1鄰,永?路,,,,,,122號,120.80580286236,23.89428152403
南投縣中寮鄉和興村8鄰永?路137之1號,10008,1000808,1000808-004,8鄰,永?路,,,,,,137之1號,120.8075658501,23.904726001601
