FULL_ADDR,COUNTY,TOWN,VILLAGE,NEIGHBORHOOD,ROAD,SECTION,LANE,ALLEY,SUB_ALLEY,TONG,NUMBER,X,Y
新竹縣寶山鄉油田村5鄰五油路46巷9號,10004,1000410,1000410-009,5鄰,五油路,,46巷,,,,9號,121.03133376747,24.724047459793
新竹縣寶山鄉油田村5鄰五油路40巷15號,10004,1000410,1000410-009,5鄰,五油路,,40巷,,,,15號,121.03169314278,24.724786881176
新竹縣寶山鄉油田村2鄰五油路101巷18號,10004,1000410,1000410-009,2鄰,五油路,,101巷,,,,18號,121.02640931412,24.718717328502
新竹縣寶山鄉油田村5鄰五油路40巷50號,10004,1000410,1000410-009,5鄰,五油路,,40巷,,,,50號,121.03276472751,24.725370573952
新竹縣寶山鄉油田村5鄰五油路40巷160號,10004,1000410,1000410-009,5鄰,五油路,,40巷,,,,160號,121.02980968402,24.726917971463
新竹縣寶山鄉油田村2鄰五油路697號,10004,1000410,1000410-009,2鄰,五油路,,,,,,697號,121.02230891975,24.718267000645
