FULL_ADDR,COUNTY,TOWN,VILLAGE,NEIGHBORHOOD,ROAD,SECTION,LANE,ALLEY,SUB_ALLEY,TONG,NUMBER,X,Y
南投縣南投市永豐里11鄰工業南六路1號,10008,1000801,1000801-025,11鄰,工業南六路,,,,,,1號,120.65711967383,23.915776423986
南投縣南投市永豐里11鄰工業南六路3號,10008,1000801,1000801-025,11鄰,工業南六路,,,,,,3號,120.65689168722,23.916561487712
南投縣南投市永豐里11鄰工業南六路5號,10008,1000801,1000801-025,11鄰,工業南六路,,,,,,5號,120.65676375849,23.916651497817
南投縣南投市永豐里11鄰工業南六路6號,10008,1000801,1000801-025,11鄰,工業南六路,,,,,,6號,120.6577755773,23.916608605669
南投縣南投市永豐里11鄰工業南六路7號,10008,1000801,1000801-025,11鄰,工業南六路,,,,,,7號,120.65658645536,23.916840722759
南投縣南投市永豐里11鄰工業南六路8號,10008,1000801,1000801-025,11鄰,工業南六路,,,,,,8號,120.65735219327,23.916995933992
南投縣南投市永豐里11鄰工業南六路9號,10008,1000801,1000801-025,11鄰,工業南六路,,,,,,9號,120.65617346296,23.917011361417
南投縣南投市永豐里11鄰工業南六路11號,10008,1000801,1000801-025,11鄰,工業南六路,,,,,,11號,120.65582956094,23.917055739725
