FULL_ADDR,COUNTY,TOWN,VILLAGE,NEIGHBORHOOD,ROAD,SECTION,LANE,ALLEY,SUB_ALLEY,TONG,NUMBER,X,Y
彰化縣伸港鄉新港村19鄰信義一巷1號,10007,1000705,1000705-010,19鄰,信義一巷,,,,,,1號,120.48559474155,24.147967263251
彰化縣伸港鄉新港村19鄰信義一巷6號,10007,1000705,1000705-010,19鄰,信義一巷,,,,,,6號,120.48538392214,24.147930616511
彰化縣伸港鄉新港村19鄰信義一巷8號,10007,1000705,1000705-010,19鄰,信義一巷,,,,,,8號,120.48537063725,24.148004610826
彰化縣伸港鄉新港村19鄰信義一巷10號,10007,1000705,1000705-010,19鄰,信義一巷,,,,,,10號,120.48514723349,24.147891624928
