FULL_ADDR,COUNTY,TOWN,VILLAGE,NEIGHBORHOOD,ROAD,SECTION,LANE,ALLEY,SUB_ALLEY,TONG,NUMBER,X,Y
新竹縣寶山鄉山湖村8鄰山湖二路66號,10004,1000410,1000410-007,8鄰,山湖二路,,,,,,66號,121.03863447531,24.748012207507
新竹縣寶山鄉山湖村8鄰山湖二路75號,10004,1000410,1000410-007,8鄰,山湖二路,,,,,,75號,121.03817712922,24.746774825803
新竹縣寶山鄉山湖村8鄰山湖二路77號,10004,1000410,1000410-007,8鄰,山湖二路,,,,,,77號,121.03790914982,24.747067558725
新竹縣寶山鄉山湖村8鄰山湖二路98號,10004,1000410,1000410-007,8鄰,山湖二路,,,,,,98號,121.03818188134,24.747443398877
