FULL_ADDR,COUNTY,TOWN,VILLAGE,NEIGHBORHOOD,ROAD,SECTION,LANE,ALLEY,SUB_ALLEY,TONG,NUMBER,X,Y
宜蘭縣頭城鎮竹安里15鄰打馬路38之5號,10002,1000204,1000204-014,15鄰,打馬路,,,,,,38之5號,121.82357459009,24.834057475718
宜蘭縣頭城鎮竹安里17鄰打馬路93之2號,10002,1000204,1000204-014,17鄰,打馬路,,,,,,93之2號,121.82067739704,24.836962723996
宜蘭縣頭城鎮竹安里17鄰打馬路93之3號,10002,1000204,1000204-014,17鄰,打馬路,,,,,,93之3號,121.82029730441,24.836332852036
