FULL_ADDR,COUNTY,TOWN,VILLAGE,NEIGHBORHOOD,ROAD,SECTION,LANE,ALLEY,SUB_ALLEY,TONG,NUMBER,X,Y
南投縣水里鄉北埔村10鄰南七街1號,10008,1000811,1000811-006,10鄰,南七街,,,,,,1號,120.85226272138,23.811163192559
南投縣水里鄉北埔村10鄰南七街23號,10008,1000811,1000811-006,10鄰,南七街,,,,,,23號,120.8518422239,23.811114570225
南投縣水里鄉北埔村10鄰南七街37號,10008,1000811,1000811-006,10鄰,南七街,,,,,,37號,120.85152552005,23.811018640343
南投縣水里鄉北埔村10鄰南七街40號,10008,1000811,1000811-006,10鄰,南七街,,,,,,40號,120.8515011,23.811261608199
