FULL_ADDR,COUNTY,TOWN,VILLAGE,NEIGHBORHOOD,ROAD,SECTION,LANE,ALLEY,SUB_ALLEY,TONG,NUMBER,X,Y
新竹縣竹東鎮五豐里53鄰五豐九莊122號,10004,1000402,1000402-014,53鄰,五豐九莊,,,,,,122號,121.07796201024,24.7396046098
新竹縣竹東鎮五豐里53鄰五豐九莊128號,10004,1000402,1000402-014,53鄰,五豐九莊,,,,,,128號,121.07767658908,24.740100288683
新竹縣竹東鎮五豐里53鄰五豐九莊143號,10004,1000402,1000402-014,53鄰,五豐九莊,,,,,,143號,121.07777623359,24.737432962452
新竹縣竹東鎮五豐里53鄰五豐九莊150號,10004,1000402,1000402-014,53鄰,五豐九莊,,,,,,150號,121.07550837884,24.73717971125
