FULL_ADDR,COUNTY,TOWN,VILLAGE,NEIGHBORHOOD,ROAD,SECTION,LANE,ALLEY,SUB_ALLEY,TONG,NUMBER,X,Y
苗栗縣頭份鎮東庄里15鄰育樂街6號,10005,1000505,1000505-014,15鄰,育樂街,,,,,,6號,120.90380822202,24.68782137018
苗栗縣頭份鎮東庄里15鄰育樂街6之6號,10005,1000505,1000505-014,15鄰,育樂街,,,,,,6之6號,120.9046325647,24.688104044531
苗栗縣頭份鎮東庄里15鄰育樂街8號,10005,1000505,1000505-014,15鄰,育樂街,,,,,,8號,120.90353850438,24.689152937856
