FULL_ADDR,COUNTY,TOWN,VILLAGE,NEIGHBORHOOD,ROAD,SECTION,LANE,ALLEY,SUB_ALLEY,TONG,NUMBER,X,Y
新竹縣新埔鎮巨埔里2鄰小茅埔15之14號,10004,1000403,1000403-015,2鄰,小茅埔,,,,,,15之14號,121.10063258469,24.841039885762
新竹縣新埔鎮巨埔里3鄰小茅埔41之1號,10004,1000403,1000403-015,3鄰,小茅埔,,,,,,41之1號,121.1005779366,24.839457332112
