FULL_ADDR,COUNTY,TOWN,VILLAGE,NEIGHBORHOOD,ROAD,SECTION,LANE,ALLEY,SUB_ALLEY,TONG,NUMBER,X,Y
宜蘭縣冬山鄉安平村10鄰照安南路77號,10002,1000208,1000208-010,10鄰,照安南路,,,,,,77號,121.79182972973,24.621879675253
宜蘭縣冬山鄉安平村10鄰照安南路111之1號,10002,1000208,1000208-010,10鄰,照安南路,,,,,,111之1號,121.79209644747,24.621230763389
