FULL_ADDR,COUNTY,TOWN,VILLAGE,NEIGHBORHOOD,ROAD,SECTION,LANE,ALLEY,SUB_ALLEY,TONG,NUMBER,X,Y
宜蘭縣三星鄉行健村5鄰行健一路76巷8號,10002,1000210,1000210-011,5鄰,行健一路,,76巷,,,,8號,121.69674320659,24.672200645208
宜蘭縣三星鄉行健村5鄰行健一路17號,10002,1000210,1000210-011,5鄰,行健一路,,,,,,17號,121.70030401549,24.669676103901
宜蘭縣三星鄉行健村5鄰行健一路122巷26號,10002,1000210,1000210-011,5鄰,行健一路,,122巷,,,,26號,121.69660445379,24.670540344727
宜蘭縣三星鄉行健村5鄰行健一路37號,10002,1000210,1000210-011,5鄰,行健一路,,,,,,37號,121.69935567246,24.669330944702
