FULL_ADDR,COUNTY,TOWN,VILLAGE,NEIGHBORHOOD,ROAD,SECTION,LANE,ALLEY,SUB_ALLEY,TONG,NUMBER,X,Y
彰化縣溪州鄉水尾村3鄰村中路2號,10007,1000726,1000726-004,3鄰,村中路,,,,,,2號,120.4702024034,23.830289625014
彰化縣溪州鄉水尾村3鄰村中路3號,10007,1000726,1000726-004,3鄰,村中路,,,,,,3號,120.46987849224,23.830577708768
彰化縣溪州鄉水尾村3鄰村中路4號,10007,1000726,1000726-004,3鄰,村中路,,,,,,4號,120.47013263769,23.830479465559
彰化縣溪州鄉水尾村4鄰村中路5號,10007,1000726,1000726-004,4鄰,村中路,,,,,,5號,120.46906674282,23.8316312237
彰化縣溪州鄉水尾村3鄰村中路6號,10007,1000726,1000726-004,3鄰,村中路,,,,,,6號,120.47005786909,23.830513845761
彰化縣溪州鄉水尾村4鄰村中路8號,10007,1000726,1000726-004,4鄰,村中路,,,,,,8號,120.46953965386,23.831629971418
彰化縣溪州鄉水尾村4鄰村中路8之1號,10007,1000726,1000726-004,4鄰,村中路,,,,,,8之1號,120.46938089267,23.831707268433
彰化縣溪州鄉水尾村4鄰村中路10號,10007,1000726,1000726-004,4鄰,村中路,,,,,,10號,120.46916335776,23.832048999855
彰化縣溪州鄉水尾村4鄰村中路12號,10007,1000726,1000726-004,4鄰,村中路,,,,,,12號,120.46909691755,23.832470250615
