FULL_ADDR,COUNTY,TOWN,VILLAGE,NEIGHBORHOOD,ROAD,SECTION,LANE,ALLEY,SUB_ALLEY,TONG,NUMBER,X,Y
雲林縣斗南鎮舊社里15鄰建旭街1號,10009,1000902,1000902-006,15鄰,建旭街,,,,,,1號,120.4776074299,23.66935588264
雲林縣斗南鎮舊社里15鄰建旭街3號,10009,1000902,1000902-006,15鄰,建旭街,,,,,,3號,120.47757814493,23.669324179922
雲林縣斗南鎮舊社里15鄰建旭街5號,10009,1000902,1000902-006,15鄰,建旭街,,,,,,5號,120.47755378147,23.669287527454
雲林縣斗南鎮舊社里15鄰建旭街7號,10009,1000902,1000902-006,15鄰,建旭街,,,,,,7號,120.47752499208,23.669254471941
雲林縣斗南鎮舊社里9鄰建旭街17號,10009,1000902,1000902-006,9鄰,建旭街,,,,,,17號,120.47679897146,23.668506077869
