FULL_ADDR,COUNTY,TOWN,VILLAGE,NEIGHBORHOOD,ROAD,SECTION,LANE,ALLEY,SUB_ALLEY,TONG,NUMBER,X,Y
彰化縣田尾鄉田尾村10鄰正田路81巷36號,10007,1000721,1000721-001,10鄰,正田路,,81巷,,,,36號,120.51817220519,23.897598096813
彰化縣田尾鄉田尾村10鄰正田路81巷38號,10007,1000721,1000721-001,10鄰,正田路,,81巷,,,,38號,120.51793503226,23.897590112094
彰化縣田尾鄉田尾村10鄰正田路81巷40號,10007,1000721,1000721-001,10鄰,正田路,,81巷,,,,40號,120.51789367545,23.897648737326
