FULL_ADDR,COUNTY,TOWN,VILLAGE,NEIGHBORHOOD,ROAD,SECTION,LANE,ALLEY,SUB_ALLEY,TONG,NUMBER,X,Y
彰化縣伸港鄉新港村19鄰信義二巷1號,10007,1000705,1000705-010,19鄰,信義二巷,,,,,,1號,120.4855811127,24.148127214028
彰化縣伸港鄉新港村19鄰信義二巷3號,10007,1000705,1000705-010,19鄰,信義二巷,,,,,,3號,120.48558649002,24.148086691225
彰化縣伸港鄉新港村19鄰信義二巷4號,10007,1000705,1000705-010,19鄰,信義二巷,,,,,,4號,120.48551841035,24.14818199026
彰化縣伸港鄉新港村19鄰信義二巷5號,10007,1000705,1000705-010,19鄰,信義二巷,,,,,,5號,120.48545364483,24.14808850071
彰化縣伸港鄉新港村19鄰信義二巷9號,10007,1000705,1000705-010,19鄰,信義二巷,,,,,,9號,120.48535455207,24.14811444146
彰化縣伸港鄉新港村19鄰信義二巷10號,10007,1000705,1000705-010,19鄰,信義二巷,,,,,,10號,120.48535450655,24.148150377361
