FULL_ADDR,COUNTY,TOWN,VILLAGE,NEIGHBORHOOD,ROAD,SECTION,LANE,ALLEY,SUB_ALLEY,TONG,NUMBER,X,Y
彰化縣和美鎮四張里18鄰和泰路56號,10007,1000703,1000703-006,18鄰,和泰路,,,,,,56號,120.4920097615,24.11749647348
彰化縣和美鎮四張里18鄰和泰路58號,10007,1000703,1000703-006,18鄰,和泰路,,,,,,58號,120.49197343981,24.117526781108
彰化縣和美鎮四張里18鄰和泰路60號,10007,1000703,1000703-006,18鄰,和泰路,,,,,,60號,120.491934112,24.117546063105
彰化縣和美鎮四張里18鄰和泰路62號,10007,1000703,1000703-006,18鄰,和泰路,,,,,,62號,120.49188268417,24.117590225442
