FULL_ADDR,COUNTY,TOWN,VILLAGE,NEIGHBORHOOD,ROAD,SECTION,LANE,ALLEY,SUB_ALLEY,TONG,NUMBER,X,Y
宜蘭縣壯圍鄉美福村4鄰新福一路31巷5號,10002,1000206,1000206-002,4鄰,新福一路,,31巷,,,,5號,121.79084493296,24.720776315303
宜蘭縣壯圍鄉美福村4鄰新福一路20巷8號,10002,1000206,1000206-002,4鄰,新福一路,,20巷,,,,8號,121.79141963373,24.719814132541
宜蘭縣壯圍鄉美福村4鄰新福一路16號,10002,1000206,1000206-002,4鄰,新福一路,,,,,,16號,121.79109465922,24.719925177903
宜蘭縣壯圍鄉美福村4鄰新福一路19號,10002,1000206,1000206-002,4鄰,新福一路,,,,,,19號,121.79081497796,24.720243541117
