FULL_ADDR,COUNTY,TOWN,VILLAGE,NEIGHBORHOOD,ROAD,SECTION,LANE,ALLEY,SUB_ALLEY,TONG,NUMBER,X,Y
南投縣埔里鎮枇杷里39鄰居仁巷1號,10008,1000802,1000802-010,39鄰,居仁巷,,,,,,1號,120.97432198498,23.963435693836
南投縣埔里鎮枇杷里39鄰居仁巷3號,10008,1000802,1000802-010,39鄰,居仁巷,,,,,,3號,120.97438389077,23.963427126038
南投縣埔里鎮枇杷里39鄰居仁巷5號,10008,1000802,1000802-010,39鄰,居仁巷,,,,,,5號,120.97444510931,23.963415578327
南投縣埔里鎮枇杷里39鄰居仁巷9號,10008,1000802,1000802-010,39鄰,居仁巷,,,,,,9號,120.97456754634,23.963392573127
