FULL_ADDR,COUNTY,TOWN,VILLAGE,NEIGHBORHOOD,ROAD,SECTION,LANE,ALLEY,SUB_ALLEY,TONG,NUMBER,X,Y
彰化縣彰化市安溪里5鄰水月臺路179號,10007,1000701,1000701-052,5鄰,水月臺路,,,,,,179號,120.58563257778,24.053176850751
彰化縣彰化市石牌里6鄰水月臺路1號,10007,1000701,1000701-066,6鄰,水月臺路,,,,,,1號,120.58598473356,24.051414640833
彰化縣彰化市石牌里7鄰水月臺路122巷2弄5號,10007,1000701,1000701-066,7鄰,水月臺路,,122巷,2弄,,,5號,120.58688238985,24.053951697059
彰化縣彰化市石牌里7鄰水月臺路122巷2弄8號,10007,1000701,1000701-066,7鄰,水月臺路,,122巷,2弄,,,8號,120.58654178968,24.054072493194
彰化縣彰化市石牌里7鄰水月臺路122巷80號,10007,1000701,1000701-066,7鄰,水月臺路,,122巷,,,,80號,120.58846341199,24.055366070484
彰化縣彰化市石牌里7鄰水月臺路102號,10007,1000701,1000701-066,7鄰,水月臺路,,,,,,102號,120.58669889056,24.052883119037
彰化縣彰化市石牌里7鄰水月臺路112號,10007,1000701,1000701-066,7鄰,水月臺路,,,,,,112號,120.5861233066,24.05514603618
彰化縣彰化市石牌里7鄰水月臺路218號,10007,1000701,1000701-066,7鄰,水月臺路,,,,,,218號,120.58703111356,24.056117337867
