FULL_ADDR,COUNTY,TOWN,VILLAGE,NEIGHBORHOOD,ROAD,SECTION,LANE,ALLEY,SUB_ALLEY,TONG,NUMBER,X,Y
苗栗縣獅潭鄉永興村1鄰北窩1號,10005,1000517,1000517-002,1鄰,北窩,,,,,,1號,120.92207791148,24.551471346533
苗栗縣獅潭鄉永興村1鄰北窩1之1號,10005,1000517,1000517-002,1鄰,北窩,,,,,,1之1號,120.92201907366,24.551638531668
苗栗縣獅潭鄉永興村1鄰北窩1之2號,10005,1000517,1000517-002,1鄰,北窩,,,,,,1之2號,120.9227035236,24.551042253241
苗栗縣獅潭鄉永興村1鄰北窩2之1號,10005,1000517,1000517-002,1鄰,北窩,,,,,,2之1號,120.92007879012,24.550969917363
苗栗縣獅潭鄉永興村1鄰北窩3之2號,10005,1000517,1000517-002,1鄰,北窩,,,,,,3之2號,120.91311013599,24.553710762116
苗栗縣獅潭鄉永興村1鄰北窩4號,10005,1000517,1000517-002,1鄰,北窩,,,,,,4號,120.91467536586,24.55399778246
苗栗縣獅潭鄉永興村1鄰北窩5號,10005,1000517,1000517-002,1鄰,北窩,,,,,,5號,120.91591897715,24.556225191674
苗栗縣獅潭鄉永興村1鄰北窩6號,10005,1000517,1000517-002,1鄰,北窩,,,,,,6號,120.91650017046,24.556752171129
苗栗縣獅潭鄉永興村1鄰北窩9號,10005,1000517,1000517-002,1鄰,北窩,,,,,,9號,120.90989484306,24.551975503564
苗栗縣獅潭鄉永興村1鄰北窩10號,10005,1000517,1000517-002,1鄰,北窩,,,,,,10號,120.90839539221,24.551145203702
苗栗縣獅潭鄉永興村1鄰北窩15號,10005,1000517,1000517-002,1鄰,北窩,,,,,,15號,120.91310253738,24.551558174063
苗栗縣獅潭鄉永興村1鄰北窩15之1號,10005,1000517,1000517-002,1鄰,北窩,,,,,,15之1號,120.91323633079,24.55164826942
苗栗縣獅潭鄉永興村1鄰北窩16號,10005,1000517,1000517-002,1鄰,北窩,,,,,,16號,120.91305367431,24.552130850041
苗栗縣獅潭鄉永興村1鄰北窩17號,10005,1000517,1000517-002,1鄰,北窩,,,,,,17號,120.91444559567,24.551320849689
苗栗縣獅潭鄉永興村1鄰北窩18號,10005,1000517,1000517-002,1鄰,北窩,,,,,,18號,120.91533200326,24.552699704474
