FULL_ADDR,COUNTY,TOWN,VILLAGE,NEIGHBORHOOD,ROAD,SECTION,LANE,ALLEY,SUB_ALLEY,TONG,NUMBER,X,Y
新竹縣湖口鄉湖南村6鄰箕南窩12號,10004,1000405,1000405-012,6鄰,箕南窩,,,,,,12號,121.05317590876,24.873733490871
新竹縣湖口鄉湖南村6鄰箕南窩12之10號,10004,1000405,1000405-012,6鄰,箕南窩,,,,,,12之10號,121.05169337987,24.875801518227
新竹縣湖口鄉湖南村6鄰箕南窩15之2號,10004,1000405,1000405-012,6鄰,箕南窩,,,,,,15之2號,121.05193221173,24.872980398155
