FULL_ADDR,COUNTY,TOWN,VILLAGE,NEIGHBORHOOD,ROAD,SECTION,LANE,ALLEY,SUB_ALLEY,TONG,NUMBER,X,Y
苗栗縣頭份鎮後庄里6鄰建安街2號,10005,1000505,1000505-015,6鄰,建安街,,,,,,2號,120.8913946579,24.697785241178
苗栗縣頭份鎮後庄里6鄰建安街22號,10005,1000505,1000505-015,6鄰,建安街,,,,,,22號,120.89097801564,24.697991968072
苗栗縣頭份鎮後庄里6鄰建安街30號,10005,1000505,1000505-015,6鄰,建安街,,,,,,30號,120.8908339611,24.698062558379
