FULL_ADDR,COUNTY,TOWN,VILLAGE,NEIGHBORHOOD,ROAD,SECTION,LANE,ALLEY,SUB_ALLEY,TONG,NUMBER,X,Y
宜蘭縣五結鄉福興村16鄰興盛路76之2號,10002,1000209,1000209-007,16鄰,興盛路,,,,,,76之2號,121.77622877699,24.682343966318
宜蘭縣五結鄉福興村16鄰興盛路76之3號,10002,1000209,1000209-007,16鄰,興盛路,,,,,,76之3號,121.77616153723,24.682463757284
