FULL_ADDR,COUNTY,TOWN,VILLAGE,NEIGHBORHOOD,ROAD,SECTION,LANE,ALLEY,SUB_ALLEY,TONG,NUMBER,X,Y
新竹縣湖口鄉湖南村17鄰南勢6之1號,10004,1000405,1000405-012,17鄰,南勢,,,,,,6之1號,121.04773324626,24.880081492573
新竹縣湖口鄉湖南村18鄰南勢7之1號,10004,1000405,1000405-012,18鄰,南勢,,,,,,7之1號,121.04503402767,24.884203265416
新竹縣湖口鄉湖南村17鄰南勢7之3號,10004,1000405,1000405-012,17鄰,南勢,,,,,,7之3號,121.04674950571,24.882134159096
新竹縣湖口鄉湖南村18鄰南勢7之25號,10004,1000405,1000405-012,18鄰,南勢,,,,,,7之25號,121.04234340963,24.884696387191
新竹縣湖口鄉湖南村18鄰南勢10之1號,10004,1000405,1000405-012,18鄰,南勢,,,,,,10之1號,121.04215422102,24.883428249455
新竹縣湖口鄉湖南村18鄰南勢10之12號,10004,1000405,1000405-012,18鄰,南勢,,,,,,10之12號,121.04252517378,24.883377015717
新竹縣湖口鄉湖南村18鄰南勢10之30號,10004,1000405,1000405-012,18鄰,南勢,,,,,,10之30號,121.03998220396,24.882910627865
新竹縣湖口鄉湖南村18鄰南勢10之35號,10004,1000405,1000405-012,18鄰,南勢,,,,,,10之35號,121.04153723007,24.883052176791
新竹縣湖口鄉湖南村18鄰南勢10之60號,10004,1000405,1000405-012,18鄰,南勢,,,,,,10之60號,121.04272651446,24.883246757901
