FULL_ADDR,COUNTY,TOWN,VILLAGE,NEIGHBORHOOD,ROAD,SECTION,LANE,ALLEY,SUB_ALLEY,TONG,NUMBER,X,Y
雲林縣林內鄉湖本村3鄰聖宮路15號,10009,1000910,1000910-007,3鄰,聖宮路,,,,,,15號,120.6265739034,23.723208894757
雲林縣林內鄉湖本村3鄰聖宮路56號,10009,1000910,1000910-007,3鄰,聖宮路,,,,,,56號,120.62474082327,23.724750716386
雲林縣林內鄉湖本村3鄰聖宮路59號,10009,1000910,1000910-007,3鄰,聖宮路,,,,,,59號,120.62369539817,23.725570066002
雲林縣林內鄉湖本村3鄰聖宮路60號,10009,1000910,1000910-007,3鄰,聖宮路,,,,,,60號,120.62371297213,23.725768944233
雲林縣林內鄉湖本村3鄰聖宮路65號,10009,1000910,1000910-007,3鄰,聖宮路,,,,,,65號,120.62330871153,23.72565770675
雲林縣林內鄉湖本村3鄰聖宮路66號,10009,1000910,1000910-007,3鄰,聖宮路,,,,,,66號,120.62325744433,23.725750136994
雲林縣林內鄉湖本村3鄰聖宮路169號,10009,1000910,1000910-007,3鄰,聖宮路,,,,,,169號,120.62766241561,23.716320715407
