FULL_ADDR,COUNTY,TOWN,VILLAGE,NEIGHBORHOOD,ROAD,SECTION,LANE,ALLEY,SUB_ALLEY,TONG,NUMBER,X,Y
雲林縣崙背鄉東明村18鄰行政街1號,10009,1000912,1000912-001,18鄰,行政街,,,,,,1號,120.35916736549,23.761986017199
雲林縣崙背鄉東明村18鄰行政街8號,10009,1000912,1000912-001,18鄰,行政街,,,,,,8號,120.35859831686,23.761780582818
雲林縣崙背鄉東明村18鄰行政街68號,10009,1000912,1000912-001,18鄰,行政街,,,,,,68號,120.35952938153,23.761494716856
