FULL_ADDR,COUNTY,TOWN,VILLAGE,NEIGHBORHOOD,ROAD,SECTION,LANE,ALLEY,SUB_ALLEY,TONG,NUMBER,X,Y
彰化縣埔鹽鄉天盛村8鄰成功南路59號,10007,1000714,1000714-018,8鄰,成功南路,,,,,,59號,120.42797343974,23.976350895759
彰化縣埔鹽鄉天盛村7鄰成功南路135號,10007,1000714,1000714-018,7鄰,成功南路,,,,,,135號,120.42845068074,23.978543092463
