FULL_ADDR,COUNTY,TOWN,VILLAGE,NEIGHBORHOOD,ROAD,SECTION,LANE,ALLEY,SUB_ALLEY,TONG,NUMBER,X,Y
宜蘭縣三星鄉大義村1鄰大義三路26號,10002,1000210,1000210-015,1鄰,大義三路,,,,,,26號,121.71980197986,24.684587087287
宜蘭縣三星鄉大義村1鄰大義三路33號,10002,1000210,1000210-015,1鄰,大義三路,,,,,,33號,121.71952119388,24.684215383852
宜蘭縣三星鄉大義村1鄰大義三路59號,10002,1000210,1000210-015,1鄰,大義三路,,,,,,59號,121.71877923949,24.683996480182
宜蘭縣三星鄉大義村1鄰大義三路61號,10002,1000210,1000210-015,1鄰,大義三路,,,,,,61號,121.71829388927,24.683861392062
宜蘭縣三星鄉大義村1鄰大義三路66號,10002,1000210,1000210-015,1鄰,大義三路,,,,,,66號,121.71801156111,24.684168169759
宜蘭縣三星鄉大義村1鄰大義三路81號,10002,1000210,1000210-015,1鄰,大義三路,,,,,,81號,121.71692186263,24.683547354264
宜蘭縣三星鄉大義村1鄰大義三路86號,10002,1000210,1000210-015,1鄰,大義三路,,,,,,86號,121.716890462,24.683913962935
宜蘭縣三星鄉大義村4鄰大義三路107號,10002,1000210,1000210-015,4鄰,大義三路,,,,,,107號,121.71577796492,24.683158094122
宜蘭縣三星鄉大義村4鄰大義三路136號,10002,1000210,1000210-015,4鄰,大義三路,,,,,,136號,121.71548553919,24.683964451325
