FULL_ADDR,COUNTY,TOWN,VILLAGE,NEIGHBORHOOD,ROAD,SECTION,LANE,ALLEY,SUB_ALLEY,TONG,NUMBER,X,Y
南投縣水里鄉郡坑村5鄰郡興路7號,10008,1000811,1000811-013,5鄰,郡興路,,,,,,7號,120.86299562414,23.737888030418
南投縣水里鄉郡坑村5鄰郡興路9號,10008,1000811,1000811-013,5鄰,郡興路,,,,,,9號,120.86279559622,23.737440332771
南投縣水里鄉郡坑村5鄰郡興路10號,10008,1000811,1000811-013,5鄰,郡興路,,,,,,10號,120.86728809767,23.734460242843
南投縣水里鄉郡坑村5鄰郡興路11號,10008,1000811,1000811-013,5鄰,郡興路,,,,,,11號,120.86298235512,23.73753847246
南投縣水里鄉郡坑村5鄰郡興路13號,10008,1000811,1000811-013,5鄰,郡興路,,,,,,13號,120.86313230507,23.737285317457
南投縣水里鄉郡坑村5鄰郡興路19號,10008,1000811,1000811-013,5鄰,郡興路,,,,,,19號,120.86277825027,23.736675758373
南投縣水里鄉郡坑村5鄰郡興路21號,10008,1000811,1000811-013,5鄰,郡興路,,,,,,21號,120.86294680093,23.736738033369
