FULL_ADDR,COUNTY,TOWN,VILLAGE,NEIGHBORHOOD,ROAD,SECTION,LANE,ALLEY,SUB_ALLEY,TONG,NUMBER,X,Y
彰化縣伸港鄉新港村19鄰信義1巷1巷3號,10007,1000705,1000705-010,19鄰,信義1巷,,1巷,,,,3號,120.48548287088,24.14794061131
彰化縣伸港鄉新港村19鄰信義1巷1巷11號,10007,1000705,1000705-010,19鄰,信義1巷,,1巷,,,,11號,120.48513931653,24.147927443985
