FULL_ADDR,COUNTY,TOWN,VILLAGE,NEIGHBORHOOD,ROAD,SECTION,LANE,ALLEY,SUB_ALLEY,TONG,NUMBER,X,Y
宜蘭縣五結鄉成興村18鄰利興二路5號,10002,1000209,1000209-014,18鄰,利興二路,,,,,,5號,121.83128193814,24.657862756487
宜蘭縣五結鄉成興村18鄰利興二路7號,10002,1000209,1000209-014,18鄰,利興二路,,,,,,7號,121.83177095646,24.657983104392
宜蘭縣五結鄉成興村18鄰利興二路11號,10002,1000209,1000209-014,18鄰,利興二路,,,,,,11號,121.83258333456,24.657972195419
宜蘭縣五結鄉成興村18鄰利興二路15號,10002,1000209,1000209-014,18鄰,利興二路,,,,,,15號,121.83348457482,24.658459685768
宜蘭縣五結鄉成興村18鄰利興二路17號,10002,1000209,1000209-014,18鄰,利興二路,,,,,,17號,121.83432223115,24.658624856928
宜蘭縣五結鄉成興村18鄰利興二路26號,10002,1000209,1000209-014,18鄰,利興二路,,,,,,26號,121.83685180982,24.658675973709
