FULL_ADDR,COUNTY,TOWN,VILLAGE,NEIGHBORHOOD,ROAD,SECTION,LANE,ALLEY,SUB_ALLEY,TONG,NUMBER,X,Y
苗栗縣苗栗市文山里4鄰文學街5號,10005,1000501,1000501-021,4鄰,文學街,,,,,,5號,120.81382296262,24.567976667255
苗栗縣苗栗市文山里4鄰文學街7號,10005,1000501,1000501-021,4鄰,文學街,,,,,,7號,120.81373578212,24.567980351639
苗栗縣苗栗市文山里4鄰文學街17號,10005,1000501,1000501-021,4鄰,文學街,,,,,,17號,120.8134927842,24.568002803823
苗栗縣苗栗市文山里4鄰文學街31號,10005,1000501,1000501-021,4鄰,文學街,,,,,,31號,120.81305254573,24.568015711294
苗栗縣苗栗市文山里4鄰文學街33號,10005,1000501,1000501-021,4鄰,文學街,,,,,,33號,120.81301107524,24.568019451963
苗栗縣苗栗市文山里4鄰文學街49號,10005,1000501,1000501-021,4鄰,文學街,,,,,,49號,120.81268790948,24.567976885754
苗栗縣苗栗市文山里4鄰文學街53號,10005,1000501,1000501-021,4鄰,文學街,,,,,,53號,120.81256316681,24.56801167237
苗栗縣苗栗市文山里4鄰文學街55號,10005,1000501,1000501-021,4鄰,文學街,,,,,,55號,120.81248972728,24.568003184148
