FULL_ADDR,COUNTY,TOWN,VILLAGE,NEIGHBORHOOD,ROAD,SECTION,LANE,ALLEY,SUB_ALLEY,TONG,NUMBER,X,Y
新竹縣寶山鄉三峰村2鄰寶峰一路15巷21號,10004,1000410,1000410-003,2鄰,寶峰一路,,15巷,,,,21號,121.00572983854,24.734399773233
新竹縣寶山鄉油田村10鄰寶峰一路39號,10004,1000410,1000410-009,10鄰,寶峰一路,,,,,,39號,121.00696057334,24.734416144361
新竹縣寶山鄉油田村10鄰寶峰一路47號,10004,1000410,1000410-009,10鄰,寶峰一路,,,,,,47號,121.0070199223,24.734503548474
新竹縣寶山鄉油田村10鄰寶峰一路51號,10004,1000410,1000410-009,10鄰,寶峰一路,,,,,,51號,121.00714399471,24.734615507566
新竹縣寶山鄉油田村10鄰寶峰一路53號,10004,1000410,1000410-009,10鄰,寶峰一路,,,,,,53號,121.00716330011,24.734762521023
新竹縣寶山鄉油田村10鄰寶峰一路110號,10004,1000410,1000410-009,10鄰,寶峰一路,,,,,,110號,121.00859234017,24.735830234483
