FULL_ADDR,COUNTY,TOWN,VILLAGE,NEIGHBORHOOD,ROAD,SECTION,LANE,ALLEY,SUB_ALLEY,TONG,NUMBER,X,Y
新竹縣湖口鄉中正村19鄰中正一街32號,10004,1000405,1000405-018,19鄰,中正一街,,,,,,32號,121.04705089038,24.896442689516
新竹縣湖口鄉中正村19鄰中正一街36號,10004,1000405,1000405-018,19鄰,中正一街,,,,,,36號,121.04707710261,24.896392482754
新竹縣湖口鄉中正村19鄰中正一街77號,10004,1000405,1000405-018,19鄰,中正一街,,,,,,77號,121.04795530982,24.895122614452
新竹縣湖口鄉中正村19鄰中正一街90號,10004,1000405,1000405-018,19鄰,中正一街,,,,,,90號,121.0476907471,24.895184725087
