FULL_ADDR,COUNTY,TOWN,VILLAGE,NEIGHBORHOOD,ROAD,SECTION,LANE,ALLEY,SUB_ALLEY,TONG,NUMBER,X,Y
宜蘭縣蘇澳鎮蘇東里3鄰蘇南公路1號,10002,1000203,1000203-013,3鄰,蘇南公路,,,,,,1號,121.8575698999,24.594533374897
宜蘭縣蘇澳鎮南正里15鄰蘇南公路11號,10002,1000203,1000203-019,15鄰,蘇南公路,,,,,,11號,121.85944390542,24.588679452562
