FULL_ADDR,COUNTY,TOWN,VILLAGE,NEIGHBORHOOD,ROAD,SECTION,LANE,ALLEY,SUB_ALLEY,TONG,NUMBER,X,Y
新竹縣湖口鄉波羅村11鄰崩坡缺1之35號,10004,1000405,1000405-013,11鄰,崩坡缺,,,,,,1之35號,121.03286541217,24.883085585627
新竹縣湖口鄉波羅村9鄰崩坡缺3號,10004,1000405,1000405-013,9鄰,崩坡缺,,,,,,3號,121.02805275417,24.881577747689
新竹縣湖口鄉波羅村11鄰崩坡缺7號,10004,1000405,1000405-013,11鄰,崩坡缺,,,,,,7號,121.03006940065,24.884888620221
新竹縣湖口鄉波羅村11鄰崩坡缺7之5號,10004,1000405,1000405-013,11鄰,崩坡缺,,,,,,7之5號,121.02891806555,24.886086860181
新竹縣湖口鄉波羅村11鄰崩坡缺9號,10004,1000405,1000405-013,11鄰,崩坡缺,,,,,,9號,121.02964116313,24.884453820043
新竹縣湖口鄉波羅村11鄰崩坡缺9之6號,10004,1000405,1000405-013,11鄰,崩坡缺,,,,,,9之6號,121.02916405749,24.884875943238
