FULL_ADDR,COUNTY,TOWN,VILLAGE,NEIGHBORHOOD,ROAD,SECTION,LANE,ALLEY,SUB_ALLEY,TONG,NUMBER,X,Y
苗栗縣竹南鎮中港里9鄰舊街2號,10005,1000504,1000504-011,9鄰,舊街,,,,,,2號,120.86582428035,24.68168076157
苗栗縣竹南鎮中港里9鄰舊街4號,10005,1000504,1000504-011,9鄰,舊街,,,,,,4號,120.8657675457,24.681694344281
苗栗縣竹南鎮中港里9鄰舊街7號,10005,1000504,1000504-011,9鄰,舊街,,,,,,7號,120.86565932926,24.681706887762
苗栗縣竹南鎮中港里9鄰舊街9號,10005,1000504,1000504-011,9鄰,舊街,,,,,,9號,120.86580360477,24.681794685931
苗栗縣竹南鎮中港里11鄰舊街10號,10005,1000504,1000504-011,11鄰,舊街,,,,,,10號,120.86665789387,24.682139803478
苗栗縣竹南鎮中港里11鄰舊街10之1號,10005,1000504,1000504-011,11鄰,舊街,,,,,,10之1號,120.86683995355,24.682008325843
苗栗縣竹南鎮中港里11鄰舊街10之2號,10005,1000504,1000504-011,11鄰,舊街,,,,,,10之2號,120.86685372206,24.682070184994
苗栗縣竹南鎮中港里11鄰舊街10之3號,10005,1000504,1000504-011,11鄰,舊街,,,,,,10之3號,120.8668398448,24.68211071178
