FULL_ADDR,COUNTY,TOWN,VILLAGE,NEIGHBORHOOD,ROAD,SECTION,LANE,ALLEY,SUB_ALLEY,TONG,NUMBER,X,Y
苗栗縣竹南鎮山佳里14鄰民樂街6號,10005,1000504,1000504-010,14鄰,民樂街,,,,,,6號,120.88281559124,24.701464227134
苗栗縣竹南鎮山佳里14鄰民樂街7號,10005,1000504,1000504-010,14鄰,民樂街,,,,,,7號,120.88269688084,24.701268301219
苗栗縣竹南鎮山佳里14鄰民樂街8號,10005,1000504,1000504-010,14鄰,民樂街,,,,,,8號,120.88276052965,24.701477727228
苗栗縣竹南鎮山佳里14鄰民樂街9號,10005,1000504,1000504-010,14鄰,民樂街,,,,,,9號,120.88264360031,24.701279635767
苗栗縣竹南鎮山佳里14鄰民樂街10號,10005,1000504,1000504-010,14鄰,民樂街,,,,,,10號,120.88270240436,24.70149113462
苗栗縣竹南鎮山佳里14鄰民樂街12號,10005,1000504,1000504-010,14鄰,民樂街,,,,,,12號,120.88263451501,24.701482955687
苗栗縣三灣鄉三灣村18鄰民樂街1巷1號,10005,1000516,1000516-001,18鄰,民樂街,,1巷,,,,1號,120.95852630663,24.657650615874
苗栗縣三灣鄉三灣村18鄰民樂街2號,10005,1000516,1000516-001,18鄰,民樂街,,,,,,2號,120.95872369173,24.657683444743
苗栗縣三灣鄉三灣村18鄰民樂街10號,10005,1000516,1000516-001,18鄰,民樂街,,,,,,10號,120.95865938548,24.657951672546
