FULL_ADDR,COUNTY,TOWN,VILLAGE,NEIGHBORHOOD,ROAD,SECTION,LANE,ALLEY,SUB_ALLEY,TONG,NUMBER,X,Y
雲林縣林內鄉坪頂村1鄰清水溪6巷1號,10009,1000910,1000910-004,1鄰,清水溪6巷,,,,,,1號,120.64817675138,23.762493501688
雲林縣林內鄉坪頂村1鄰清水溪6巷4號,10009,1000910,1000910-004,1鄰,清水溪6巷,,,,,,4號,120.64809707943,23.762569621539
雲林縣林內鄉坪頂村1鄰清水溪6巷5號,10009,1000910,1000910-004,1鄰,清水溪6巷,,,,,,5號,120.6481027594,23.762463986507
雲林縣林內鄉坪頂村1鄰清水溪6巷8號,10009,1000910,1000910-004,1鄰,清水溪6巷,,,,,,8號,120.64802015028,23.762537842193
