FULL_ADDR,COUNTY,TOWN,VILLAGE,NEIGHBORHOOD,ROAD,SECTION,LANE,ALLEY,SUB_ALLEY,TONG,NUMBER,X,Y
彰化縣鹿港鎮詔安里17鄰詔安巷臨163號,10007,1000702,1000702-027,17鄰,詔安巷臨,,,,,,163號,120.44927263239,24.082026773241
彰化縣鹿港鎮詔安里17鄰詔安巷臨192之1號,10007,1000702,1000702-027,17鄰,詔安巷臨,,,,,,192之1號,120.44899163045,24.087254569709
彰化縣鹿港鎮詔安里17鄰詔安巷臨250號,10007,1000702,1000702-027,17鄰,詔安巷臨,,,,,,250號,120.45343849638,24.084820274629
