FULL_ADDR,COUNTY,TOWN,VILLAGE,NEIGHBORHOOD,ROAD,SECTION,LANE,ALLEY,SUB_ALLEY,TONG,NUMBER,X,Y
南投縣南投市永豐里11鄰工業北五路3號,10008,1000801,1000801-025,11鄰,工業北五路,,,,,,3號,120.65575971175,23.927215373023
南投縣南投市永豐里11鄰工業北五路4號,10008,1000801,1000801-025,11鄰,工業北五路,,,,,,4號,120.65567767164,23.926184285023
南投縣南投市永豐里11鄰工業北五路5號,10008,1000801,1000801-025,11鄰,工業北五路,,,,,,5號,120.65580946733,23.927048166829
南投縣南投市永豐里11鄰工業北五路6號,10008,1000801,1000801-025,11鄰,工業北五路,,,,,,6號,120.65598259277,23.926031465419
南投縣南投市永豐里11鄰工業北五路7號,10008,1000801,1000801-025,11鄰,工業北五路,,,,,,7號,120.65590329048,23.926969548917
南投縣南投市永豐里11鄰工業北五路8號,10008,1000801,1000801-025,11鄰,工業北五路,,,,,,8號,120.65621949302,23.925598576835
南投縣南投市永豐里11鄰工業北五路10號,10008,1000801,1000801-025,11鄰,工業北五路,,,,,,10號,120.65690741347,23.925482729804
南投縣南投市永豐里11鄰工業北五路11號,10008,1000801,1000801-025,11鄰,工業北五路,,,,,,11號,120.65632281066,23.926571561909
南投縣南投市永豐里11鄰工業北五路12號,10008,1000801,1000801-025,11鄰,工業北五路,,,,,,12號,120.65708572948,23.92491426567
