FULL_ADDR,COUNTY,TOWN,VILLAGE,NEIGHBORHOOD,ROAD,SECTION,LANE,ALLEY,SUB_ALLEY,TONG,NUMBER,X,Y
彰化縣大村鄉擺塘村4鄰擺塘巷臨8之18號,10007,1000713,1000713-014,4鄰,擺塘巷臨,,,,,,8之18號,120.56547331614,23.973570333161
彰化縣大村鄉擺塘村11鄰擺塘巷臨17之50號,10007,1000713,1000713-014,11鄰,擺塘巷臨,,,,,,17之50號,120.56122922451,23.983455771141
