FULL_ADDR,COUNTY,TOWN,VILLAGE,NEIGHBORHOOD,ROAD,SECTION,LANE,ALLEY,SUB_ALLEY,TONG,NUMBER,X,Y
雲林縣口湖鄉湖東村7鄰文興路95號,10009,1000919,1000919-001,7鄰,文興路,,,,,,95號,120.18757312298,23.584232719335
雲林縣口湖鄉湖東村7鄰文興路97號,10009,1000919,1000919-001,7鄰,文興路,,,,,,97號,120.18760012726,23.58428459925
