FULL_ADDR,COUNTY,TOWN,VILLAGE,NEIGHBORHOOD,ROAD,SECTION,LANE,ALLEY,SUB_ALLEY,TONG,NUMBER,X,Y
南投縣埔里鎮籃城里2鄰籃城一巷1號,10008,1000802,1000802-009,2鄰,籃城一巷,,,,,,1號,120.95836516447,23.980593690846
南投縣埔里鎮籃城里2鄰籃城一巷2號,10008,1000802,1000802-009,2鄰,籃城一巷,,,,,,2號,120.95804136478,23.98086196233
南投縣埔里鎮籃城里2鄰籃城一巷3號,10008,1000802,1000802-009,2鄰,籃城一巷,,,,,,3號,120.95845764061,23.980897561931
南投縣埔里鎮籃城里2鄰籃城一巷4號,10008,1000802,1000802-009,2鄰,籃城一巷,,,,,,4號,120.95857548619,23.980849375734
南投縣埔里鎮籃城里5鄰籃城一巷7之1號,10008,1000802,1000802-009,5鄰,籃城一巷,,,,,,7之1號,120.95789077644,23.981265995626
南投縣埔里鎮籃城里5鄰籃城一巷7之2號,10008,1000802,1000802-009,5鄰,籃城一巷,,,,,,7之2號,120.95799832451,23.981457001116
