FULL_ADDR,COUNTY,TOWN,VILLAGE,NEIGHBORHOOD,ROAD,SECTION,LANE,ALLEY,SUB_ALLEY,TONG,NUMBER,X,Y
彰化縣鹿港鎮東石里25鄰環工三路3號,10007,1000702,1000702-008,25鄰,環工三路,,,,,,3號,120.39711879483,24.062960762895
彰化縣鹿港鎮東石里25鄰環工三路6號,10007,1000702,1000702-008,25鄰,環工三路,,,,,,6號,120.39629776489,24.063287180992
彰化縣鹿港鎮東石里25鄰環工三路13號,10007,1000702,1000702-008,25鄰,環工三路,,,,,,13號,120.39637380596,24.062881439316
彰化縣鹿港鎮東石里25鄰環工三路15號,10007,1000702,1000702-008,25鄰,環工三路,,,,,,15號,120.39624896585,24.062872459412
彰化縣鹿港鎮東石里25鄰環工三路43號,10007,1000702,1000702-008,25鄰,環工三路,,,,,,43號,120.39432111973,24.062860055796
彰化縣鹿港鎮東石里25鄰環工三路47號,10007,1000702,1000702-008,25鄰,環工三路,,,,,,47號,120.39403757948,24.062849362383
彰化縣鹿港鎮東石里25鄰環工三路49號,10007,1000702,1000702-008,25鄰,環工三路,,,,,,49號,120.39387620767,24.062851161174
彰化縣鹿港鎮東石里25鄰環工三路51號,10007,1000702,1000702-008,25鄰,環工三路,,,,,,51號,120.39364497359,24.062800042962
