FULL_ADDR,COUNTY,TOWN,VILLAGE,NEIGHBORHOOD,ROAD,SECTION,LANE,ALLEY,SUB_ALLEY,TONG,NUMBER,X,Y
新竹縣竹北市竹北里2鄰莊敬一路540巷47號,10004,1000401,1000401-007,2鄰,莊敬一路,,540巷,,,,47號,121.02306983782,24.832309349326
新竹縣竹北市竹北里2鄰莊敬一路540巷49號,10004,1000401,1000401-007,2鄰,莊敬一路,,540巷,,,,49號,121.02308546289,24.832273503431
新竹縣竹北市十興里1鄰莊敬一路2號,10004,1000401,1000401-021,1鄰,莊敬一路,,,,,,2號,121.01967619977,24.823713144621
新竹縣竹北市十興里1鄰莊敬一路88號,10004,1000401,1000401-021,1鄰,莊敬一路,,,,,,88號,121.01996963821,24.825428276887
