FULL_ADDR,COUNTY,TOWN,VILLAGE,NEIGHBORHOOD,ROAD,SECTION,LANE,ALLEY,SUB_ALLEY,TONG,NUMBER,X,Y
彰化縣溪州鄉坑厝村3鄰中和一巷1號,10007,1000726,1000726-005,3鄰,中和一巷,,,,,,1號,120.480468704,23.850563445541
彰化縣溪州鄉坑厝村3鄰中和一巷2號,10007,1000726,1000726-005,3鄰,中和一巷,,,,,,2號,120.48048313855,23.850919735163
彰化縣溪州鄉坑厝村3鄰中和一巷3號,10007,1000726,1000726-005,3鄰,中和一巷,,,,,,3號,120.4803488884,23.850796372792
彰化縣溪州鄉坑厝村3鄰中和一巷4號,10007,1000726,1000726-005,3鄰,中和一巷,,,,,,4號,120.48067035547,23.851094256552
彰化縣溪州鄉坑厝村2鄰中和一巷6號,10007,1000726,1000726-005,2鄰,中和一巷,,,,,,6號,120.48069316243,23.850909129321
