FULL_ADDR,COUNTY,TOWN,VILLAGE,NEIGHBORHOOD,ROAD,SECTION,LANE,ALLEY,SUB_ALLEY,TONG,NUMBER,X,Y
雲林縣斗南鎮新光里20鄰興業一街12號,10009,1000902,1000902-014,20鄰,興業一街,,,,,,12號,120.47883881973,23.690031176671
雲林縣斗南鎮新光里20鄰興業一街13號,10009,1000902,1000902-014,20鄰,興業一街,,,,,,13號,120.47904038556,23.690458688239
雲林縣斗南鎮新光里20鄰興業一街15號,10009,1000902,1000902-014,20鄰,興業一街,,,,,,15號,120.47898257273,23.690127826598
雲林縣斗南鎮新光里20鄰興業一街29號,10009,1000902,1000902-014,20鄰,興業一街,,,,,,29號,120.47902369521,23.689648488577
雲林縣斗南鎮新光里20鄰興業一街31號,10009,1000902,1000902-014,20鄰,興業一街,,,,,,31號,120.47897739959,23.689825314679
雲林縣斗南鎮新光里20鄰興業一街36號,10009,1000902,1000902-014,20鄰,興業一街,,,,,,36號,120.47879513165,23.689427395045
雲林縣斗南鎮新光里20鄰興業一街41號,10009,1000902,1000902-014,20鄰,興業一街,,,,,,41號,120.47897399152,23.689325058531
