FULL_ADDR,COUNTY,TOWN,VILLAGE,NEIGHBORHOOD,ROAD,SECTION,LANE,ALLEY,SUB_ALLEY,TONG,NUMBER,X,Y
彰化縣和美鎮和西里6鄰平順路6號,10007,1000703,1000703-005,6鄰,平順路,,,,,,6號,120.4941122156,24.114648325066
彰化縣和美鎮和西里6鄰平順路8號,10007,1000703,1000703-005,6鄰,平順路,,,,,,8號,120.49413904774,24.114679384089
彰化縣和美鎮和西里6鄰平順路85巷46號,10007,1000703,1000703-005,6鄰,平順路,,85巷,,,,46號,120.4938536509,24.115309038654
彰化縣和美鎮和西里6鄰平順路85巷48號,10007,1000703,1000703-005,6鄰,平順路,,85巷,,,,48號,120.49381326857,24.115296534854
彰化縣和美鎮和西里6鄰平順路85巷50號,10007,1000703,1000703-005,6鄰,平順路,,85巷,,,,50號,120.49376618487,24.115287078769
彰化縣和美鎮和西里6鄰平順路58號,10007,1000703,1000703-005,6鄰,平順路,,,,,,58號,120.49463303091,24.115417711846
彰化縣和美鎮和西里6鄰平順路71號,10007,1000703,1000703-005,6鄰,平順路,,,,,,71號,120.49415902195,24.115278989541
