FULL_ADDR,COUNTY,TOWN,VILLAGE,NEIGHBORHOOD,ROAD,SECTION,LANE,ALLEY,SUB_ALLEY,TONG,NUMBER,X,Y
彰化縣溪州鄉柑園村2鄰溪南路2號,10007,1000726,1000726-003,2鄰,溪南路,,,,,,2號,120.54177589838,23.826137595672
彰化縣溪州鄉柑園村2鄰溪南路6號,10007,1000726,1000726-003,2鄰,溪南路,,,,,,6號,120.54180307294,23.825837000226
彰化縣溪州鄉柑園村2鄰溪南路11號,10007,1000726,1000726-003,2鄰,溪南路,,,,,,11號,120.54230318478,23.825410212354
彰化縣溪州鄉柑園村2鄰溪南路12號,10007,1000726,1000726-003,2鄰,溪南路,,,,,,12號,120.54158719149,23.825362223915
