FULL_ADDR,COUNTY,TOWN,VILLAGE,NEIGHBORHOOD,ROAD,SECTION,LANE,ALLEY,SUB_ALLEY,TONG,NUMBER,X,Y
新竹縣湖口鄉湖口村13鄰綠野2號,10004,1000405,1000405-010,13鄰,綠野,,,,,,2號,121.06765600539,24.887538085468
新竹縣湖口鄉湖口村13鄰綠野8號,10004,1000405,1000405-010,13鄰,綠野,,,,,,8號,121.07062181956,24.886882469332
