FULL_ADDR,COUNTY,TOWN,VILLAGE,NEIGHBORHOOD,ROAD,SECTION,LANE,ALLEY,SUB_ALLEY,TONG,NUMBER,X,Y
宜蘭縣冬山鄉武淵村10鄰三堵一路30號,10002,1000208,1000208-001,10鄰,三堵一路,,,,,,30號,121.79687828032,24.652244713916
宜蘭縣冬山鄉武淵村10鄰三堵一路32號,10002,1000208,1000208-001,10鄰,三堵一路,,,,,,32號,121.7968994951,24.6522875758
宜蘭縣冬山鄉武淵村10鄰三堵一路70號,10002,1000208,1000208-001,10鄰,三堵一路,,,,,,70號,121.79731780944,24.653135816259
宜蘭縣冬山鄉武淵村10鄰三堵一路195號,10002,1000208,1000208-001,10鄰,三堵一路,,,,,,195號,121.79908814288,24.655785045012
