FULL_ADDR,COUNTY,TOWN,VILLAGE,NEIGHBORHOOD,ROAD,SECTION,LANE,ALLEY,SUB_ALLEY,TONG,NUMBER,X,Y
雲林縣元長鄉潭東村3鄰瓦?路73之6,10009,1000917,1000917-009,3鄰,瓦?路,,,,,,73之6,120.29475777124,23.641893350828
雲林縣元長鄉潭東村3鄰瓦?路73之6號,10009,1000917,1000917-009,3鄰,瓦?路,,,,,,73之6號,120.29475520933,23.641888562556
雲林縣元長鄉潭東村4鄰瓦?路110之6號,10009,1000917,1000917-009,4鄰,瓦?路,,,,,,110之6號,120.29289113069,23.638501061717
雲林縣元長鄉潭東村4鄰瓦?路110之10號,10009,1000917,1000917-009,4鄰,瓦?路,,,,,,110之10號,120.29156128173,23.639144469069
