FULL_ADDR,COUNTY,TOWN,VILLAGE,NEIGHBORHOOD,ROAD,SECTION,LANE,ALLEY,SUB_ALLEY,TONG,NUMBER,X,Y
苗栗縣竹南鎮公義里6鄰正義路21號,10005,1000504,1000504-022,6鄰,正義路,,,,,,21號,120.90756213057,24.730506400555
苗栗縣竹南鎮公義里6鄰正義路136號,10005,1000504,1000504-022,6鄰,正義路,,,,,,136號,120.91173370425,24.729066398331
