FULL_ADDR,COUNTY,TOWN,VILLAGE,NEIGHBORHOOD,ROAD,SECTION,LANE,ALLEY,SUB_ALLEY,TONG,NUMBER,X,Y
彰化縣芳苑鄉芳中村8鄰宮邊巷2號,10007,1000723,1000723-002,8鄰,宮邊巷,,,,,,2號,120.31656547016,23.925913992402
彰化縣芳苑鄉芳中村5鄰宮邊巷3號,10007,1000723,1000723-002,5鄰,宮邊巷,,,,,,3號,120.31627105686,23.925823781066
彰化縣芳苑鄉芳中村5鄰宮邊巷4號,10007,1000723,1000723-002,5鄰,宮邊巷,,,,,,4號,120.31650953856,23.925990690774
彰化縣芳苑鄉芳中村5鄰宮邊巷6號,10007,1000723,1000723-002,5鄰,宮邊巷,,,,,,6號,120.31621448485,23.925943726497
彰化縣芳苑鄉芳中村2鄰宮邊巷9號,10007,1000723,1000723-002,2鄰,宮邊巷,,,,,,9號,120.31607156352,23.926042673922
彰化縣芳苑鄉芳中村2鄰宮邊巷10號,10007,1000723,1000723-002,2鄰,宮邊巷,,,,,,10號,120.31586972083,23.92607345009
彰化縣芳苑鄉芳中村2鄰宮邊巷11號,10007,1000723,1000723-002,2鄰,宮邊巷,,,,,,11號,120.31574061401,23.926184666212
彰化縣芳苑鄉芳中村2鄰宮邊巷12號,10007,1000723,1000723-002,2鄰,宮邊巷,,,,,,12號,120.31542218734,23.926308113345
