FULL_ADDR,COUNTY,TOWN,VILLAGE,NEIGHBORHOOD,ROAD,SECTION,LANE,ALLEY,SUB_ALLEY,TONG,NUMBER,X,Y
彰化縣員林鎮出水里15鄰出水巷臨9之3號,10007,1000710,1000710-028,15鄰,出水巷臨,,,,,,9之3號,120.60495680071,23.948566522431
彰化縣員林鎮出水里2鄰出水巷臨12之9號,10007,1000710,1000710-028,2鄰,出水巷臨,,,,,,12之9號,120.60506487214,23.947114586725
彰化縣員林鎮出水里5鄰出水巷臨21之4號,10007,1000710,1000710-028,5鄰,出水巷臨,,,,,,21之4號,120.60836119511,23.948008189133
彰化縣員林鎮出水里5鄰出水巷臨21之5號,10007,1000710,1000710-028,5鄰,出水巷臨,,,,,,21之5號,120.60840801113,23.947991513642
彰化縣員林鎮出水里4鄰出水巷臨31之1號,10007,1000710,1000710-028,4鄰,出水巷臨,,,,,,31之1號,120.60973054585,23.94634898293
彰化縣員林鎮出水里9鄰出水巷臨46之6號,10007,1000710,1000710-028,9鄰,出水巷臨,,,,,,46之6號,120.61864316601,23.945166924933
