FULL_ADDR,COUNTY,TOWN,VILLAGE,NEIGHBORHOOD,ROAD,SECTION,LANE,ALLEY,SUB_ALLEY,TONG,NUMBER,X,Y
苗栗縣苑裡鎮客庄里20鄰蓬山路9號,10005,1000502,1000502-009,20鄰,蓬山路,,,,,,9號,120.66065614173,24.433918736991
苗栗縣苑裡鎮客庄里20鄰蓬山路11號,10005,1000502,1000502-009,20鄰,蓬山路,,,,,,11號,120.66069720948,24.433940047152
苗栗縣苑裡鎮客庄里20鄰蓬山路13號,10005,1000502,1000502-009,20鄰,蓬山路,,,,,,13號,120.66073817839,24.43396144737
苗栗縣苑裡鎮中正里13鄰蓬山路66號,10005,1000502,1000502-010,13鄰,蓬山路,,,,,,66號,120.66145235692,24.434121144242
苗栗縣苑裡鎮中正里13鄰蓬山路68號,10005,1000502,1000502-010,13鄰,蓬山路,,,,,,68號,120.66149460471,24.434143811173
苗栗縣苑裡鎮中正里13鄰蓬山路70號,10005,1000502,1000502-010,13鄰,蓬山路,,,,,,70號,120.66153685251,24.434166478091
苗栗縣苑裡鎮中正里13鄰蓬山路72號,10005,1000502,1000502-010,13鄰,蓬山路,,,,,,72號,120.6615790017,24.434189144777
