FULL_ADDR,COUNTY,TOWN,VILLAGE,NEIGHBORHOOD,ROAD,SECTION,LANE,ALLEY,SUB_ALLEY,TONG,NUMBER,X,Y
彰化縣員林鎮三條里20鄰條和一街12號,10007,1000710,1000710-017,20鄰,條和一街,,,,,,12號,120.58573575094,23.9567172606
彰化縣員林鎮三條里20鄰條和一街16號,10007,1000710,1000710-017,20鄰,條和一街,,,,,,16號,120.58567073817,23.95670751394
彰化縣員林鎮三條里20鄰條和一街18號,10007,1000710,1000710-017,20鄰,條和一街,,,,,,18號,120.58561877774,23.956702588098
彰化縣員林鎮三條里20鄰條和一街20號,10007,1000710,1000710-017,20鄰,條和一街,,,,,,20號,120.58556418728,23.956690521858
