FULL_ADDR,COUNTY,TOWN,VILLAGE,NEIGHBORHOOD,ROAD,SECTION,LANE,ALLEY,SUB_ALLEY,TONG,NUMBER,X,Y
宜蘭縣礁溪鄉白雲村17鄰砂港路11號,10002,1000205,1000205-001,17鄰,砂港路,,,,,,11號,121.78844498577,24.822497993886
宜蘭縣礁溪鄉白雲村17鄰砂港路15號,10002,1000205,1000205-001,17鄰,砂港路,,,,,,15號,121.78852099256,24.822612971457
宜蘭縣礁溪鄉白雲村17鄰砂港路67號,10002,1000205,1000205-001,17鄰,砂港路,,,,,,67號,121.79028297357,24.823594948201
宜蘭縣礁溪鄉白雲村17鄰砂港路91號,10002,1000205,1000205-001,17鄰,砂港路,,,,,,91號,121.79216797207,24.824565959865
宜蘭縣礁溪鄉白雲村17鄰砂港路99號,10002,1000205,1000205-001,17鄰,砂港路,,,,,,99號,121.79254885165,24.824616936057
