FULL_ADDR,COUNTY,TOWN,VILLAGE,NEIGHBORHOOD,ROAD,SECTION,LANE,ALLEY,SUB_ALLEY,TONG,NUMBER,X,Y
南投縣埔里鎮大湳里5鄰扶安巷1號,10008,1000802,1000802-027,5鄰,扶安巷,,,,,,1號,120.98295385949,23.976231767065
南投縣埔里鎮大湳里5鄰扶安巷2號,10008,1000802,1000802-027,5鄰,扶安巷,,,,,,2號,120.9829538506,23.976299398813
南投縣埔里鎮大湳里5鄰扶安巷3號,10008,1000802,1000802-027,5鄰,扶安巷,,,,,,3號,120.98295384171,23.976366940264
南投縣埔里鎮大湳里5鄰扶安巷5號,10008,1000802,1000802-027,5鄰,扶安巷,,,,,,5號,120.98294006721,23.97649344351
南投縣埔里鎮大湳里5鄰扶安巷6號,10008,1000802,1000802-027,5鄰,扶安巷,,,,,,6號,120.98293897642,23.976568027931
南投縣埔里鎮大湳里5鄰扶安巷7號,10008,1000802,1000802-027,5鄰,扶安巷,,,,,,7號,120.98293896896,23.976624643557
南投縣埔里鎮大湳里5鄰扶安巷8之1號,10008,1000802,1000802-027,5鄰,扶安巷,,,,,,8之1號,120.98293836775,23.976712682143
南投縣埔里鎮大湳里5鄰扶安巷9號,10008,1000802,1000802-027,5鄰,扶安巷,,,,,,9號,120.98292921946,23.976781938199
