FULL_ADDR,COUNTY,TOWN,VILLAGE,NEIGHBORHOOD,ROAD,SECTION,LANE,ALLEY,SUB_ALLEY,TONG,NUMBER,X,Y
南投縣埔里鎮西門里6鄰西門二巷2號,10008,1000802,1000802-003,6鄰,西門二巷,,,,,,2號,120.96623359612,23.967133923512
南投縣埔里鎮西門里6鄰西門二巷4號,10008,1000802,1000802-003,6鄰,西門二巷,,,,,,4號,120.96617985451,23.967101766247
南投縣埔里鎮西門里6鄰西門二巷5號,10008,1000802,1000802-003,6鄰,西門二巷,,,,,,5號,120.96614246674,23.966908343629
