FULL_ADDR,COUNTY,TOWN,VILLAGE,NEIGHBORHOOD,ROAD,SECTION,LANE,ALLEY,SUB_ALLEY,TONG,NUMBER,X,Y
南投縣埔里鎮一新里6鄰一新一巷1號,10008,1000802,1000802-022,6鄰,一新一巷,,,,,,1號,120.93197721584,24.003701709677
南投縣埔里鎮一新里6鄰一新一巷1之1號,10008,1000802,1000802-022,6鄰,一新一巷,,,,,,1之1號,120.93184060794,24.003856867308
南投縣埔里鎮一新里6鄰一新一巷1之2號,10008,1000802,1000802-022,6鄰,一新一巷,,,,,,1之2號,120.9319682521,24.003925277841
南投縣埔里鎮一新里6鄰一新一巷1之3號,10008,1000802,1000802-022,6鄰,一新一巷,,,,,,1之3號,120.93164699485,24.003818315146
南投縣埔里鎮一新里6鄰一新一巷1之5號,10008,1000802,1000802-022,6鄰,一新一巷,,,,,,1之5號,120.93177334977,24.003535384714
南投縣埔里鎮一新里6鄰一新一巷3之1號,10008,1000802,1000802-022,6鄰,一新一巷,,,,,,3之1號,120.93115827757,24.003475334022
