FULL_ADDR,COUNTY,TOWN,VILLAGE,NEIGHBORHOOD,ROAD,SECTION,LANE,ALLEY,SUB_ALLEY,TONG,NUMBER,X,Y
彰化縣花壇鄉長沙村3鄰夕泉二巷11號,10007,1000708,1000708-009,3鄰,夕泉二巷,,,,,,11號,120.55007684514,24.035703666711
彰化縣花壇鄉長沙村3鄰夕泉二巷13號,10007,1000708,1000708-009,3鄰,夕泉二巷,,,,,,13號,120.54994322473,24.035735508908
彰化縣花壇鄉長沙村3鄰夕泉二巷21號,10007,1000708,1000708-009,3鄰,夕泉二巷,,,,,,21號,120.55009719524,24.03592973109
彰化縣花壇鄉長沙村3鄰夕泉二巷22號,10007,1000708,1000708-009,3鄰,夕泉二巷,,,,,,22號,120.55029104427,24.035908720249
彰化縣花壇鄉長沙村3鄰夕泉二巷23號,10007,1000708,1000708-009,3鄰,夕泉二巷,,,,,,23號,120.55005495189,24.035948929802
彰化縣花壇鄉長沙村3鄰夕泉二巷39號,10007,1000708,1000708-009,3鄰,夕泉二巷,,,,,,39號,120.55018001881,24.036368981281
彰化縣花壇鄉長沙村3鄰夕泉二巷43號,10007,1000708,1000708-009,3鄰,夕泉二巷,,,,,,43號,120.55018659441,24.036485208304
彰化縣花壇鄉長沙村3鄰夕泉二巷58號,10007,1000708,1000708-009,3鄰,夕泉二巷,,,,,,58號,120.55039085488,24.036382512323
