FULL_ADDR,COUNTY,TOWN,VILLAGE,NEIGHBORHOOD,ROAD,SECTION,LANE,ALLEY,SUB_ALLEY,TONG,NUMBER,X,Y
苗栗縣後龍鎮校椅里9鄰頂椅三街47巷12號,10005,1000506,1000506-007,9鄰,頂椅三街,,47巷,,,,12號,120.82615261325,24.609629840797
苗栗縣後龍鎮校椅里8鄰頂椅三街47巷13號,10005,1000506,1000506-007,8鄰,頂椅三街,,47巷,,,,13號,120.82628076807,24.609582948598
苗栗縣後龍鎮校椅里9鄰頂椅三街47巷20號,10005,1000506,1000506-007,9鄰,頂椅三街,,47巷,,,,20號,120.82592253725,24.609321420994
苗栗縣後龍鎮校椅里8鄰頂椅三街27號,10005,1000506,1000506-007,8鄰,頂椅三街,,,,,,27號,120.82626165011,24.609195589862
苗栗縣後龍鎮校椅里8鄰頂椅三街29號,10005,1000506,1000506-007,8鄰,頂椅三街,,,,,,29號,120.82644393747,24.609210517179
苗栗縣後龍鎮校椅里8鄰頂椅三街31號,10005,1000506,1000506-007,8鄰,頂椅三街,,,,,,31號,120.82640382364,24.609295071022
苗栗縣後龍鎮校椅里8鄰頂椅三街35號,10005,1000506,1000506-007,8鄰,頂椅三街,,,,,,35號,120.82642732982,24.609580138193
苗栗縣後龍鎮校椅里8鄰頂椅三街37號,10005,1000506,1000506-007,8鄰,頂椅三街,,,,,,37號,120.82642876186,24.609615893998
