FULL_ADDR,COUNTY,TOWN,VILLAGE,NEIGHBORHOOD,ROAD,SECTION,LANE,ALLEY,SUB_ALLEY,TONG,NUMBER,X,Y
雲林縣斗南鎮明昌里17鄰中昌街5號,10009,1000902,1000902-016,17鄰,中昌街,,,,,,5號,120.46570630426,23.676899973417
雲林縣斗南鎮明昌里17鄰中昌街50號,10009,1000902,1000902-016,17鄰,中昌街,,,,,,50號,120.46462948029,23.671323491517
雲林縣斗南鎮明昌里17鄰中昌街52號,10009,1000902,1000902-016,17鄰,中昌街,,,,,,52號,120.46471223983,23.671704830553
雲林縣斗南鎮明昌里17鄰中昌街56號,10009,1000902,1000902-016,17鄰,中昌街,,,,,,56號,120.46458771073,23.670145513778
