FULL_ADDR,COUNTY,TOWN,VILLAGE,NEIGHBORHOOD,ROAD,SECTION,LANE,ALLEY,SUB_ALLEY,TONG,NUMBER,X,Y
苗栗縣三灣鄉永和村9鄰砂坑20之1號,10005,1000516,1000516-008,9鄰,砂坑,,,,,,20之1號,120.91628435375,24.644807253054
苗栗縣三灣鄉永和村9鄰砂坑21之1號,10005,1000516,1000516-008,9鄰,砂坑,,,,,,21之1號,120.91654132371,24.647146307559
苗栗縣三灣鄉永和村9鄰砂坑22號,10005,1000516,1000516-008,9鄰,砂坑,,,,,,22號,120.91623162736,24.644472616157
