FULL_ADDR,COUNTY,TOWN,VILLAGE,NEIGHBORHOOD,ROAD,SECTION,LANE,ALLEY,SUB_ALLEY,TONG,NUMBER,X,Y
彰化縣二水鄉二水村10鄰正德巷1號,10007,1000718,1000718-007,10鄰,正德巷,,,,,,1號,120.61547805615,23.811641129255
彰化縣二水鄉二水村10鄰正德巷3號,10007,1000718,1000718-007,10鄰,正德巷,,,,,,3號,120.61543810734,23.811612513992
彰化縣二水鄉二水村10鄰正德巷7號,10007,1000718,1000718-007,10鄰,正德巷,,,,,,7號,120.61532087529,23.81151543273
彰化縣二水鄉二水村10鄰正德巷10號,10007,1000718,1000718-007,10鄰,正德巷,,,,,,10號,120.61521890453,23.811505047111
