FULL_ADDR,COUNTY,TOWN,VILLAGE,NEIGHBORHOOD,ROAD,SECTION,LANE,ALLEY,SUB_ALLEY,TONG,NUMBER,X,Y
雲林縣斗六市三平里28鄰棒球十二街7號,10009,1000901,1000901-008,28鄰,棒球十二街,,,,,,7號,120.53481055161,23.718683895737
雲林縣斗六市三平里28鄰棒球十二街9號,10009,1000901,1000901-008,28鄰,棒球十二街,,,,,,9號,120.53476622653,23.718743484917
雲林縣斗六市三平里28鄰棒球十二街11號,10009,1000901,1000901-008,28鄰,棒球十二街,,,,,,11號,120.53472191832,23.71879830645
