FULL_ADDR,COUNTY,TOWN,VILLAGE,NEIGHBORHOOD,ROAD,SECTION,LANE,ALLEY,SUB_ALLEY,TONG,NUMBER,X,Y
新竹縣竹北市斗崙里1鄰泉州厝2之10號,10004,1000401,1000401-001,1鄰,泉州厝,,,,,,2之10號,121.0141699141,24.817114249468
新竹縣竹北市斗崙里2鄰泉州厝9之2號,10004,1000401,1000401-001,2鄰,泉州厝,,,,,,9之2號,121.01132388682,24.820187250343
新竹縣竹北市斗崙里2鄰泉州厝9之7號,10004,1000401,1000401-001,2鄰,泉州厝,,,,,,9之7號,121.0112385893,24.82003158565
