FULL_ADDR,COUNTY,TOWN,VILLAGE,NEIGHBORHOOD,ROAD,SECTION,LANE,ALLEY,SUB_ALLEY,TONG,NUMBER,X,Y
彰化縣溪湖鎮湖西里20鄰金華一街2號,10007,1000711,1000711-011,20鄰,金華一街,,,,,,2號,120.47613934391,23.956696354589
彰化縣溪湖鎮湖西里20鄰金華一街4號,10007,1000711,1000711-011,20鄰,金華一街,,,,,,4號,120.47606121161,23.956696810341
彰化縣溪湖鎮湖西里20鄰金華一街6號,10007,1000711,1000711-011,20鄰,金華一街,,,,,,6號,120.47598387229,23.95669797305
