FULL_ADDR,COUNTY,TOWN,VILLAGE,NEIGHBORHOOD,ROAD,SECTION,LANE,ALLEY,SUB_ALLEY,TONG,NUMBER,X,Y
雲林縣崙背鄉東明村6鄰民安路15號,10009,1000912,1000912-001,6鄰,民安路,,,,,,15號,120.35599514826,23.767477974153
雲林縣崙背鄉西榮村4鄰民安路11之6號,10009,1000912,1000912-002,4鄰,民安路,,,,,,11之6號,120.35046399668,23.770005643654
雲林縣崙背鄉西榮村4鄰民安路11之7號,10009,1000912,1000912-002,4鄰,民安路,,,,,,11之7號,120.35041865258,23.770040703937
雲林縣崙背鄉西榮村4鄰民安路18之1號,10009,1000912,1000912-002,4鄰,民安路,,,,,,18之1號,120.35412397935,23.769970888058
雲林縣崙背鄉西榮村4鄰民安路18之5號,10009,1000912,1000912-002,4鄰,民安路,,,,,,18之5號,120.35362330584,23.769906679869
雲林縣崙背鄉西榮村4鄰民安路20號,10009,1000912,1000912-002,4鄰,民安路,,,,,,20號,120.35319019438,23.769826030467
雲林縣崙背鄉西榮村4鄰民安路60號,10009,1000912,1000912-002,4鄰,民安路,,,,,,60號,120.34594942389,23.770799828627
