FULL_ADDR,COUNTY,TOWN,VILLAGE,NEIGHBORHOOD,ROAD,SECTION,LANE,ALLEY,SUB_ALLEY,TONG,NUMBER,X,Y
新竹縣湖口鄉勝利村26鄰工業三路2號,10004,1000405,1000405-020,26鄰,工業三路,,,,,,2號,121.01599469405,24.866922034416
新竹縣湖口鄉勝利村26鄰工業三路3號,10004,1000405,1000405-020,26鄰,工業三路,,,,,,3號,121.01731180505,24.867421147938
新竹縣湖口鄉勝利村26鄰工業三路9號,10004,1000405,1000405-020,26鄰,工業三路,,,,,,9號,121.01886687488,24.865710574147
