FULL_ADDR,COUNTY,TOWN,VILLAGE,NEIGHBORHOOD,ROAD,SECTION,LANE,ALLEY,SUB_ALLEY,TONG,NUMBER,X,Y
彰化縣伸港鄉溪底村14鄰文工五街3號,10007,1000705,1000705-004,14鄰,文工五街,,,,,,3號,120.50495860241,24.173748430372
彰化縣伸港鄉溪底村14鄰文工五街11號,10007,1000705,1000705-004,14鄰,文工五街,,,,,,11號,120.50757292744,24.173738474818
