FULL_ADDR,COUNTY,TOWN,VILLAGE,NEIGHBORHOOD,ROAD,SECTION,LANE,ALLEY,SUB_ALLEY,TONG,NUMBER,X,Y
苗栗縣竹南鎮中港里13鄰街仔頭1號,10005,1000504,1000504-011,13鄰,街仔頭,,,,,,1號,120.86670671909,24.682780797805
苗栗縣竹南鎮中港里13鄰街仔頭3號,10005,1000504,1000504-011,13鄰,街仔頭,,,,,,3號,120.86659686319,24.682847422713
苗栗縣竹南鎮中港里13鄰街仔頭3之1號,10005,1000504,1000504-011,13鄰,街仔頭,,,,,,3之1號,120.86633320844,24.682766471233
苗栗縣竹南鎮中港里13鄰街仔頭6號,10005,1000504,1000504-011,13鄰,街仔頭,,,,,,6號,120.86627412025,24.68285535181
苗栗縣竹南鎮中港里13鄰街仔頭6之1號,10005,1000504,1000504-011,13鄰,街仔頭,,,,,,6之1號,120.86614271148,24.68283934413
