FULL_ADDR,COUNTY,TOWN,VILLAGE,NEIGHBORHOOD,ROAD,SECTION,LANE,ALLEY,SUB_ALLEY,TONG,NUMBER,X,Y
苗栗縣苑裡鎮舊社里7鄰德行路108巷3號,10005,1000502,1000502-015,7鄰,德行路,,108巷,,,,3號,120.67998867291,24.417097346212
苗栗縣苑裡鎮舊社里7鄰德行路108巷11號,10005,1000502,1000502-015,7鄰,德行路,,108巷,,,,11號,120.68038697644,24.41689070152
苗栗縣苑裡鎮舊社里4鄰德行路70號,10005,1000502,1000502-015,4鄰,德行路,,,,,,70號,120.68462204475,24.413130339751
苗栗縣苑裡鎮舊社里4鄰德行路75號,10005,1000502,1000502-015,4鄰,德行路,,,,,,75號,120.68424367244,24.412823919462
苗栗縣苑裡鎮舊社里4鄰德行路80號,10005,1000502,1000502-015,4鄰,德行路,,,,,,80號,120.68388774048,24.413603914095
苗栗縣苑裡鎮舊社里15鄰德行路98號,10005,1000502,1000502-015,15鄰,德行路,,,,,,98號,120.67997630787,24.416760899871
苗栗縣苑裡鎮舊社里15鄰德行路100號,10005,1000502,1000502-015,15鄰,德行路,,,,,,100號,120.67992337853,24.416634562666
苗栗縣苑裡鎮舊社里15鄰德行路102號,10005,1000502,1000502-015,15鄰,德行路,,,,,,102號,120.679832832,24.416722674713
