FULL_ADDR,COUNTY,TOWN,VILLAGE,NEIGHBORHOOD,ROAD,SECTION,LANE,ALLEY,SUB_ALLEY,TONG,NUMBER,X,Y
雲林縣虎尾鎮平和里10鄰大成十五街1號,10009,1000903,1000903-008,10鄰,大成十五街,,,,,,1號,120.45200042282,23.710002498783
雲林縣虎尾鎮平和里10鄰大成十五街10號,10009,1000903,1000903-008,10鄰,大成十五街,,,,,,10號,120.45188022483,23.709854068304
雲林縣虎尾鎮平和里10鄰大成十五街12號,10009,1000903,1000903-008,10鄰,大成十五街,,,,,,12號,120.45190835445,23.709810825681
雲林縣虎尾鎮平和里10鄰大成十五街16號,10009,1000903,1000903-008,10鄰,大成十五街,,,,,,16號,120.45194234909,23.709772118643
雲林縣虎尾鎮平和里10鄰大成十五街18號,10009,1000903,1000903-008,10鄰,大成十五街,,,,,,18號,120.45196898883,23.70973338555
