FULL_ADDR,COUNTY,TOWN,VILLAGE,NEIGHBORHOOD,ROAD,SECTION,LANE,ALLEY,SUB_ALLEY,TONG,NUMBER,X,Y
彰化縣伸港鄉溪底村13鄰工六路2號,10007,1000705,1000705-004,13鄰,工六路,,,,,,2號,120.50875224882,24.165720685939
彰化縣伸港鄉溪底村13鄰工六路2之1號,10007,1000705,1000705-004,13鄰,工六路,,,,,,2之1號,120.50905546942,24.165743151534
彰化縣伸港鄉溪底村13鄰工六路2之3號,10007,1000705,1000705-004,13鄰,工六路,,,,,,2之3號,120.50927611877,24.165637768876
彰化縣伸港鄉溪底村13鄰工六路6號,10007,1000705,1000705-004,13鄰,工六路,,,,,,6號,120.5065711003,24.165807549408
彰化縣伸港鄉溪底村13鄰工六路7號,10007,1000705,1000705-004,13鄰,工六路,,,,,,7號,120.5067738973,24.166046123589
