FULL_ADDR,COUNTY,TOWN,VILLAGE,NEIGHBORHOOD,ROAD,SECTION,LANE,ALLEY,SUB_ALLEY,TONG,NUMBER,X,Y
雲林縣大埤鄉嘉興村15鄰豐盛街1號,10009,1000908,1000908-006,15鄰,豐盛街,,,,,,1號,120.46496054204,23.636790762789
雲林縣大埤鄉嘉興村15鄰豐盛街2號,10009,1000908,1000908-006,15鄰,豐盛街,,,,,,2號,120.46524755044,23.638255562701
雲林縣大埤鄉嘉興村15鄰豐盛街3號,10009,1000908,1000908-006,15鄰,豐盛街,,,,,,3號,120.46430048595,23.63699382071
雲林縣大埤鄉嘉興村15鄰豐盛街4號,10009,1000908,1000908-006,15鄰,豐盛街,,,,,,4號,120.46457793788,23.638324406895
雲林縣大埤鄉嘉興村15鄰豐盛街5號,10009,1000908,1000908-006,15鄰,豐盛街,,,,,,5號,120.46395292299,23.637453948995
