FULL_ADDR,COUNTY,TOWN,VILLAGE,NEIGHBORHOOD,ROAD,SECTION,LANE,ALLEY,SUB_ALLEY,TONG,NUMBER,X,Y
苗栗縣後龍鎮大庄里22鄰禁草湖4號,10005,1000506,1000506-004,22鄰,禁草湖,,,,,,4號,120.79449115797,24.611396872335
苗栗縣後龍鎮大庄里22鄰禁草湖4之2號,10005,1000506,1000506-004,22鄰,禁草湖,,,,,,4之2號,120.79446950999,24.61128795528
苗栗縣後龍鎮大庄里22鄰禁草湖5號,10005,1000506,1000506-004,22鄰,禁草湖,,,,,,5號,120.79488189694,24.611369596689
苗栗縣後龍鎮大庄里22鄰禁草湖6號,10005,1000506,1000506-004,22鄰,禁草湖,,,,,,6號,120.79493844006,24.611337440884
苗栗縣後龍鎮大庄里22鄰禁草湖6之2號,10005,1000506,1000506-004,22鄰,禁草湖,,,,,,6之2號,120.79497564097,24.611235646553
苗栗縣後龍鎮大庄里22鄰禁草湖8號,10005,1000506,1000506-004,22鄰,禁草湖,,,,,,8號,120.79473013146,24.611533623867
