FULL_ADDR,COUNTY,TOWN,VILLAGE,NEIGHBORHOOD,ROAD,SECTION,LANE,ALLEY,SUB_ALLEY,TONG,NUMBER,X,Y
彰化縣田中鎮沙崙里6鄰新工六路45號,10007,1000712,1000712-017,6鄰,新工六路,,,,,,45號,120.57231697373,23.845063734431
彰化縣田中鎮沙崙里6鄰新工六路46號,10007,1000712,1000712-017,6鄰,新工六路,,,,,,46號,120.57185163063,23.845569336136
彰化縣田中鎮沙崙里6鄰新工六路77號,10007,1000712,1000712-017,6鄰,新工六路,,,,,,77號,120.57147604319,23.844488434433
彰化縣田中鎮沙崙里6鄰新工六路90號,10007,1000712,1000712-017,6鄰,新工六路,,,,,,90號,120.57126666815,23.844948343
