FULL_ADDR,COUNTY,TOWN,VILLAGE,NEIGHBORHOOD,ROAD,SECTION,LANE,ALLEY,SUB_ALLEY,TONG,NUMBER,X,Y
彰化縣芳苑鄉芳苑村4鄰延平巷1號,10007,1000723,1000723-001,4鄰,延平巷,,,,,,1號,120.31775162332,23.9278043224
彰化縣芳苑鄉芳苑村4鄰延平巷3號,10007,1000723,1000723-001,4鄰,延平巷,,,,,,3號,120.3174381802,23.9278631826
彰化縣芳苑鄉芳苑村4鄰延平巷4號,10007,1000723,1000723-001,4鄰,延平巷,,,,,,4號,120.31727046161,23.927929082324
彰化縣芳苑鄉芳苑村2鄰延平巷6號,10007,1000723,1000723-001,2鄰,延平巷,,,,,,6號,120.31712907204,23.927904598888
彰化縣芳苑鄉芳苑村2鄰延平巷7號,10007,1000723,1000723-001,2鄰,延平巷,,,,,,7號,120.31702015098,23.927871916618
彰化縣芳苑鄉芳苑村2鄰延平巷8號,10007,1000723,1000723-001,2鄰,延平巷,,,,,,8號,120.31696122915,23.927874580212
