FULL_ADDR,COUNTY,TOWN,VILLAGE,NEIGHBORHOOD,ROAD,SECTION,LANE,ALLEY,SUB_ALLEY,TONG,NUMBER,X,Y
彰化縣永靖鄉湳墘村3鄰新館路1巷51號,10007,1000716,1000716-021,3鄰,新館路,,1巷,,,,51號,120.5291712606,23.93709344696
彰化縣永靖鄉湳墘村3鄰新館路1巷53號,10007,1000716,1000716-021,3鄰,新館路,,1巷,,,,53號,120.52922081244,23.937055404249
彰化縣永靖鄉湳墘村3鄰新館路1巷55號,10007,1000716,1000716-021,3鄰,新館路,,1巷,,,,55號,120.52934855587,23.936956706488
彰化縣永靖鄉湳墘村4鄰新館路1巷115號,10007,1000716,1000716-021,4鄰,新館路,,1巷,,,,115號,120.52792392776,23.937417975111
彰化縣永靖鄉湳墘村4鄰新館路1巷131號,10007,1000716,1000716-021,4鄰,新館路,,1巷,,,,131號,120.52674354417,23.93739879487
