FULL_ADDR,COUNTY,TOWN,VILLAGE,NEIGHBORHOOD,ROAD,SECTION,LANE,ALLEY,SUB_ALLEY,TONG,NUMBER,X,Y
新竹縣竹東鎮二重里19鄰明星一路110號,10004,1000402,1000402-019,19鄰,明星一路,,,,,,110號,121.05453192123,24.774642624397
新竹縣竹東鎮二重里19鄰明星一路126之1號,10004,1000402,1000402-019,19鄰,明星一路,,,,,,126之1號,121.05481113493,24.775003605358
