FULL_ADDR,COUNTY,TOWN,VILLAGE,NEIGHBORHOOD,ROAD,SECTION,LANE,ALLEY,SUB_ALLEY,TONG,NUMBER,X,Y
宜蘭縣壯圍鄉美福村12鄰美福七路8號,10002,1000206,1000206-002,12鄰,美福七路,,,,,,8號,121.77639082302,24.72559117276
宜蘭縣壯圍鄉美福村12鄰美福七路10號,10002,1000206,1000206-002,12鄰,美福七路,,,,,,10號,121.77638068969,24.725694417224
宜蘭縣壯圍鄉美福村12鄰美福七路12號,10002,1000206,1000206-002,12鄰,美福七路,,,,,,12號,121.77637593155,24.725787793152
宜蘭縣壯圍鄉美福村12鄰美福七路16號,10002,1000206,1000206-002,12鄰,美福七路,,,,,,16號,121.77639802803,24.725876154834
宜蘭縣壯圍鄉美福村12鄰美福七路58號,10002,1000206,1000206-002,12鄰,美福七路,,,,,,58號,121.77643737947,24.729047185898
宜蘭縣壯圍鄉美福村12鄰美福七路60號,10002,1000206,1000206-002,12鄰,美福七路,,,,,,60號,121.77651691503,24.729184634157
