FULL_ADDR,COUNTY,TOWN,VILLAGE,NEIGHBORHOOD,ROAD,SECTION,LANE,ALLEY,SUB_ALLEY,TONG,NUMBER,X,Y
宜蘭縣冬山鄉柯林村3鄰安農六路12號,10002,1000208,1000208-023,3鄰,安農六路,,,,,,12號,121.73720397,24.688884165537
宜蘭縣冬山鄉柯林村3鄰安農六路26號,10002,1000208,1000208-023,3鄰,安農六路,,,,,,26號,121.73774268422,24.689030034245
宜蘭縣冬山鄉柯林村3鄰安農六路50號,10002,1000208,1000208-023,3鄰,安農六路,,,,,,50號,121.73825075691,24.689425863814
宜蘭縣冬山鄉柯林村3鄰安農六路52號,10002,1000208,1000208-023,3鄰,安農六路,,,,,,52號,121.73829331801,24.689437752391
宜蘭縣冬山鄉柯林村3鄰安農六路58號,10002,1000208,1000208-023,3鄰,安農六路,,,,,,58號,121.73861509993,24.689527625925
