FULL_ADDR,COUNTY,TOWN,VILLAGE,NEIGHBORHOOD,ROAD,SECTION,LANE,ALLEY,SUB_ALLEY,TONG,NUMBER,X,Y
苗栗縣苗栗市福麗里14鄰田內4號,10005,1000501,1000501-022,14鄰,田內,,,,,,4號,120.81280314542,24.563308559001
苗栗縣苗栗市福麗里14鄰田內4之1號,10005,1000501,1000501-022,14鄰,田內,,,,,,4之1號,120.81274817248,24.563431102861
苗栗縣苗栗市福麗里14鄰田內4之2號,10005,1000501,1000501-022,14鄰,田內,,,,,,4之2號,120.81279029363,24.563453546807
苗栗縣苗栗市福麗里14鄰田內4之3號,10005,1000501,1000501-022,14鄰,田內,,,,,,4之3號,120.81283557806,24.563473195719
苗栗縣苗栗市福麗里16鄰田內8號,10005,1000501,1000501-022,16鄰,田內,,,,,,8號,120.81678017045,24.567047248216
