FULL_ADDR,COUNTY,TOWN,VILLAGE,NEIGHBORHOOD,ROAD,SECTION,LANE,ALLEY,SUB_ALLEY,TONG,NUMBER,X,Y
宜蘭縣冬山鄉八寶村6鄰寶君一路43號,10002,1000208,1000208-012,6鄰,寶君一路,,,,,,43號,121.76690646977,24.636426362373
宜蘭縣冬山鄉八寶村6鄰寶君一路45號,10002,1000208,1000208-012,6鄰,寶君一路,,,,,,45號,121.76693137845,24.636251267064
宜蘭縣冬山鄉八寶村6鄰寶君一路126號,10002,1000208,1000208-012,6鄰,寶君一路,,,,,,126號,121.76896399058,24.634660032777
宜蘭縣冬山鄉八寶村6鄰寶君一路128號,10002,1000208,1000208-012,6鄰,寶君一路,,,,,,128號,121.76902633981,24.634615475309
宜蘭縣冬山鄉八寶村6鄰寶君一路130號,10002,1000208,1000208-012,6鄰,寶君一路,,,,,,130號,121.76908581393,24.634601448139
宜蘭縣冬山鄉八寶村6鄰寶君一路132號,10002,1000208,1000208-012,6鄰,寶君一路,,,,,,132號,121.7691602456,24.634562155511
