FULL_ADDR,COUNTY,TOWN,VILLAGE,NEIGHBORHOOD,ROAD,SECTION,LANE,ALLEY,SUB_ALLEY,TONG,NUMBER,X,Y
彰化縣溪州鄉水尾村7鄰中山一巷1號,10007,1000726,1000726-004,7鄰,中山一巷,,,,,,1號,120.46851586494,23.831225317826
彰化縣溪州鄉水尾村7鄰中山一巷2號,10007,1000726,1000726-004,7鄰,中山一巷,,,,,,2號,120.46876088427,23.831469254973
彰化縣溪州鄉水尾村7鄰中山一巷3號,10007,1000726,1000726-004,7鄰,中山一巷,,,,,,3號,120.46848777685,23.831428935819
彰化縣溪州鄉水尾村7鄰中山一巷3之1號,10007,1000726,1000726-004,7鄰,中山一巷,,,,,,3之1號,120.46842085639,23.831464182015
彰化縣溪州鄉水尾村4鄰中山一巷4號,10007,1000726,1000726-004,4鄰,中山一巷,,,,,,4號,120.46859699474,23.831819856849
彰化縣溪州鄉水尾村7鄰中山一巷5號,10007,1000726,1000726-004,7鄰,中山一巷,,,,,,5號,120.46816773246,23.831491661579
彰化縣溪州鄉水尾村4鄰中山一巷6號,10007,1000726,1000726-004,4鄰,中山一巷,,,,,,6號,120.46850348047,23.831925595091
