FULL_ADDR,COUNTY,TOWN,VILLAGE,NEIGHBORHOOD,ROAD,SECTION,LANE,ALLEY,SUB_ALLEY,TONG,NUMBER,X,Y
彰化縣伸港鄉什股村12鄰什股十街10號,10007,1000705,1000705-011,12鄰,什股十街,,,,,,10號,120.48135445861,24.163323590854
彰化縣伸港鄉什股村12鄰什股十街12號,10007,1000705,1000705-011,12鄰,什股十街,,,,,,12號,120.48130129782,24.163328376136
彰化縣伸港鄉什股村12鄰什股十街71號,10007,1000705,1000705-011,12鄰,什股十街,,,,,,71號,120.47956027824,24.163509801096
彰化縣伸港鄉什股村12鄰什股十街73號,10007,1000705,1000705-011,12鄰,什股十街,,,,,,73號,120.47951162583,24.163519115701
彰化縣伸港鄉什股村12鄰什股十街75號,10007,1000705,1000705-011,12鄰,什股十街,,,,,,75號,120.47946446601,24.163524372272
