FULL_ADDR,COUNTY,TOWN,VILLAGE,NEIGHBORHOOD,ROAD,SECTION,LANE,ALLEY,SUB_ALLEY,TONG,NUMBER,X,Y
宜蘭縣冬山鄉三奇村4鄰三德路615巷6號,10002,1000208,1000208-004,4鄰,三德路,,615巷,,,,6號,121.82551288802,24.636317178448
宜蘭縣冬山鄉三奇村4鄰三德路615巷36號,10002,1000208,1000208-004,4鄰,三德路,,615巷,,,,36號,121.82560153013,24.636579141706
宜蘭縣冬山鄉三奇村4鄰三德路615巷38號,10002,1000208,1000208-004,4鄰,三德路,,615巷,,,,38號,121.82545874685,24.636615767601
宜蘭縣冬山鄉三奇村4鄰三德路185號,10002,1000208,1000208-004,4鄰,三德路,,,,,,185號,121.8198699394,24.642168811382
宜蘭縣冬山鄉三奇村4鄰三德路395號,10002,1000208,1000208-004,4鄰,三德路,,,,,,395號,121.82271516205,24.638809672135
宜蘭縣冬山鄉三奇村4鄰三德路399號,10002,1000208,1000208-004,4鄰,三德路,,,,,,399號,121.82279025115,24.638661920894
宜蘭縣冬山鄉三奇村4鄰三德路405號,10002,1000208,1000208-004,4鄰,三德路,,,,,,405號,121.82285224723,24.638551076358
宜蘭縣冬山鄉三奇村4鄰三德路605號,10002,1000208,1000208-004,4鄰,三德路,,,,,,605號,121.82518618887,24.636263538519
宜蘭縣冬山鄉三奇村4鄰三德路607號,10002,1000208,1000208-004,4鄰,三德路,,,,,,607號,121.82524804714,24.636267532571
