FULL_ADDR,COUNTY,TOWN,VILLAGE,NEIGHBORHOOD,ROAD,SECTION,LANE,ALLEY,SUB_ALLEY,TONG,NUMBER,X,Y
彰化縣員林鎮南平里16鄰祥平街18號,10007,1000710,1000710-013,16鄰,祥平街,,,,,,18號,120.5663607713,23.969631764975
彰化縣員林鎮南平里16鄰祥平街90號,10007,1000710,1000710-013,16鄰,祥平街,,,,,,90號,120.5645432814,23.969547792083
彰化縣員林鎮南平里16鄰祥平街92號,10007,1000710,1000710-013,16鄰,祥平街,,,,,,92號,120.56447172646,23.969553548478
