FULL_ADDR,COUNTY,TOWN,VILLAGE,NEIGHBORHOOD,ROAD,SECTION,LANE,ALLEY,SUB_ALLEY,TONG,NUMBER,X,Y
宜蘭縣冬山鄉大興村14鄰龍祥十路1號,10002,1000208,1000208-005,14鄰,龍祥十路,,,,,,1號,121.81277987954,24.625057649312
宜蘭縣冬山鄉大興村14鄰龍祥十路2之2號,10002,1000208,1000208-005,14鄰,龍祥十路,,,,,,2之2號,121.81397485052,24.626798963499
宜蘭縣冬山鄉大興村14鄰龍祥十路7號,10002,1000208,1000208-005,14鄰,龍祥十路,,,,,,7號,121.81268179243,24.628095007189
宜蘭縣冬山鄉大興村14鄰龍祥十路9號,10002,1000208,1000208-005,14鄰,龍祥十路,,,,,,9號,121.81257996611,24.629149332858
宜蘭縣冬山鄉大興村14鄰龍祥十路20號,10002,1000208,1000208-005,14鄰,龍祥十路,,,,,,20號,121.81341732013,24.633268901783
宜蘭縣冬山鄉大興村14鄰龍祥十路23號,10002,1000208,1000208-005,14鄰,龍祥十路,,,,,,23號,121.81286204197,24.632599120746
宜蘭縣冬山鄉大興村14鄰龍祥十路25號,10002,1000208,1000208-005,14鄰,龍祥十路,,,,,,25號,121.81288202266,24.632771542197
