FULL_ADDR,COUNTY,TOWN,VILLAGE,NEIGHBORHOOD,ROAD,SECTION,LANE,ALLEY,SUB_ALLEY,TONG,NUMBER,X,Y
苗栗縣銅鑼鄉中平村26鄰慶興街1號,10005,1000510,1000510-007,26鄰,慶興街,,,,,,1號,120.80128163306,24.493280076252
苗栗縣銅鑼鄉中平村27鄰慶興街2號,10005,1000510,1000510-007,27鄰,慶興街,,,,,,2號,120.80132141292,24.493080949792
苗栗縣銅鑼鄉中平村25鄰慶興街2之1號,10005,1000510,1000510-007,25鄰,慶興街,,,,,,2之1號,120.8013682648,24.493090582115
苗栗縣銅鑼鄉中平村27鄰慶興街2之2號,10005,1000510,1000510-007,27鄰,慶興街,,,,,,2之2號,120.80141521537,24.493100214554
苗栗縣銅鑼鄉中平村27鄰慶興街2之3號,10005,1000510,1000510-007,27鄰,慶興街,,,,,,2之3號,120.80146206713,24.493109937137
苗栗縣銅鑼鄉中平村26鄰慶興街3號,10005,1000510,1000510-007,26鄰,慶興街,,,,,,3號,120.80131704642,24.493285359641
苗栗縣銅鑼鄉中平村26鄰慶興街5號,10005,1000510,1000510-007,26鄰,慶興街,,,,,,5號,120.80135648712,24.493302115094
苗栗縣銅鑼鄉中平村26鄰慶興街7號,10005,1000510,1000510-007,26鄰,慶興街,,,,,,7號,120.80139949305,24.493310478295
