FULL_ADDR,COUNTY,TOWN,VILLAGE,NEIGHBORHOOD,ROAD,SECTION,LANE,ALLEY,SUB_ALLEY,TONG,NUMBER,X,Y
苗栗縣苗栗市建功里6鄰新倉街2號,10005,1000501,1000501-002,6鄰,新倉街,,,,,,2號,120.82394839415,24.564872430267
苗栗縣苗栗市建功里6鄰新倉街4號,10005,1000501,1000501-002,6鄰,新倉街,,,,,,4號,120.82389389263,24.564876790737
苗栗縣苗栗市建功里6鄰新倉街6號,10005,1000501,1000501-002,6鄰,新倉街,,,,,,6號,120.82383948983,24.564881151302
苗栗縣苗栗市建功里6鄰新倉街8號,10005,1000501,1000501-002,6鄰,新倉街,,,,,,8號,120.8237849883,24.564885511732
苗栗縣苗栗市建功里6鄰新倉街16號,10005,1000501,1000501-002,6鄰,新倉街,,,,,,16號,120.8236479321,24.564905395517
苗栗縣苗栗市建功里6鄰新倉街18號,10005,1000501,1000501-002,6鄰,新倉街,,,,,,18號,120.82357023066,24.564909638429
