FULL_ADDR,COUNTY,TOWN,VILLAGE,NEIGHBORHOOD,ROAD,SECTION,LANE,ALLEY,SUB_ALLEY,TONG,NUMBER,X,Y
彰化縣秀水鄉埔崙村6鄰蘇周巷臨128之1號,10007,1000707,1000707-011,6鄰,蘇周巷臨,,,,,,128之1號,120.49534905513,24.021015617838
彰化縣秀水鄉埔崙村6鄰蘇周巷臨128之2號,10007,1000707,1000707-011,6鄰,蘇周巷臨,,,,,,128之2號,120.49534915769,24.020989342861
