FULL_ADDR,COUNTY,TOWN,VILLAGE,NEIGHBORHOOD,ROAD,SECTION,LANE,ALLEY,SUB_ALLEY,TONG,NUMBER,X,Y
屏東縣竹田鄉西勢村14鄰東西四路88號,10013,1001314,1001314-009,14鄰,東西四路,,,,,,88號,120.51164495185,22.620604957546
屏東縣竹田鄉西勢村14鄰東西四路126號,10013,1001314,1001314-009,14鄰,東西四路,,,,,,126號,120.51088546461,22.620920352405
屏東縣竹田鄉西勢村14鄰東西四路128號,10013,1001314,1001314-009,14鄰,東西四路,,,,,,128號,120.51055348195,22.620968378023
屏東縣竹田鄉西勢村14鄰東西四路138之1號,10013,1001314,1001314-009,14鄰,東西四路,,,,,,138之1號,120.50984659796,22.620465906527
