FULL_ADDR,COUNTY,TOWN,VILLAGE,NEIGHBORHOOD,ROAD,SECTION,LANE,ALLEY,SUB_ALLEY,TONG,NUMBER,X,Y
花蓮縣玉里鎮中城里3鄰忠孝五街2號,10015,1001503,1001503-001,3鄰,忠孝五街,,,,,,2號,121.31916526249,23.324011061746
花蓮縣玉里鎮中城里3鄰忠孝五街4號,10015,1001503,1001503-001,3鄰,忠孝五街,,,,,,4號,121.31917959489,23.32407547255
花蓮縣玉里鎮中城里3鄰忠孝五街6號,10015,1001503,1001503-001,3鄰,忠孝五街,,,,,,6號,121.31919127365,23.324130136068
花蓮縣玉里鎮中城里3鄰忠孝五街8號,10015,1001503,1001503-001,3鄰,忠孝五街,,,,,,8號,121.31920650047,23.324184178299
