FULL_ADDR,COUNTY,TOWN,VILLAGE,NEIGHBORHOOD,ROAD,SECTION,LANE,ALLEY,SUB_ALLEY,TONG,NUMBER,X,Y
嘉義縣中埔鄉灣潭村4鄰內湖2號,10010,1001013,1001013-013,4鄰,內湖,,,,,,2號,120.56631373757,23.415772339374
嘉義縣中埔鄉灣潭村4鄰內湖5號,10010,1001013,1001013-013,4鄰,內湖,,,,,,5號,120.56924780285,23.415970269205
嘉義縣中埔鄉灣潭村4鄰內湖8號,10010,1001013,1001013-013,4鄰,內湖,,,,,,8號,120.56881376065,23.411948245585
嘉義縣中埔鄉灣潭村4鄰內湖9號,10010,1001013,1001013-013,4鄰,內湖,,,,,,9號,120.57190378303,23.409752226172
嘉義縣中埔鄉灣潭村4鄰內湖12號,10010,1001013,1001013-013,4鄰,內湖,,,,,,12號,120.57868471734,23.40787821878
嘉義縣中埔鄉灣潭村4鄰內湖13附6號,10010,1001013,1001013-013,4鄰,內湖,,,,,,13附6號,120.57806568585,23.407746244216
嘉義縣中埔鄉灣潭村4鄰內湖13之20號,10010,1001013,1001013-013,4鄰,內湖,,,,,,13之20號,120.57973373537,23.40628723048
