FULL_ADDR,COUNTY,TOWN,VILLAGE,NEIGHBORHOOD,ROAD,SECTION,LANE,ALLEY,SUB_ALLEY,TONG,NUMBER,X,Y
臺東縣達仁鄉新化村6鄰森茂路1號,10014,1001415,1001415-003,6鄰,森茂路,,,,,,1號,120.8530556629,22.392618257003
臺東縣達仁鄉新化村6鄰森茂路1之1號,10014,1001415,1001415-003,6鄰,森茂路,,,,,,1之1號,120.85302440011,22.392766009405
臺東縣達仁鄉新化村6鄰森茂路3號,10014,1001415,1001415-003,6鄰,森茂路,,,,,,3號,120.85363506623,22.392474261901
臺東縣達仁鄉新化村6鄰森茂路3之1號,10014,1001415,1001415-003,6鄰,森茂路,,,,,,3之1號,120.85303870676,22.392691242408
臺東縣達仁鄉新化村6鄰森茂路4之2號,10014,1001415,1001415-003,6鄰,森茂路,,,,,,4之2號,120.85220241779,22.40005916049
臺東縣達仁鄉新化村6鄰森茂路5號,10014,1001415,1001415-003,6鄰,森茂路,,,,,,5號,120.85321674362,22.392888965973
臺東縣達仁鄉新化村6鄰森茂路10號,10014,1001415,1001415-003,6鄰,森茂路,,,,,,10號,120.8536176708,22.3929487108
