FULL_ADDR,COUNTY,TOWN,VILLAGE,NEIGHBORHOOD,ROAD,SECTION,LANE,ALLEY,SUB_ALLEY,TONG,NUMBER,X,Y
臺東縣臺東市豐樂里1鄰大正路1號,10014,1001401,1001401-033,1鄰,大正路,,,,,,1號,121.13414362717,22.756147399974
臺東縣臺東市豐樂里1鄰大正路1巷2號,10014,1001401,1001401-033,1鄰,大正路,,1巷,,,,2號,121.13413652931,22.755809122872
臺東縣臺東市豐樂里1鄰大正路3號,10014,1001401,1001401-033,1鄰,大正路,,,,,,3號,121.13357821014,22.755607639653
臺東縣臺東市豐樂里1鄰大正路6號,10014,1001401,1001401-033,1鄰,大正路,,,,,,6號,121.13381048964,22.756509370826
臺東縣臺東市豐樂里1鄰大正路1巷6號,10014,1001401,1001401-033,1鄰,大正路,,1巷,,,,6號,121.13423670369,22.755654689944
臺東縣臺東市豐樂里1鄰大正路10號,10014,1001401,1001401-033,1鄰,大正路,,,,,,10號,121.13332921139,22.755806285806
臺東縣臺東市豐樂里1鄰大正路12號,10014,1001401,1001401-033,1鄰,大正路,,,,,,12號,121.1331970828,22.755504273078
臺東縣臺東市豐樂里1鄰大正路16號,10014,1001401,1001401-033,1鄰,大正路,,,,,,16號,121.13289116692,22.755027203566
臺東縣臺東市豐樂里大正路20之1號,10014,1001401,1001401-033,,大正路,,,,,,20之1號,121.13337182276,22.75596692069
