FULL_ADDR,COUNTY,TOWN,VILLAGE,NEIGHBORHOOD,ROAD,SECTION,LANE,ALLEY,SUB_ALLEY,TONG,NUMBER,X,Y
嘉義縣梅山鄉太興村4鄰太興1號,10010,1001015,1001015-014,4鄰,太興,,,,,,1號,120.63506784139,23.540974780472
嘉義縣梅山鄉太興村4鄰太興3號,10010,1001015,1001015-014,4鄰,太興,,,,,,3號,120.63447474888,23.541347320105
嘉義縣梅山鄉太興村4鄰太興4號,10010,1001015,1001015-014,4鄰,太興,,,,,,4號,120.63401177205,23.54248021757
嘉義縣梅山鄉太興村4鄰太興5號,10010,1001015,1001015-014,4鄰,太興,,,,,,5號,120.6350392006,23.542019121772
