FULL_ADDR,COUNTY,TOWN,VILLAGE,NEIGHBORHOOD,ROAD,SECTION,LANE,ALLEY,SUB_ALLEY,TONG,NUMBER,X,Y
屏東縣屏東市泰安里4鄰國勇巷1號,10013,1001301,1001301-005,4鄰,國勇巷,,,,,,1號,120.48712493308,22.674920269579
屏東縣屏東市泰安里4鄰國勇巷2號,10013,1001301,1001301-005,4鄰,國勇巷,,,,,,2號,120.48708238523,22.6747689569
屏東縣屏東市泰安里4鄰國勇巷3號,10013,1001301,1001301-005,4鄰,國勇巷,,,,,,3號,120.48720005846,22.674894591606
屏東縣屏東市泰安里4鄰國勇巷4號,10013,1001301,1001301-005,4鄰,國勇巷,,,,,,4號,120.48715357533,22.674754735522
屏東縣屏東市泰安里4鄰國勇巷5號,10013,1001301,1001301-005,4鄰,國勇巷,,,,,,5號,120.48726405242,22.674878992511
屏東縣屏東市泰安里4鄰國勇巷6號,10013,1001301,1001301-005,4鄰,國勇巷,,,,,,6號,120.48721057272,22.674736404788
屏東縣屏東市泰安里4鄰國勇巷7號,10013,1001301,1001301-005,4鄰,國勇巷,,,,,,7號,120.48732104481,22.674862016349
屏東縣屏東市泰安里4鄰國勇巷8號,10013,1001301,1001301-005,4鄰,國勇巷,,,,,,8號,120.48728595232,22.674720842137
屏東縣屏東市泰安里4鄰國勇巷10號,10013,1001301,1001301-005,4鄰,國勇巷,,,,,,10號,120.48732316182,22.674659009625
