FULL_ADDR,COUNTY,TOWN,VILLAGE,NEIGHBORHOOD,ROAD,SECTION,LANE,ALLEY,SUB_ALLEY,TONG,NUMBER,X,Y
澎湖縣馬公市復興里6鄰金龍路2號,10016,1001601,1001601-002,6鄰,金龍路,,,,,,2號,119.56241446648,23.563243280123
澎湖縣馬公市復興里10鄰金龍路7號,10016,1001601,1001601-002,10鄰,金龍路,,,,,,7號,119.55842257293,23.561829540019
