FULL_ADDR,COUNTY,TOWN,VILLAGE,NEIGHBORHOOD,ROAD,SECTION,LANE,ALLEY,SUB_ALLEY,TONG,NUMBER,X,Y
屏東縣內埔鄉和興村6鄰和仁路32號,10013,1001313,1001313-006,6鄰,和仁路,,,,,,32號,120.56840056346,22.601977230175
屏東縣內埔鄉和興村6鄰和仁路42號,10013,1001313,1001313-006,6鄰,和仁路,,,,,,42號,120.56860971329,22.602185686011
屏東縣內埔鄉和興村6鄰和仁路50號,10013,1001313,1001313-006,6鄰,和仁路,,,,,,50號,120.56860696206,22.601601643465
屏東縣內埔鄉和興村6鄰和仁路52號,10013,1001313,1001313-006,6鄰,和仁路,,,,,,52號,120.56901457826,22.60238843567
屏東縣內埔鄉和興村6鄰和仁路56號,10013,1001313,1001313-006,6鄰,和仁路,,,,,,56號,120.56918493384,22.602373991712
屏東縣內埔鄉和興村6鄰和仁路62號,10013,1001313,1001313-006,6鄰,和仁路,,,,,,62號,120.56967975918,22.602298735769
屏東縣內埔鄉和興村6鄰和仁路68號,10013,1001313,1001313-006,6鄰,和仁路,,,,,,68號,120.57057332732,22.602331020846
