FULL_ADDR,COUNTY,TOWN,VILLAGE,NEIGHBORHOOD,ROAD,SECTION,LANE,ALLEY,SUB_ALLEY,TONG,NUMBER,X,Y
臺東縣卑南鄉美農村舊班鳩3號,10014,1001404,1001404-007,,舊班鳩,,,,,,3號,121.08007459062,22.836353886349
臺東縣卑南鄉美農村舊班鳩10號,10014,1001404,1001404-007,,舊班鳩,,,,,,10號,121.07993229421,22.832005687642
臺東縣卑南鄉美農村舊班鳩11號,10014,1001404,1001404-007,,舊班鳩,,,,,,11號,121.07960383841,22.831849879065
臺東縣卑南鄉美農村舊班鳩12號,10014,1001404,1001404-007,,舊班鳩,,,,,,12號,121.07977725422,22.831552467267
