FULL_ADDR,COUNTY,TOWN,VILLAGE,NEIGHBORHOOD,ROAD,SECTION,LANE,ALLEY,SUB_ALLEY,TONG,NUMBER,X,Y
屏東縣東港鎮南平里6鄰鵬灣大道五段50號,10013,1001303,1001303-015,6鄰,鵬灣大道,5段,,,,,50號,120.47741576334,22.436399864373
屏東縣東港鎮大潭里20鄰鵬灣大道一段190號,10013,1001303,1001303-018,20鄰,鵬灣大道,1段,,,,,190號,120.49366558924,22.442181787767
屏東縣東港鎮大潭里20鄰鵬灣大道一段200號,10013,1001303,1001303-018,20鄰,鵬灣大道,1段,,,,,200號,120.49213382075,22.442521513625
屏東縣東港鎮大鵬里10鄰鵬灣大道二段1號,10013,1001303,1001303-023,10鄰,鵬灣大道,2段,,,,,1號,120.47999092355,22.449258440071
