FULL_ADDR,COUNTY,TOWN,VILLAGE,NEIGHBORHOOD,ROAD,SECTION,LANE,ALLEY,SUB_ALLEY,TONG,NUMBER,X,Y
屏東縣高樹鄉新南村6鄰中貫路1號,10013,1001311,1001311-019,6鄰,中貫路,,,,,,1號,120.56134801126,22.786429799659
屏東縣高樹鄉新南村6鄰中貫路2號,10013,1001311,1001311-019,6鄰,中貫路,,,,,,2號,120.56140970067,22.787087862495
屏東縣高樹鄉新南村6鄰中貫路3號,10013,1001311,1001311-019,6鄰,中貫路,,,,,,3號,120.56107591823,22.78639067046
屏東縣高樹鄉新南村5鄰中貫路9號,10013,1001311,1001311-019,5鄰,中貫路,,,,,,9號,120.56130230498,22.786895391959
