FULL_ADDR,COUNTY,TOWN,VILLAGE,NEIGHBORHOOD,ROAD,SECTION,LANE,ALLEY,SUB_ALLEY,TONG,NUMBER,X,Y
花蓮縣玉里鎮泰昌里12鄰富國街11號,10015,1001503,1001503-004,12鄰,富國街,,,,,,11號,121.31264395392,23.337445385926
花蓮縣玉里鎮泰昌里12鄰富國街13號,10015,1001503,1001503-004,12鄰,富國街,,,,,,13號,121.31266114831,23.337592598977
花蓮縣玉里鎮泰昌里12鄰富國街13之1號,10015,1001503,1001503-004,12鄰,富國街,,,,,,13之1號,121.31265175387,23.337502188735
花蓮縣玉里鎮泰昌里12鄰富國街15號,10015,1001503,1001503-004,12鄰,富國街,,,,,,15號,121.31280103774,23.338238190712
花蓮縣瑞穗鄉瑞穗村21鄰富國街25之15號,10015,1001509,1001509-001,21鄰,富國街,,,,,,25之15號,121.37846851878,23.497728903958
花蓮縣瑞穗鄉瑞穗村21鄰富國街28號,10015,1001509,1001509-001,21鄰,富國街,,,,,,28號,121.37877035696,23.497673990313
