FULL_ADDR,COUNTY,TOWN,VILLAGE,NEIGHBORHOOD,ROAD,SECTION,LANE,ALLEY,SUB_ALLEY,TONG,NUMBER,X,Y
嘉義縣梅山鄉太平村8鄰坪路1號,10010,1001015,1001015-012,8鄰,坪路,,,,,,1號,120.59496578836,23.560864340218
嘉義縣梅山鄉太平村8鄰坪路2號,10010,1001015,1001015-012,8鄰,坪路,,,,,,2號,120.59315476084,23.562327247511
嘉義縣梅山鄉太平村8鄰坪路2之1號,10010,1001015,1001015-012,8鄰,坪路,,,,,,2之1號,120.59278651518,23.562397710286
嘉義縣梅山鄉太平村8鄰坪路3號,10010,1001015,1001015-012,8鄰,坪路,,,,,,3號,120.59362769948,23.563156258341
嘉義縣梅山鄉太平村8鄰坪路3號附1,10010,1001015,1001015-012,8鄰,坪路,,,,,,3號附1,120.59379879629,23.562021281506
嘉義縣梅山鄉太平村8鄰坪路3號附3,10010,1001015,1001015-012,8鄰,坪路,,,,,,3號附3,120.59493082035,23.562972287656
嘉義縣梅山鄉太平村8鄰坪路5號,10010,1001015,1001015-012,8鄰,坪路,,,,,,5號,120.59314455038,23.561412127225
嘉義縣梅山鄉太平村8鄰坪路6號,10010,1001015,1001015-012,8鄰,坪路,,,,,,6號,120.59148393945,23.561582592683
