FULL_ADDR,COUNTY,TOWN,VILLAGE,NEIGHBORHOOD,ROAD,SECTION,LANE,ALLEY,SUB_ALLEY,TONG,NUMBER,X,Y
嘉義縣布袋鎮興中里15鄰上海二街2號,10010,1001003,1001003-004,15鄰,上海二街,,,,,,2號,120.16776550581,23.378163248801
嘉義縣布袋鎮興中里15鄰上海二街6號,10010,1001003,1001003-004,15鄰,上海二街,,,,,,6號,120.1677074505,23.378171247161
嘉義縣布袋鎮興中里15鄰上海二街8號,10010,1001003,1001003-004,15鄰,上海二街,,,,,,8號,120.16766545578,23.378176260887
嘉義縣布袋鎮興中里15鄰上海二街10號,10010,1001003,1001003-004,15鄰,上海二街,,,,,,10號,120.167624506,23.378186246468
嘉義縣布袋鎮興中里15鄰上海二街12號,10010,1001003,1001003-004,15鄰,上海二街,,,,,,12號,120.16758249886,23.378193246627
嘉義縣布袋鎮興中里15鄰上海二街14號,10010,1001003,1001003-004,15鄰,上海二街,,,,,,14號,120.16754148227,23.378198265525
嘉義縣布袋鎮興中里15鄰上海二街16號,10010,1001003,1001003-004,15鄰,上海二街,,,,,,16號,120.16749948134,23.378204272433
嘉義縣布袋鎮興中里15鄰上海二街18號,10010,1001003,1001003-004,15鄰,上海二街,,,,,,18號,120.16744354688,23.378217248288
嘉義縣布袋鎮興中里15鄰上海二街63號,10010,1001003,1001003-004,15鄰,上海二街,,,,,,63號,120.16759456366,23.378078273148
