FULL_ADDR,COUNTY,TOWN,VILLAGE,NEIGHBORHOOD,ROAD,SECTION,LANE,ALLEY,SUB_ALLEY,TONG,NUMBER,X,Y
澎湖縣馬公市西文里24鄰永壽街80號,10016,1001601,1001601-015,24鄰,永壽街,,,,,,80號,119.58082803141,23.565126452033
澎湖縣馬公市西文里24鄰永壽街81號,10016,1001601,1001601-015,24鄰,永壽街,,,,,,81號,119.58096485106,23.565553479576
澎湖縣馬公市西文里24鄰永壽街82號,10016,1001601,1001601-015,24鄰,永壽街,,,,,,82號,119.58087925692,23.5651873183
澎湖縣馬公市西文里24鄰永壽街86號,10016,1001601,1001601-015,24鄰,永壽街,,,,,,86號,119.58093219491,23.565252885816
澎湖縣馬公市西文里24鄰永壽街88號,10016,1001601,1001601-015,24鄰,永壽街,,,,,,88號,119.58100212644,23.565318391773
澎湖縣馬公市西文里24鄰永壽街90號,10016,1001601,1001601-015,24鄰,永壽街,,,,,,90號,119.58105674802,23.565377681971
澎湖縣馬公市西文里24鄰永壽街92號,10016,1001601,1001601-015,24鄰,永壽街,,,,,,92號,119.58111303342,23.565430703719
澎湖縣馬公市西文里24鄰永壽街96號,10016,1001601,1001601-015,24鄰,永壽街,,,,,,96號,119.58120689978,23.565436246157
