FULL_ADDR,COUNTY,TOWN,VILLAGE,NEIGHBORHOOD,ROAD,SECTION,LANE,ALLEY,SUB_ALLEY,TONG,NUMBER,X,Y
屏東縣高樹鄉高樹村24鄰双興路34號,10013,1001311,1001311-001,24鄰,双興路,,,,,,34號,120.60090041407,22.821972147164
屏東縣高樹鄉高樹村24鄰双興路50號,10013,1001311,1001311-001,24鄰,双興路,,,,,,50號,120.60092191996,22.822548636009
屏東縣高樹鄉高樹村24鄰双興路56號,10013,1001311,1001311-001,24鄰,双興路,,,,,,56號,120.60082873039,22.822701293769
屏東縣高樹鄉高樹村24鄰双興路76號,10013,1001311,1001311-001,24鄰,双興路,,,,,,76號,120.60076135283,22.821919871807
屏東縣高樹鄉長榮村14鄰双興路136號,10013,1001311,1001311-002,14鄰,双興路,,,,,,136號,120.59912538067,22.822450025784
屏東縣高樹鄉長榮村14鄰双興路138號,10013,1001311,1001311-002,14鄰,双興路,,,,,,138號,120.59908663489,22.822473859881
