FULL_ADDR,COUNTY,TOWN,VILLAGE,NEIGHBORHOOD,ROAD,SECTION,LANE,ALLEY,SUB_ALLEY,TONG,NUMBER,X,Y
臺東縣臺東市豐樂里1鄰大道路1號,10014,1001401,1001401-033,1鄰,大道路,,,,,,1號,121.13276220149,22.757452449453
臺東縣臺東市豐樂里1鄰大道路5號,10014,1001401,1001401-033,1鄰,大道路,,,,,,5號,121.13252889872,22.757584035175
臺東縣臺東市豐樂里1鄰大道路7號,10014,1001401,1001401-033,1鄰,大道路,,,,,,7號,121.13250114076,22.757850608021
臺東縣臺東市豐樂里1鄰大道路10之2號,10014,1001401,1001401-033,1鄰,大道路,,,,,,10之2號,121.13314359347,22.757984337496
臺東縣臺東市豐樂里1鄰大道路16號,10014,1001401,1001401-033,1鄰,大道路,,,,,,16號,121.13325143227,22.757637339959
