FULL_ADDR,COUNTY,TOWN,VILLAGE,NEIGHBORHOOD,ROAD,SECTION,LANE,ALLEY,SUB_ALLEY,TONG,NUMBER,X,Y
嘉義縣中埔鄉三層村6鄰小石門1號,10010,1001013,1001013-019,6鄰,小石門,,,,,,1號,120.51194265678,23.361377280185
嘉義縣中埔鄉三層村6鄰小石門1附30號,10010,1001013,1001013-019,6鄰,小石門,,,,,,1附30號,120.51739175075,23.35698423681
嘉義縣中埔鄉三層村6鄰小石門2號,10010,1001013,1001013-019,6鄰,小石門,,,,,,2號,120.51122470855,23.364855237742
嘉義縣中埔鄉三層村6鄰小石門6號,10010,1001013,1001013-019,6鄰,小石門,,,,,,6號,120.50766570375,23.367009315202
嘉義縣中埔鄉三層村6鄰小石門7號,10010,1001013,1001013-019,6鄰,小石門,,,,,,7號,120.50442264773,23.369920308876
嘉義縣中埔鄉三層村6鄰小石門8號,10010,1001013,1001013-019,6鄰,小石門,,,,,,8號,120.50298070795,23.370273235753
嘉義縣中埔鄉三層村6鄰小石門8附22號,10010,1001013,1001013-019,6鄰,小石門,,,,,,8附22號,120.5034006774,23.372729305391
