FULL_ADDR,COUNTY,TOWN,VILLAGE,NEIGHBORHOOD,ROAD,SECTION,LANE,ALLEY,SUB_ALLEY,TONG,NUMBER,X,Y
嘉義縣義竹鄉龍蛟村15鄰草湖1號,10010,1001010,1001010-021,15鄰,草湖,,,,,,1號,120.20771443673,23.371856224286
嘉義縣義竹鄉龍蛟村15鄰草湖1號附2,10010,1001010,1001010-021,15鄰,草湖,,,,,,1號附2,120.20887505304,23.374910800347
嘉義縣義竹鄉龍蛟村15鄰草湖1號附3,10010,1001010,1001010-021,15鄰,草湖,,,,,,1號附3,120.21249856326,23.372336290306
嘉義縣義竹鄉龍蛟村15鄰草湖3號,10010,1001010,1001010-021,15鄰,草湖,,,,,,3號,120.2131455053,23.369733296397
嘉義縣義竹鄉龍蛟村15鄰草湖4號,10010,1001010,1001010-021,15鄰,草湖,,,,,,4號,120.20735057223,23.371708280346
嘉義縣義竹鄉龍蛟村15鄰草湖6號,10010,1001010,1001010-021,15鄰,草湖,,,,,,6號,120.20736845657,23.371579246042
嘉義縣義竹鄉龍蛟村15鄰草湖7號,10010,1001010,1001010-021,15鄰,草湖,,,,,,7號,120.21150951997,23.378166311343
嘉義縣義竹鄉龍蛟村15鄰草湖8號,10010,1001010,1001010-021,15鄰,草湖,,,,,,8號,120.2130832745,23.372421944818
嘉義縣義竹鄉龍蛟村15鄰草湖10號,10010,1001010,1001010-021,15鄰,草湖,,,,,,10號,120.20601151243,23.371101194757
