FULL_ADDR,COUNTY,TOWN,VILLAGE,NEIGHBORHOOD,ROAD,SECTION,LANE,ALLEY,SUB_ALLEY,TONG,NUMBER,X,Y
花蓮縣瑞穗鄉瑞祥村5鄰南三路12之38號,10015,1001509,1001509-004,5鄰,南三路,,,,,,12之38號,121.36203476763,23.483856442389
花蓮縣瑞穗鄉瑞祥村13鄰南三路310號,10015,1001509,1001509-004,13鄰,南三路,,,,,,310號,121.36174927277,23.487080022289
