FULL_ADDR,COUNTY,TOWN,VILLAGE,NEIGHBORHOOD,ROAD,SECTION,LANE,ALLEY,SUB_ALLEY,TONG,NUMBER,X,Y
新竹市香山區香村里8鄰閑谷一街1號,10018,1001803,1001803-011,8鄰,閑谷一街,,,,,,1號,120.94079154048,24.763533250636
新竹市香山區香村里8鄰閑谷一街3號,10018,1001803,1001803-011,8鄰,閑谷一街,,,,,,3號,120.94063980008,24.763447237689
新竹市香山區香村里8鄰閑谷一街5號,10018,1001803,1001803-011,8鄰,閑谷一街,,,,,,5號,120.94076543916,24.763318267788
新竹市香山區香村里8鄰閑谷一街7號,10018,1001803,1001803-011,8鄰,閑谷一街,,,,,,7號,120.94087011248,24.763404352325
新竹市香山區香村里8鄰閑谷一街9號,10018,1001803,1001803-011,8鄰,閑谷一街,,,,,,9號,120.94090154568,24.763218013066
