FULL_ADDR,COUNTY,TOWN,VILLAGE,NEIGHBORHOOD,ROAD,SECTION,LANE,ALLEY,SUB_ALLEY,TONG,NUMBER,X,Y
嘉義縣義竹鄉東過村16鄰過路1之9號,10010,1001010,1001010-014,16鄰,過路,,,,,,1之9號,120.21217653379,23.310621073856
嘉義縣義竹鄉東過村18鄰過路124號,10010,1001010,1001010-014,18鄰,過路,,,,,,124號,120.21198558414,23.30483183575
