FULL_ADDR,COUNTY,TOWN,VILLAGE,NEIGHBORHOOD,ROAD,SECTION,LANE,ALLEY,SUB_ALLEY,TONG,NUMBER,X,Y
嘉義縣大林鎮三角里10鄰社團新村1號,10010,1001004,1001004-020,10鄰,社團新村,,,,,,1號,120.49561364986,23.618531964283
嘉義縣大林鎮三角里14鄰社團新村11號,10010,1001004,1001004-020,14鄰,社團新村,,,,,,11號,120.49607767803,23.618249213963
嘉義縣大林鎮三角里14鄰社團新村11之6號,10010,1001004,1001004-020,14鄰,社團新村,,,,,,11之6號,120.4973097042,23.617713318293
嘉義縣大林鎮三角里14鄰社團新村12號,10010,1001004,1001004-020,14鄰,社團新村,,,,,,12號,120.49640671665,23.618311233018
嘉義縣大林鎮三角里15鄰社團新村71號,10010,1001004,1001004-020,15鄰,社團新村,,,,,,71號,120.49628773062,23.619161272126
嘉義縣大林鎮三角里15鄰社團新村101號,10010,1001004,1001004-020,15鄰,社團新村,,,,,,101號,120.49624367733,23.619559252366
嘉義縣大林鎮三角里16鄰社團新村129號,10010,1001004,1001004-020,16鄰,社團新村,,,,,,129號,120.49622663958,23.619991272255
嘉義縣大林鎮三角里17鄰社團新村177號,10010,1001004,1001004-020,17鄰,社團新村,,,,,,177號,120.49619765041,23.62006323583
