FULL_ADDR,COUNTY,TOWN,VILLAGE,NEIGHBORHOOD,ROAD,SECTION,LANE,ALLEY,SUB_ALLEY,TONG,NUMBER,X,Y
屏東縣屏東市橋南里9鄰永泰巷15號,10013,1001301,1001301-020,9鄰,永泰巷,,,,,,15號,120.49656583281,22.667248163133
屏東縣屏東市橋南里9鄰永泰巷17號,10013,1001301,1001301-020,9鄰,永泰巷,,,,,,17號,120.49653517433,22.667249782647
屏東縣屏東市橋南里9鄰永泰巷19號,10013,1001301,1001301-020,9鄰,永泰巷,,,,,,19號,120.49650354903,22.667249683251
屏東縣屏東市橋南里9鄰永泰巷21號,10013,1001301,1001301-020,9鄰,永泰巷,,,,,,21號,120.49646955042,22.667259961887
