FULL_ADDR,COUNTY,TOWN,VILLAGE,NEIGHBORHOOD,ROAD,SECTION,LANE,ALLEY,SUB_ALLEY,TONG,NUMBER,X,Y
澎湖縣七美鄉東湖村10鄰東北灣1號,10016,1001606,1001606-001,10鄰,東北灣,,,,,,1號,119.43601439867,23.216259139161
澎湖縣七美鄉東湖村10鄰東北灣2號,10016,1001606,1001606-001,10鄰,東北灣,,,,,,2號,119.43662533272,23.216673504831
澎湖縣七美鄉東湖村10鄰東北灣3號,10016,1001606,1001606-001,10鄰,東北灣,,,,,,3號,119.43491669864,23.217847290641
澎湖縣七美鄉東湖村10鄰東北灣5號,10016,1001606,1001606-001,10鄰,東北灣,,,,,,5號,119.43531791362,23.217181783748
澎湖縣七美鄉東湖村10鄰東北灣7號,10016,1001606,1001606-001,10鄰,東北灣,,,,,,7號,119.4357538306,23.217372507883
澎湖縣七美鄉東湖村10鄰東北灣9號,10016,1001606,1001606-001,10鄰,東北灣,,,,,,9號,119.43540648496,23.21748160541
澎湖縣七美鄉東湖村10鄰東北灣10號,10016,1001606,1001606-001,10鄰,東北灣,,,,,,10號,119.43527263466,23.217659978607
澎湖縣七美鄉東湖村10鄰東北灣12號,10016,1001606,1001606-001,10鄰,東北灣,,,,,,12號,119.43404351462,23.214819645488
