FULL_ADDR,COUNTY,TOWN,VILLAGE,NEIGHBORHOOD,ROAD,SECTION,LANE,ALLEY,SUB_ALLEY,TONG,NUMBER,X,Y
花蓮縣壽豐鄉豐裡村7鄰豐興街二段2巷3號,10015,1001506,1001506-004,7鄰,豐興街,2段,2巷,,,,3號,121.50065646818,23.834078155156
花蓮縣壽豐鄉豐坪村4鄰豐興街一段61號,10015,1001506,1001506-005,4鄰,豐興街,1段,,,,,61號,121.50328916431,23.831679236761
花蓮縣壽豐鄉豐坪村4鄰豐興街一段61之1號,10015,1001506,1001506-005,4鄰,豐興街,1段,,,,,61之1號,121.50325252546,23.831626759313
