FULL_ADDR,COUNTY,TOWN,VILLAGE,NEIGHBORHOOD,ROAD,SECTION,LANE,ALLEY,SUB_ALLEY,TONG,NUMBER,X,Y
花蓮縣吉安鄉太昌村12鄰七腳川788號,10015,1001505,1001505-003,12鄰,七腳川,,,,,,788號,121.55753760885,23.987270730591
花蓮縣吉安鄉慶豐村47鄰七腳川777號,10015,1001505,1001505-005,47鄰,七腳川,,,,,,777號,121.55789591646,23.986749619764
