FULL_ADDR,COUNTY,TOWN,VILLAGE,NEIGHBORHOOD,ROAD,SECTION,LANE,ALLEY,SUB_ALLEY,TONG,NUMBER,X,Y
嘉義縣東石鄉東石村26鄰黎明七路76號,10010,1001009,1001009-001,26鄰,黎明七路,,,,,,76號,120.14049450008,23.452746303203
嘉義縣東石鄉東石村26鄰黎明七路88號,10010,1001009,1001009-001,26鄰,黎明七路,,,,,,88號,120.14038353351,23.452985244995
嘉義縣東石鄉東石村26鄰黎明七路102號,10010,1001009,1001009-001,26鄰,黎明七路,,,,,,102號,120.14007146025,23.453508320865
