FULL_ADDR,COUNTY,TOWN,VILLAGE,NEIGHBORHOOD,ROAD,SECTION,LANE,ALLEY,SUB_ALLEY,TONG,NUMBER,X,Y
屏東縣高樹鄉舊寮村5鄰仁美巷1號,10013,1001311,1001311-010,5鄰,仁美巷,,,,,,1號,120.61074454929,22.852247699145
屏東縣高樹鄉舊寮村5鄰仁美巷1之1號,10013,1001311,1001311-010,5鄰,仁美巷,,,,,,1之1號,120.61094669629,22.852263545611
屏東縣高樹鄉舊寮村4鄰仁美巷2號,10013,1001311,1001311-010,4鄰,仁美巷,,,,,,2號,120.61116882138,22.852278537544
屏東縣高樹鄉舊寮村4鄰仁美巷4號,10013,1001311,1001311-010,4鄰,仁美巷,,,,,,4號,120.61115783519,22.852029984228
屏東縣高樹鄉舊寮村5鄰仁美巷5號,10013,1001311,1001311-010,5鄰,仁美巷,,,,,,5號,120.61099809981,22.852005662458
屏東縣高樹鄉舊寮村5鄰仁美巷6號,10013,1001311,1001311-010,5鄰,仁美巷,,,,,,6號,120.61124760377,22.852192666828
屏東縣高樹鄉舊寮村5鄰仁美巷7號,10013,1001311,1001311-010,5鄰,仁美巷,,,,,,7號,120.6109076992,22.852065225147
