FULL_ADDR,COUNTY,TOWN,VILLAGE,NEIGHBORHOOD,ROAD,SECTION,LANE,ALLEY,SUB_ALLEY,TONG,NUMBER,X,Y
臺東縣臺東市建興里12鄰吉祥街121號,10014,1001401,1001401-043,12鄰,吉祥街,,,,,,121號,121.04103221191,22.708497075816
臺東縣臺東市建興里12鄰吉祥街123號,10014,1001401,1001401-043,12鄰,吉祥街,,,,,,123號,121.04100082432,22.708448623164
臺東縣臺東市建興里12鄰吉祥街125號,10014,1001401,1001401-043,12鄰,吉祥街,,,,,,125號,121.04099816031,22.708393805276
臺東縣臺東市建興里12鄰吉祥街127號,10014,1001401,1001401-043,12鄰,吉祥街,,,,,,127號,121.04096658241,22.708359928806
臺東縣臺東市建興里12鄰吉祥街129號,10014,1001401,1001401-043,12鄰,吉祥街,,,,,,129號,121.04093812731,22.708319783971
臺東縣臺東市建興里12鄰吉祥街131號,10014,1001401,1001401-043,12鄰,吉祥街,,,,,,131號,121.04091646292,22.708267030026
臺東縣臺東市建興里12鄰吉祥街133號,10014,1001401,1001401-043,12鄰,吉祥街,,,,,,133號,121.04082838854,22.70820159536
臺東縣臺東市建興里12鄰吉祥街137號,10014,1001401,1001401-043,12鄰,吉祥街,,,,,,137號,121.04082223142,22.708085710289
臺東縣臺東市建興里12鄰吉祥街138之1號,10014,1001401,1001401-043,12鄰,吉祥街,,,,,,138之1號,121.0406010751,22.708128591887
