FULL_ADDR,COUNTY,TOWN,VILLAGE,NEIGHBORHOOD,ROAD,SECTION,LANE,ALLEY,SUB_ALLEY,TONG,NUMBER,X,Y
花蓮縣鳳林鎮南平里8鄰平等路5號,10015,1001502,1001502-009,8鄰,平等路,,,,,,5號,121.46285161736,23.780030380057
花蓮縣鳳林鎮南平里8鄰平等路7號,10015,1001502,1001502-009,8鄰,平等路,,,,,,7號,121.46240263094,23.779908515946
花蓮縣鳳林鎮南平里8鄰平等路9號,10015,1001502,1001502-009,8鄰,平等路,,,,,,9號,121.46200264167,23.779635356818
花蓮縣鳳林鎮南平里8鄰平等路11號,10015,1001502,1001502-009,8鄰,平等路,,,,,,11號,121.46144271756,23.77974263281
花蓮縣鳳林鎮南平里8鄰平等路13號,10015,1001502,1001502-009,8鄰,平等路,,,,,,13號,121.46183478656,23.780698863951
花蓮縣鳳林鎮南平里8鄰平等路26號,10015,1001502,1001502-009,8鄰,平等路,,,,,,26號,121.46052029296,23.781469767622
花蓮縣鳳林鎮南平里8鄰平等路30號,10015,1001502,1001502-009,8鄰,平等路,,,,,,30號,121.46085901368,23.78241816894
花蓮縣鳳林鎮南平里8鄰平等路70號,10015,1001502,1001502-009,8鄰,平等路,,,,,,70號,121.45999621517,23.781588760354
花蓮縣鳳林鎮南平里8鄰平等路72號,10015,1001502,1001502-009,8鄰,平等路,,,,,,72號,121.4602260073,23.781756631772
