FULL_ADDR,COUNTY,TOWN,VILLAGE,NEIGHBORHOOD,ROAD,SECTION,LANE,ALLEY,SUB_ALLEY,TONG,NUMBER,X,Y
嘉義縣新港鄉南港村13鄰竹圍子1號,10010,1001007,1001007-021,13鄰,竹圍子,,,,,,1號,120.31743056379,23.541135308851
嘉義縣新港鄉南港村13鄰竹圍子2號,10010,1001007,1001007-021,13鄰,竹圍子,,,,,,2號,120.31707959215,23.541013222553
嘉義縣新港鄉南港村13鄰竹圍子5號,10010,1001007,1001007-021,13鄰,竹圍子,,,,,,5號,120.31753855739,23.541597289286
嘉義縣新港鄉南港村13鄰竹圍子6號,10010,1001007,1001007-021,13鄰,竹圍子,,,,,,6號,120.31711557765,23.541479311715
嘉義縣新港鄉南港村13鄰竹圍子7號,10010,1001007,1001007-021,13鄰,竹圍子,,,,,,7號,120.31707665205,23.541772244085
嘉義縣新港鄉南港村13鄰竹圍子8號,10010,1001007,1001007-021,13鄰,竹圍子,,,,,,8號,120.31701456514,23.541581264828
嘉義縣新港鄉南港村13鄰竹圍子9號,10010,1001007,1001007-021,13鄰,竹圍子,,,,,,9號,120.31691254472,23.541404286813
嘉義縣新港鄉南港村13鄰竹圍子20號,10010,1001007,1001007-021,13鄰,竹圍子,,,,,,20號,120.31786155808,23.547920288599
嘉義縣新港鄉南港村13鄰竹圍子22號,10010,1001007,1001007-021,13鄰,竹圍子,,,,,,22號,120.31774960078,23.548282248455
