FULL_ADDR,COUNTY,TOWN,VILLAGE,NEIGHBORHOOD,ROAD,SECTION,LANE,ALLEY,SUB_ALLEY,TONG,NUMBER,X,Y
花蓮縣鳳林鎮鳳義里13鄰鳳義1號,10015,1001502,1001502-002,13鄰,鳳義,,,,,,1號,121.44437340896,23.742802310096
花蓮縣鳳林鎮鳳義里13鄰鳳義2號,10015,1001502,1001502-002,13鄰,鳳義,,,,,,2號,121.44378046403,23.741862180029
花蓮縣鳳林鎮鳳義里13鄰鳳義3號,10015,1001502,1001502-002,13鄰,鳳義,,,,,,3號,121.44449259741,23.7429631836
花蓮縣鳳林鎮鳳義里13鄰鳳義4號,10015,1001502,1001502-002,13鄰,鳳義,,,,,,4號,121.44457996694,23.742980133921
花蓮縣鳳林鎮鳳義里13鄰鳳義5號,10015,1001502,1001502-002,13鄰,鳳義,,,,,,5號,121.44455838086,23.743039132817
花蓮縣鳳林鎮鳳義里13鄰鳳義6號,10015,1001502,1001502-002,13鄰,鳳義,,,,,,6號,121.44457251014,23.743069206215
花蓮縣鳳林鎮鳳義里13鄰鳳義7號,10015,1001502,1001502-002,13鄰,鳳義,,,,,,7號,121.44458674176,23.743126539964
花蓮縣鳳林鎮鳳義里13鄰鳳義8號,10015,1001502,1001502-002,13鄰,鳳義,,,,,,8號,121.44459018719,23.743222615033
花蓮縣鳳林鎮鳳義里13鄰鳳義9號,10015,1001502,1001502-002,13鄰,鳳義,,,,,,9號,121.44463921797,23.743429001176
