FULL_ADDR,COUNTY,TOWN,VILLAGE,NEIGHBORHOOD,ROAD,SECTION,LANE,ALLEY,SUB_ALLEY,TONG,NUMBER,X,Y
屏東縣屏東市光華里9鄰約禮巷2號,10013,1001301,1001301-039,9鄰,約禮巷,,,,,,2號,120.49210212515,22.664687640396
屏東縣屏東市光華里10鄰約禮巷4號,10013,1001301,1001301-039,10鄰,約禮巷,,,,,,4號,120.49221123567,22.664785700229
屏東縣屏東市光華里12鄰約禮巷6號,10013,1001301,1001301-039,12鄰,約禮巷,,,,,,6號,120.49209880284,22.664770713827
屏東縣屏東市光華里12鄰約禮巷6之1號,10013,1001301,1001301-039,12鄰,約禮巷,,,,,,6之1號,120.49205938984,22.664798042705
屏東縣屏東市光華里12鄰約禮巷8號,10013,1001301,1001301-039,12鄰,約禮巷,,,,,,8號,120.49217416329,22.664838052052
屏東縣屏東市光華里12鄰約禮巷14號,10013,1001301,1001301-039,12鄰,約禮巷,,,,,,14號,120.49213578834,22.664900604614
屏東縣屏東市光華里12鄰約禮巷16號,10013,1001301,1001301-039,12鄰,約禮巷,,,,,,16號,120.49205570235,22.664927443316
