FULL_ADDR,COUNTY,TOWN,VILLAGE,NEIGHBORHOOD,ROAD,SECTION,LANE,ALLEY,SUB_ALLEY,TONG,NUMBER,X,Y
臺東縣臺東市豐田里2鄰體中路1號,10014,1001401,1001401-030,2鄰,體中路,,,,,,1號,121.07523371779,22.764484648817
臺東縣臺東市豐田里2鄰體中路69巷11號,10014,1001401,1001401-030,2鄰,體中路,,69巷,,,,11號,121.07426924562,22.768985534833
臺東縣臺東市豐田里2鄰體中路69巷15號,10014,1001401,1001401-030,2鄰,體中路,,69巷,,,,15號,121.07389943746,22.768893138761
臺東縣臺東市豐田里2鄰體中路16之1號,10014,1001401,1001401-030,2鄰,體中路,,,,,,16之1號,121.07638072138,22.766691054212
臺東縣臺東市豐田里2鄰體中路23號,10014,1001401,1001401-030,2鄰,體中路,,,,,,23號,121.07569430837,22.766988509926
臺東縣臺東市豐田里2鄰體中路43之1號,10014,1001401,1001401-030,2鄰,體中路,,,,,,43之1號,121.07518867093,22.767902134704
臺東縣臺東市豐田里2鄰體中路71之1號,10014,1001401,1001401-030,2鄰,體中路,,,,,,71之1號,121.07440185017,22.770146831711
臺東縣臺東市豐田里2鄰體中路80號,10014,1001401,1001401-030,2鄰,體中路,,,,,,80號,121.07540795535,22.769579601616
