FULL_ADDR,COUNTY,TOWN,VILLAGE,NEIGHBORHOOD,ROAD,SECTION,LANE,ALLEY,SUB_ALLEY,TONG,NUMBER,X,Y
新竹市東區科園里24鄰工業東四路19號,10018,1001801,1001801-047,24鄰,工業東四路,,,,,,19號,121.00857725675,24.774752706048
新竹市東區科園里24鄰工業東四路19之1號,10018,1001801,1001801-047,24鄰,工業東四路,,,,,,19之1號,121.00901383281,24.774477035562
新竹市東區科園里24鄰工業東四路21號,10018,1001801,1001801-047,24鄰,工業東四路,,,,,,21號,121.00889264138,24.775129814566
新竹市東區科園里24鄰工業東四路23號,10018,1001801,1001801-047,24鄰,工業東四路,,,,,,23號,121.00929827628,24.774995985266
新竹市東區科園里24鄰工業東四路24之1號,10018,1001801,1001801-047,24鄰,工業東四路,,,,,,24之1號,121.00718641085,24.775294679111
新竹市東區科園里24鄰工業東四路24之2號,10018,1001801,1001801-047,24鄰,工業東四路,,,,,,24之2號,121.00614790078,24.775887366203
新竹市東區科園里24鄰工業東四路25號,10018,1001801,1001801-047,24鄰,工業東四路,,,,,,25號,121.0095205334,24.774388794242
新竹市東區科園里24鄰工業東四路42號,10018,1001801,1001801-047,24鄰,工業東四路,,,,,,42號,121.00907174192,24.773928631514
