FULL_ADDR,COUNTY,TOWN,VILLAGE,NEIGHBORHOOD,ROAD,SECTION,LANE,ALLEY,SUB_ALLEY,TONG,NUMBER,X,Y
花蓮縣玉里鎮中城里17鄰城西四街1號,10015,1001503,1001503-001,17鄰,城西四街,,,,,,1號,121.31255545152,23.326302713791
花蓮縣玉里鎮中城里17鄰城西四街2號,10015,1001503,1001503-001,17鄰,城西四街,,,,,,2號,121.31273761167,23.326125799504
花蓮縣玉里鎮中城里17鄰城西四街3號,10015,1001503,1001503-001,17鄰,城西四街,,,,,,3號,121.31259124029,23.326340118017
花蓮縣玉里鎮中城里17鄰城西四街5號,10015,1001503,1001503-001,17鄰,城西四街,,,,,,5號,121.31262555993,23.32638068576
花蓮縣玉里鎮中城里17鄰城西四街6號,10015,1001503,1001503-001,17鄰,城西四街,,,,,,6號,121.31277301557,23.326228547491
花蓮縣玉里鎮中城里17鄰城西四街7號,10015,1001503,1001503-001,17鄰,城西四街,,,,,,7號,121.31265496923,23.326412233024
花蓮縣玉里鎮中城里17鄰城西四街8號,10015,1001503,1001503-001,17鄰,城西四街,,,,,,8號,121.31282292006,23.326293285204
花蓮縣玉里鎮中城里17鄰城西四街9號,10015,1001503,1001503-001,17鄰,城西四街,,,,,,9號,121.3126941887,23.326457306108
