FULL_ADDR,COUNTY,TOWN,VILLAGE,NEIGHBORHOOD,ROAD,SECTION,LANE,ALLEY,SUB_ALLEY,TONG,NUMBER,X,Y
臺東縣臺東市卑南里12鄰南平街6號,10014,1001401,1001401-005,12鄰,南平街,,,,,,6號,121.1230643828,22.780890021734
臺東縣臺東市卑南里12鄰南平街7號,10014,1001401,1001401-005,12鄰,南平街,,,,,,7號,121.12296217016,22.780771523876
臺東縣臺東市卑南里12鄰南平街8號,10014,1001401,1001401-005,12鄰,南平街,,,,,,8號,121.12301774427,22.780925739061
臺東縣臺東市卑南里12鄰南平街9號,10014,1001401,1001401-005,12鄰,南平街,,,,,,9號,121.12290198821,22.78081156841
臺東縣臺東市卑南里12鄰南平街10號,10014,1001401,1001401-005,12鄰,南平街,,,,,,10號,121.12295020277,22.780947826684
臺東縣臺東市卑南里12鄰南平街12號,10014,1001401,1001401-005,12鄰,南平街,,,,,,12號,121.12278792679,22.781078096954
臺東縣臺東市卑南里13鄰南平街23之1號,10014,1001401,1001401-005,13鄰,南平街,,,,,,23之1號,121.12231045918,22.781209728796
