FULL_ADDR,COUNTY,TOWN,VILLAGE,NEIGHBORHOOD,ROAD,SECTION,LANE,ALLEY,SUB_ALLEY,TONG,NUMBER,X,Y
臺東縣大武鄉尚武村16鄰金虎3號,10014,1001410,1001410-004,16鄰,金虎,,,,,,3號,120.88221168032,22.347938438687
臺東縣大武鄉尚武村16鄰金虎5號,10014,1001410,1001410-004,16鄰,金虎,,,,,,5號,120.88204063241,22.348014910018
