FULL_ADDR,COUNTY,TOWN,VILLAGE,NEIGHBORHOOD,ROAD,SECTION,LANE,ALLEY,SUB_ALLEY,TONG,NUMBER,X,Y
屏東縣高樹鄉菜寮村2鄰圓環路1號,10013,1001311,1001311-008,2鄰,圓環路,,,,,,1號,120.60639490663,22.851546873333
屏東縣高樹鄉菜寮村2鄰圓環路1之1號,10013,1001311,1001311-008,2鄰,圓環路,,,,,,1之1號,120.60652618241,22.851606891159
屏東縣高樹鄉菜寮村2鄰圓環路2號,10013,1001311,1001311-008,2鄰,圓環路,,,,,,2號,120.60620972198,22.85152898599
屏東縣高樹鄉菜寮村2鄰圓環路3號,10013,1001311,1001311-008,2鄰,圓環路,,,,,,3號,120.60582690973,22.851550615456
屏東縣高樹鄉菜寮村2鄰圓環路4號,10013,1001311,1001311-008,2鄰,圓環路,,,,,,4號,120.6056797386,22.851393657679
屏東縣高樹鄉菜寮村2鄰圓環路5號,10013,1001311,1001311-008,2鄰,圓環路,,,,,,5號,120.60570750723,22.851124068097
屏東縣高樹鄉菜寮村2鄰圓環路5之1號,10013,1001311,1001311-008,2鄰,圓環路,,,,,,5之1號,120.60517645091,22.851124828954
屏東縣高樹鄉菜寮村1鄰圓環路6號,10013,1001311,1001311-008,1鄰,圓環路,,,,,,6號,120.6062222384,22.850972361151
