FULL_ADDR,COUNTY,TOWN,VILLAGE,NEIGHBORHOOD,ROAD,SECTION,LANE,ALLEY,SUB_ALLEY,TONG,NUMBER,X,Y
花蓮縣鳳林鎮南平里15鄰平利路1號,10015,1001502,1001502-009,15鄰,平利路,,,,,,1號,121.4474008037,23.793947367272
花蓮縣鳳林鎮南平里15鄰平利路2號,10015,1001502,1001502-009,15鄰,平利路,,,,,,2號,121.44685633601,23.793815351254
花蓮縣鳳林鎮南平里15鄰平利路3號,10015,1001502,1001502-009,15鄰,平利路,,,,,,3號,121.44661594656,23.7938988398
花蓮縣鳳林鎮南平里15鄰平利路6號,10015,1001502,1001502-009,15鄰,平利路,,,,,,6號,121.4469515089,23.793068261716
