FULL_ADDR,COUNTY,TOWN,VILLAGE,NEIGHBORHOOD,ROAD,SECTION,LANE,ALLEY,SUB_ALLEY,TONG,NUMBER,X,Y
花蓮縣鳳林鎮北林里1鄰民安路1號,10015,1001502,1001502-008,1鄰,民安路,,,,,,1號,121.47286101567,23.767683953779
花蓮縣鳳林鎮北林里1鄰民安路3號,10015,1001502,1001502-008,1鄰,民安路,,,,,,3號,121.47276112044,23.767855290004
花蓮縣鳳林鎮北林里1鄰民安路6號,10015,1001502,1001502-008,1鄰,民安路,,,,,,6號,121.47333638256,23.768180599874
花蓮縣鳳林鎮北林里2鄰民安路7號,10015,1001502,1001502-008,2鄰,民安路,,,,,,7號,121.47332448663,23.769014514577
花蓮縣鳳林鎮北林里3鄰民安路11號,10015,1001502,1001502-008,3鄰,民安路,,,,,,11號,121.47376870236,23.769874896238
