FULL_ADDR,COUNTY,TOWN,VILLAGE,NEIGHBORHOOD,ROAD,SECTION,LANE,ALLEY,SUB_ALLEY,TONG,NUMBER,X,Y
澎湖縣馬公市西文里1鄰永福街52巷6號,10016,1001601,1001601-015,1鄰,永福街,,52巷,,,,6號,119.57980800113,23.567667778682
澎湖縣馬公市西文里1鄰永福街52巷8號,10016,1001601,1001601-015,1鄰,永福街,,52巷,,,,8號,119.57987588329,23.567620621779
澎湖縣馬公市西文里24鄰永福街30號,10016,1001601,1001601-015,24鄰,永福街,,,,,,30號,119.57870776998,23.566024794402
