FULL_ADDR,COUNTY,TOWN,VILLAGE,NEIGHBORHOOD,ROAD,SECTION,LANE,ALLEY,SUB_ALLEY,TONG,NUMBER,X,Y
澎湖縣馬公市復興里9鄰新興路1巷1號,10016,1001601,1001601-002,9鄰,新興路,,1巷,,,,1號,119.56336115698,23.565049689001
澎湖縣馬公市復興里9鄰新興路2號,10016,1001601,1001601-002,9鄰,新興路,,,,,,2號,119.56353588435,23.565307134281
澎湖縣馬公市復興里8鄰新興路1巷1弄2號,10016,1001601,1001601-002,8鄰,新興路,,1巷,1弄,,,2號,119.5631269259,23.565002518682
澎湖縣馬公市復興里8鄰新興路1巷1弄4號,10016,1001601,1001601-002,8鄰,新興路,,1巷,1弄,,,4號,119.56308110784,23.564927928954
澎湖縣馬公市復興里9鄰新興路1巷4號,10016,1001601,1001601-002,9鄰,新興路,,1巷,,,,4號,119.56318887387,23.564876426477
澎湖縣馬公市復興里10鄰新興路4號,10016,1001601,1001601-002,10鄰,新興路,,,,,,4號,119.56321858651,23.56523229255
澎湖縣馬公市復興里9鄰新興路1巷5號,10016,1001601,1001601-002,9鄰,新興路,,1巷,,,,5號,119.56315735991,23.564839210076
澎湖縣馬公市復興里10鄰新興路7號,10016,1001601,1001601-002,10鄰,新興路,,,,,,7號,119.56321472946,23.565122285102
澎湖縣馬公市復興里10鄰新興路9號,10016,1001601,1001601-002,10鄰,新興路,,,,,,9號,119.56310768214,23.565141915864
澎湖縣馬公市復興里10鄰新興路10號,10016,1001601,1001601-002,10鄰,新興路,,,,,,10號,119.5630512909,23.565332484209
澎湖縣馬公市復興里10鄰新興路11號,10016,1001601,1001601-002,10鄰,新興路,,,,,,11號,119.56294113157,23.565167334202
澎湖縣馬公市復興里10鄰新興路12號,10016,1001601,1001601-002,10鄰,新興路,,,,,,12號,119.56297471318,23.565361081615
澎湖縣馬公市復興里10鄰新興路13號,10016,1001601,1001601-002,10鄰,新興路,,,,,,13號,119.56289374896,23.565318451537
澎湖縣馬公市復興里10鄰新興路19號,10016,1001601,1001601-002,10鄰,新興路,,,,,,19號,119.56279753452,23.565123790976
