FULL_ADDR,COUNTY,TOWN,VILLAGE,NEIGHBORHOOD,ROAD,SECTION,LANE,ALLEY,SUB_ALLEY,TONG,NUMBER,X,Y
屏東縣枋寮鄉新開村10鄰中庄環路9號,10013,1001316,1001316-011,10鄰,中庄環路,,,,,,9號,120.62180483299,22.398869415795
屏東縣枋寮鄉新開村10鄰中庄環路11號,10013,1001316,1001316-011,10鄰,中庄環路,,,,,,11號,120.62188324368,22.398785608317
屏東縣枋寮鄉新開村11鄰中庄環路25之1號,10013,1001316,1001316-011,11鄰,中庄環路,,,,,,25之1號,120.62265146582,22.39882921771
屏東縣枋寮鄉新開村11鄰中庄環路35之1號,10013,1001316,1001316-011,11鄰,中庄環路,,,,,,35之1號,120.62296182014,22.398956108588
屏東縣枋寮鄉新開村11鄰中庄環路47號,10013,1001316,1001316-011,11鄰,中庄環路,,,,,,47號,120.62340794097,22.399231789298
屏東縣枋寮鄉新開村11鄰中庄環路63號,10013,1001316,1001316-011,11鄰,中庄環路,,,,,,63號,120.62354696258,22.400083310676
屏東縣枋寮鄉新開村13鄰中庄環路83號,10013,1001316,1001316-011,13鄰,中庄環路,,,,,,83號,120.62307320049,22.400548581937
屏東縣枋寮鄉新開村14鄰中庄環路107號,10013,1001316,1001316-011,14鄰,中庄環路,,,,,,107號,120.62175153993,22.400510634782
