FULL_ADDR,COUNTY,TOWN,VILLAGE,NEIGHBORHOOD,ROAD,SECTION,LANE,ALLEY,SUB_ALLEY,TONG,NUMBER,X,Y
臺東縣海端鄉廣原村4鄰龍泉40之1號,10014,1001412,1001412-001,4鄰,龍泉,,,,,,40之1號,121.19117567006,23.155650733344
臺東縣海端鄉廣原村4鄰龍泉80號,10014,1001412,1001412-001,4鄰,龍泉,,,,,,80號,121.1925421216,23.155476378871
臺東縣海端鄉海端村龍泉40號,10014,1001412,1001412-004,,龍泉,,,,,,40號,121.19114683612,23.155716510539
