FULL_ADDR,COUNTY,TOWN,VILLAGE,NEIGHBORHOOD,ROAD,SECTION,LANE,ALLEY,SUB_ALLEY,TONG,NUMBER,X,Y
嘉義縣梅山鄉圳南村8鄰瑞興2號,10010,1001015,1001015-005,8鄰,瑞興,,,,,,2號,120.59742880868,23.569997200238
嘉義縣梅山鄉圳南村8鄰瑞興3號,10010,1001015,1001015-005,8鄰,瑞興,,,,,,3號,120.59674474603,23.569060648963
嘉義縣梅山鄉圳南村8鄰瑞興5號,10010,1001015,1001015-005,8鄰,瑞興,,,,,,5號,120.59598275941,23.568910218395
嘉義縣梅山鄉圳南村8鄰瑞興8號,10010,1001015,1001015-005,8鄰,瑞興,,,,,,8號,120.59576671428,23.56917829711
嘉義縣梅山鄉圳南村8鄰瑞興9號,10010,1001015,1001015-005,8鄰,瑞興,,,,,,9號,120.59749977762,23.572233103691
嘉義縣梅山鄉圳南村8鄰瑞興10號,10010,1001015,1001015-005,8鄰,瑞興,,,,,,10號,120.59719391728,23.57223709722
嘉義縣梅山鄉圳南村8鄰瑞興12號,10010,1001015,1001015-005,8鄰,瑞興,,,,,,12號,120.59760832886,23.572327747474
