FULL_ADDR,COUNTY,TOWN,VILLAGE,NEIGHBORHOOD,ROAD,SECTION,LANE,ALLEY,SUB_ALLEY,TONG,NUMBER,X,Y
屏東縣屏東市勝豐里1鄰萬全街13號,10013,1001301,1001301-019,1鄰,萬全街,,,,,,13號,120.49155556232,22.666848888971
屏東縣屏東市勝豐里1鄰萬全街15號,10013,1001301,1001301-019,1鄰,萬全街,,,,,,15號,120.49151959766,22.666864488522
屏東縣屏東市勝豐里1鄰萬全街17號,10013,1001301,1001301-019,1鄰,萬全街,,,,,,17號,120.49148549384,22.66687684286
屏東縣屏東市勝豐里1鄰萬全街19號,10013,1001301,1001301-019,1鄰,萬全街,,,,,,19號,120.4914469075,22.666890898825
屏東縣屏東市勝豐里1鄰萬全街21號,10013,1001301,1001301-019,1鄰,萬全街,,,,,,21號,120.49141279468,22.666905691452
屏東縣屏東市勝豐里6鄰萬全街54號,10013,1001301,1001301-019,6鄰,萬全街,,,,,,54號,120.49008061172,22.667410526192
屏東縣屏東市勝豐里6鄰萬全街56號,10013,1001301,1001301-019,6鄰,萬全街,,,,,,56號,120.4900369879,22.667392054678
屏東縣屏東市勝豐里6鄰萬全街58號,10013,1001301,1001301-019,6鄰,萬全街,,,,,,58號,120.48999869837,22.667378386492
屏東縣屏東市勝豐里6鄰萬全街60號,10013,1001301,1001301-019,6鄰,萬全街,,,,,,60號,120.48995866966,22.667361371341
