FULL_ADDR,COUNTY,TOWN,VILLAGE,NEIGHBORHOOD,ROAD,SECTION,LANE,ALLEY,SUB_ALLEY,TONG,NUMBER,X,Y
澎湖縣馬公市陽明里3鄰永泰街41號,10016,1001601,1001601-012,3鄰,永泰街,,,,,,41號,119.57678069863,23.568599286259
澎湖縣馬公市陽明里3鄰永泰街43號,10016,1001601,1001601-012,3鄰,永泰街,,,,,,43號,119.57663569872,23.568676900772
澎湖縣馬公市陽明里3鄰永泰街45號,10016,1001601,1001601-012,3鄰,永泰街,,,,,,45號,119.57650868961,23.568772808491
澎湖縣馬公市陽明里3鄰永泰街47號,10016,1001601,1001601-012,3鄰,永泰街,,,,,,47號,119.57636182478,23.568883466822
