FULL_ADDR,COUNTY,TOWN,VILLAGE,NEIGHBORHOOD,ROAD,SECTION,LANE,ALLEY,SUB_ALLEY,TONG,NUMBER,X,Y
花蓮縣新城鄉佳林村2鄰佳運巷1號,10015,1001504,1001504-005,2鄰,佳運巷,,,,,,1號,121.59735952592,24.016561044897
花蓮縣新城鄉佳林村2鄰佳運巷3號,10015,1001504,1001504-005,2鄰,佳運巷,,,,,,3號,121.59731894922,24.016578150918
花蓮縣新城鄉佳林村2鄰佳運巷5號,10015,1001504,1001504-005,2鄰,佳運巷,,,,,,5號,121.59727837255,24.016595265958
花蓮縣新城鄉佳林村2鄰佳運巷7號,10015,1001504,1001504-005,2鄰,佳運巷,,,,,,7號,121.59723779583,24.016612371958
花蓮縣新城鄉佳林村2鄰佳運巷9號,10015,1001504,1001504-005,2鄰,佳運巷,,,,,,9號,121.59719721909,24.016629477948
花蓮縣新城鄉佳林村2鄰佳運巷11號,10015,1001504,1001504-005,2鄰,佳運巷,,,,,,11號,121.59715664235,24.016646583927
