FULL_ADDR,COUNTY,TOWN,VILLAGE,NEIGHBORHOOD,ROAD,SECTION,LANE,ALLEY,SUB_ALLEY,TONG,NUMBER,X,Y
屏東縣屏東市泰安里8鄰廣福巷2號,10013,1001301,1001301-005,8鄰,廣福巷,,,,,,2號,120.48704642814,22.676508724997
屏東縣屏東市泰安里8鄰廣福巷6號,10013,1001301,1001301-005,8鄰,廣福巷,,,,,,6號,120.48707998894,22.676643121193
屏東縣屏東市泰安里8鄰廣福巷10號,10013,1001301,1001301-005,8鄰,廣福巷,,,,,,10號,120.48708422763,22.676811740687
