FULL_ADDR,COUNTY,TOWN,VILLAGE,NEIGHBORHOOD,ROAD,SECTION,LANE,ALLEY,SUB_ALLEY,TONG,NUMBER,X,Y
花蓮縣瑞穗鄉富源村8鄰力行路12號,10015,1001509,1001509-009,8鄰,力行路,,,,,,12號,121.37887991338,23.578566060814
花蓮縣瑞穗鄉富源村8鄰力行路17號,10015,1001509,1001509-009,8鄰,力行路,,,,,,17號,121.37898104046,23.578276693736
花蓮縣瑞穗鄉富源村8鄰力行路20號,10015,1001509,1001509-009,8鄰,力行路,,,,,,20號,121.37970436564,23.578362527503
花蓮縣瑞穗鄉富源村8鄰力行路21號,10015,1001509,1001509-009,8鄰,力行路,,,,,,21號,121.37873835989,23.57819858044
花蓮縣瑞穗鄉富源村8鄰力行路21之1號,10015,1001509,1001509-009,8鄰,力行路,,,,,,21之1號,121.37884172658,23.578290226152
花蓮縣瑞穗鄉富源村8鄰力行路22號,10015,1001509,1001509-009,8鄰,力行路,,,,,,22號,121.37939115122,23.578439640583
花蓮縣瑞穗鄉富源村9鄰力行路29號,10015,1001509,1001509-009,9鄰,力行路,,,,,,29號,121.37693120826,23.57860849059
花蓮縣瑞穗鄉富源村9鄰力行路29之5號,10015,1001509,1001509-009,9鄰,力行路,,,,,,29之5號,121.37643398179,23.578554450664
