FULL_ADDR,COUNTY,TOWN,VILLAGE,NEIGHBORHOOD,ROAD,SECTION,LANE,ALLEY,SUB_ALLEY,TONG,NUMBER,X,Y
花蓮縣吉安鄉永安村18鄰永安二街1號,10015,1001505,1001505-004,18鄰,永安二街,,,,,,1號,121.57380451145,23.989328290707
花蓮縣吉安鄉永安村18鄰永安二街3號,10015,1001505,1001505-004,18鄰,永安二街,,,,,,3號,121.57384862962,23.98930428834
花蓮縣吉安鄉永安村18鄰永安二街5號,10015,1001505,1001505-004,18鄰,永安二街,,,,,,5號,121.57390827485,23.989280137571
花蓮縣吉安鄉永安村18鄰永安二街7號,10015,1001505,1001505-004,18鄰,永安二街,,,,,,7號,121.57395760116,23.989256025392
花蓮縣吉安鄉永安村18鄰永安二街9號,10015,1001505,1001505-004,18鄰,永安二街,,,,,,9號,121.57400427443,23.98923201342
花蓮縣吉安鄉永安村18鄰永安二街11號,10015,1001505,1001505-004,18鄰,永安二街,,,,,,11號,121.57405092607,23.9892031257
花蓮縣吉安鄉永安村18鄰永安二街13號,10015,1001505,1001505-004,18鄰,永安二街,,,,,,13號,121.57411323544,23.989181402788
花蓮縣吉安鄉永安村18鄰永安二街15號,10015,1001505,1001505-004,18鄰,永安二街,,,,,,15號,121.57416254086,23.989152595394
花蓮縣吉安鄉永安村18鄰永安二街17號,10015,1001505,1001505-004,18鄰,永安二街,,,,,,17號,121.5742352353,23.98912361013
