FULL_ADDR,COUNTY,TOWN,VILLAGE,NEIGHBORHOOD,ROAD,SECTION,LANE,ALLEY,SUB_ALLEY,TONG,NUMBER,X,Y
屏東縣麟洛鄉麟頂村1鄰俊賢街98號,10013,1001307,1001307-002,1鄰,俊賢街,,,,,,98號,120.53102570307,22.65106785506
屏東縣麟洛鄉麟頂村1鄰俊賢街100號,10013,1001307,1001307-002,1鄰,俊賢街,,,,,,100號,120.53104586723,22.651146934588
屏東縣麟洛鄉麟頂村1鄰俊賢街108號,10013,1001307,1001307-002,1鄰,俊賢街,,,,,,108號,120.53151586656,22.651534741986
屏東縣麟洛鄉麟蹄村21鄰俊賢街22之1號,10013,1001307,1001307-003,21鄰,俊賢街,,,,,,22之1號,120.52975845158,22.649334811791
屏東縣麟洛鄉麟蹄村21鄰俊賢街30號,10013,1001307,1001307-003,21鄰,俊賢街,,,,,,30號,120.53097610253,22.649170765395
屏東縣麟洛鄉麟蹄村21鄰俊賢街35號,10013,1001307,1001307-003,21鄰,俊賢街,,,,,,35號,120.53026883476,22.65031887219
屏東縣麟洛鄉麟蹄村21鄰俊賢街38之1號,10013,1001307,1001307-003,21鄰,俊賢街,,,,,,38之1號,120.5308529432,22.649881138352
屏東縣麟洛鄉麟蹄村21鄰俊賢街40號,10013,1001307,1001307-003,21鄰,俊賢街,,,,,,40號,120.53120458283,22.649994240865
