FULL_ADDR,COUNTY,TOWN,VILLAGE,NEIGHBORHOOD,ROAD,SECTION,LANE,ALLEY,SUB_ALLEY,TONG,NUMBER,X,Y
花蓮縣瑞穗鄉富源村14鄰廣東路一街36號,10015,1001509,1001509-009,14鄰,廣東路一街,,,,,,36號,121.36581113769,23.582509813042
花蓮縣瑞穗鄉富源村14鄰廣東路一街36之1號,10015,1001509,1001509-009,14鄰,廣東路一街,,,,,,36之1號,121.36542217808,23.582490194177
花蓮縣瑞穗鄉富源村14鄰廣東路一街37號,10015,1001509,1001509-009,14鄰,廣東路一街,,,,,,37號,121.36369599713,23.582334468329
花蓮縣瑞穗鄉富源村14鄰廣東路一街50號,10015,1001509,1001509-009,14鄰,廣東路一街,,,,,,50號,121.36558586618,23.582116682948
花蓮縣瑞穗鄉富源村14鄰廣東路一街50之1號,10015,1001509,1001509-009,14鄰,廣東路一街,,,,,,50之1號,121.36573615512,23.582094828991
花蓮縣瑞穗鄉富源村14鄰廣東路一街54號,10015,1001509,1001509-009,14鄰,廣東路一街,,,,,,54號,121.36585091059,23.581864927441
花蓮縣瑞穗鄉富源村12鄰廣東路一街84號,10015,1001509,1001509-009,12鄰,廣東路一街,,,,,,84號,121.36654560373,23.581863759821
花蓮縣瑞穗鄉富源村11鄰廣東路一街84之10號,10015,1001509,1001509-009,11鄰,廣東路一街,,,,,,84之10號,121.36733481919,23.58132326919
