FULL_ADDR,COUNTY,TOWN,VILLAGE,NEIGHBORHOOD,ROAD,SECTION,LANE,ALLEY,SUB_ALLEY,TONG,NUMBER,X,Y
屏東縣南州鄉壽元村3鄰錦埔路27號,10013,1001320,1001320-008,3鄰,錦埔路,,,,,,27號,120.54097150013,22.481457845634
屏東縣南州鄉壽元村3鄰錦埔路30號,10013,1001320,1001320-008,3鄰,錦埔路,,,,,,30號,120.5403761168,22.482211963494
屏東縣南州鄉壽元村3鄰錦埔路85號,10013,1001320,1001320-008,3鄰,錦埔路,,,,,,85號,120.53714346629,22.481552836617
屏東縣南州鄉壽元村3鄰錦埔路85之56號,10013,1001320,1001320-008,3鄰,錦埔路,,,,,,85之56號,120.54021227166,22.479356850786
屏東縣南州鄉壽元村3鄰錦埔路121之1號,10013,1001320,1001320-008,3鄰,錦埔路,,,,,,121之1號,120.53632091213,22.479896515146
