FULL_ADDR,COUNTY,TOWN,VILLAGE,NEIGHBORHOOD,ROAD,SECTION,LANE,ALLEY,SUB_ALLEY,TONG,NUMBER,X,Y
屏東縣萬丹鄉香社村1鄰新洋路206號,10013,1001305,1001305-023,1鄰,新洋路,,,,,,206號,120.47223097476,22.558926335891
屏東縣新園鄉瓦磘村15鄰新洋路199號,10013,1001317,1001317-001,15鄰,新洋路,,,,,,199號,120.4738057239,22.55878347935
