FULL_ADDR,COUNTY,TOWN,VILLAGE,NEIGHBORHOOD,ROAD,SECTION,LANE,ALLEY,SUB_ALLEY,TONG,NUMBER,X,Y
臺東縣鹿野鄉龍田村1鄰北二路18號,10014,1001405,1001405-007,1鄰,北二路,,,,,,18號,121.13247149401,22.906912933767
臺東縣鹿野鄉龍田村1鄰北二路66號,10014,1001405,1001405-007,1鄰,北二路,,,,,,66號,121.13051941,22.907484132474
臺東縣鹿野鄉龍田村5鄰北二路220號,10014,1001405,1001405-007,5鄰,北二路,,,,,,220號,121.12240958264,22.907160058933
臺東縣鹿野鄉龍田村12鄰北二路370號,10014,1001405,1001405-007,12鄰,北二路,,,,,,370號,121.11514756622,22.907608440719
臺東縣鹿野鄉龍田村14鄰北二路626號,10014,1001405,1001405-007,14鄰,北二路,,,,,,626號,121.10233382122,22.907839314392
