FULL_ADDR,COUNTY,TOWN,VILLAGE,NEIGHBORHOOD,ROAD,SECTION,LANE,ALLEY,SUB_ALLEY,TONG,NUMBER,X,Y
屏東縣萬丹鄉灣內村8鄰觀音路67號,10013,1001305,1001305-026,8鄰,觀音路,,,,,,67號,120.4611934375,22.565561252149
屏東縣萬丹鄉灣內村8鄰觀音路87號,10013,1001305,1001305-026,8鄰,觀音路,,,,,,87號,120.46139617458,22.56678887561
屏東縣萬丹鄉灣內村8鄰觀音路89號,10013,1001305,1001305-026,8鄰,觀音路,,,,,,89號,120.46139864214,22.566829523123
屏東縣萬丹鄉灣內村8鄰觀音路109號,10013,1001305,1001305-026,8鄰,觀音路,,,,,,109號,120.46142242393,22.56734093481
屏東縣萬丹鄉灣內村5鄰觀音路126號,10013,1001305,1001305-026,5鄰,觀音路,,,,,,126號,120.46173980969,22.567091118267
屏東縣萬丹鄉灣內村5鄰觀音路128號,10013,1001305,1001305-026,5鄰,觀音路,,,,,,128號,120.46173962423,22.567138891337
屏東縣萬丹鄉灣內村1鄰觀音路31巷151號,10013,1001305,1001305-026,1鄰,觀音路,,31巷,,,,151號,120.45781503837,22.560952059377
屏東縣萬丹鄉灣內村7鄰觀音路181號,10013,1001305,1001305-026,7鄰,觀音路,,,,,,181號,120.46156434045,22.569933471109
屏東縣萬丹鄉灣內村7鄰觀音路187號,10013,1001305,1001305-026,7鄰,觀音路,,,,,,187號,120.46176497683,22.570251761254
