FULL_ADDR,COUNTY,TOWN,VILLAGE,NEIGHBORHOOD,ROAD,SECTION,LANE,ALLEY,SUB_ALLEY,TONG,NUMBER,X,Y
嘉義縣義竹鄉埤前村12鄰三脚猫1號,10010,1001010,1001010-009,12鄰,三脚猫,,,,,,1號,120.23485453453,23.356067238667
嘉義縣義竹鄉埤前村12鄰三脚猫2號,10010,1001010,1001010-009,12鄰,三脚猫,,,,,,2號,120.23483659307,23.351316224931
嘉義縣義竹鄉埤前村12鄰三脚猫2附3號,10010,1001010,1001010-009,12鄰,三脚猫,,,,,,2附3號,120.23219424947,23.35250492483
嘉義縣義竹鄉埤前村12鄰三脚猫4號,10010,1001010,1001010-009,12鄰,三脚猫,,,,,,4號,120.23524555411,23.349956261631
嘉義縣義竹鄉埤前村12鄰三脚猫5號,10010,1001010,1001010-009,12鄰,三脚猫,,,,,,5號,120.23178757241,23.357290197453
嘉義縣義竹鄉埤前村12鄰三脚猫5之7號,10010,1001010,1001010-009,12鄰,三脚猫,,,,,,5之7號,120.23096865121,23.360008469247
