FULL_ADDR,COUNTY,TOWN,VILLAGE,NEIGHBORHOOD,ROAD,SECTION,LANE,ALLEY,SUB_ALLEY,TONG,NUMBER,X,Y
臺東縣關山鎮豐泉里4鄰豐隆路7號,10014,1001403,1001403-002,4鄰,豐隆路,,,,,,7號,121.15933591972,23.052947197357
臺東縣關山鎮豐泉里4鄰豐隆路10號,10014,1001403,1001403-002,4鄰,豐隆路,,,,,,10號,121.15974563707,23.05369804385
臺東縣關山鎮豐泉里4鄰豐隆路19號,10014,1001403,1001403-002,4鄰,豐隆路,,,,,,19號,121.16033888307,23.055223234906
