FULL_ADDR,COUNTY,TOWN,VILLAGE,NEIGHBORHOOD,ROAD,SECTION,LANE,ALLEY,SUB_ALLEY,TONG,NUMBER,X,Y
臺東縣池上鄉福原村16鄰中華南路66號,10014,1001406,1001406-005,16鄰,中華南路,,,,,,66號,121.21359841086,23.1234202871
臺東縣池上鄉福原村16鄰中華南路86之1號,10014,1001406,1001406-005,16鄰,中華南路,,,,,,86之1號,121.21413055099,23.123706041832
臺東縣池上鄉福原村16鄰中華南路87號,10014,1001406,1001406-005,16鄰,中華南路,,,,,,87號,121.21397438896,23.123817004428
臺東縣池上鄉福原村16鄰中華南路93號,10014,1001406,1001406-005,16鄰,中華南路,,,,,,93號,121.21420571906,23.123919151097
臺東縣池上鄉福原村16鄰中華南路95號,10014,1001406,1001406-005,16鄰,中華南路,,,,,,95號,121.21424484533,23.123939272212
臺東縣池上鄉福原村16鄰中華南路97號,10014,1001406,1001406-005,16鄰,中華南路,,,,,,97號,121.21428966827,23.123974430477
臺東縣池上鄉福原村16鄰中華南路99號,10014,1001406,1001406-005,16鄰,中華南路,,,,,,99號,121.21433220349,23.124001545616
