FULL_ADDR,COUNTY,TOWN,VILLAGE,NEIGHBORHOOD,ROAD,SECTION,LANE,ALLEY,SUB_ALLEY,TONG,NUMBER,X,Y
花蓮縣鳳林鎮鳳仁里1鄰仁盛路38號,10015,1001502,1001502-001,1鄰,仁盛路,,,,,,38號,121.45181491667,23.749387335588
花蓮縣鳳林鎮鳳仁里1鄰仁盛路40號,10015,1001502,1001502-001,1鄰,仁盛路,,,,,,40號,121.45178491902,23.74937324668
花蓮縣鳳林鎮鳳仁里1鄰仁盛路42號,10015,1001502,1001502-001,1鄰,仁盛路,,,,,,42號,121.45175492134,23.749359148737
花蓮縣鳳林鎮鳳仁里1鄰仁盛路46號,10015,1001502,1001502-001,1鄰,仁盛路,,,,,,46號,121.4516949162,23.749330952861
花蓮縣鳳林鎮鳳仁里1鄰仁盛路47號,10015,1001502,1001502-001,1鄰,仁盛路,,,,,,47號,121.45149993876,23.74899530238
花蓮縣鳳林鎮鳳仁里1鄰仁盛路49號,10015,1001502,1001502-001,1鄰,仁盛路,,,,,,49號,121.45141002487,23.748944556346
花蓮縣鳳林鎮鳳仁里1鄰仁盛路51號,10015,1001502,1001502-001,1鄰,仁盛路,,,,,,51號,121.45125264466,23.748883740505
花蓮縣鳳林鎮鳳仁里6鄰仁盛路66號,10015,1001502,1001502-001,6鄰,仁盛路,,,,,,66號,121.45103497356,23.749101810633
