FULL_ADDR,COUNTY,TOWN,VILLAGE,NEIGHBORHOOD,ROAD,SECTION,LANE,ALLEY,SUB_ALLEY,TONG,NUMBER,X,Y
新竹市東區科園里22鄰研新四路2號,10018,1001801,1001801-047,22鄰,研新四路,,,,,,2號,120.99130669775,24.781127468858
新竹市東區科園里22鄰研新四路4號,10018,1001801,1001801-047,22鄰,研新四路,,,,,,4號,120.99037600552,24.781102944294
新竹市東區科園里22鄰研新四路6號,10018,1001801,1001801-047,22鄰,研新四路,,,,,,6號,120.98875194268,24.78024086608
新竹市東區科園里22鄰研新四路8號,10018,1001801,1001801-047,22鄰,研新四路,,,,,,8號,120.98744116267,24.778717177301
新竹市東區科園里22鄰研新四路12號,10018,1001801,1001801-047,22鄰,研新四路,,,,,,12號,120.9866672093,24.777994096043
新竹市東區科園里22鄰研新四路12之1號,10018,1001801,1001801-047,22鄰,研新四路,,,,,,12之1號,120.9866672093,24.777994096043
