FULL_ADDR,COUNTY,TOWN,VILLAGE,NEIGHBORHOOD,ROAD,SECTION,LANE,ALLEY,SUB_ALLEY,TONG,NUMBER,X,Y
屏東縣屏東市武廟里7鄰永褔路21號,10013,1001301,1001301-003,7鄰,永褔路,,,,,,21號,120.48749789432,22.671502021867
屏東縣屏東市武廟里7鄰永褔路23號,10013,1001301,1001301-003,7鄰,永褔路,,,,,,23號,120.48754677087,22.67152132366
