FULL_ADDR,COUNTY,TOWN,VILLAGE,NEIGHBORHOOD,ROAD,SECTION,LANE,ALLEY,SUB_ALLEY,TONG,NUMBER,X,Y
新竹市東區科園里24鄰力行三路1號,10018,1001801,1001801-047,24鄰,力行三路,,,,,,1號,121.0165324339,24.768278581031
新竹市東區科園里24鄰力行三路2號,10018,1001801,1001801-047,24鄰,力行三路,,,,,,2號,121.02199362859,24.775147423714
新竹市東區科園里24鄰力行三路5號,10018,1001801,1001801-047,24鄰,力行三路,,,,,,5號,121.02021150559,24.768825808421
新竹市東區科園里24鄰力行三路6號,10018,1001801,1001801-047,24鄰,力行三路,,,,,,6號,121.02107088589,24.77043432651
新竹市東區科園里24鄰力行三路7號,10018,1001801,1001801-047,24鄰,力行三路,,,,,,7號,121.02153939874,24.7698139909
新竹市東區科園里24鄰力行三路15號,10018,1001801,1001801-047,24鄰,力行三路,,,,,,15號,121.02225285613,24.771477417143
