FULL_ADDR,COUNTY,TOWN,VILLAGE,NEIGHBORHOOD,ROAD,SECTION,LANE,ALLEY,SUB_ALLEY,TONG,NUMBER,X,Y
新竹市東區科園里10鄰育民街11號,10018,1001801,1001801-047,10鄰,育民街,,,,,,11號,121.00918341583,24.786414162218
新竹市東區科園里10鄰育民街13號,10018,1001801,1001801-047,10鄰,育民街,,,,,,13號,121.00913257925,24.786376515895
新竹市東區科園里10鄰育民街15號,10018,1001801,1001801-047,10鄰,育民街,,,,,,15號,121.00908896053,24.786314672358
新竹市東區科園里10鄰育民街17號,10018,1001801,1001801-047,10鄰,育民街,,,,,,17號,121.00903565221,24.78628587422
新竹市東區科園里10鄰育民街19號,10018,1001801,1001801-047,10鄰,育民街,,,,,,19號,121.00893150368,24.786166521832
新竹市東區科園里10鄰育民街21號,10018,1001801,1001801-047,10鄰,育民街,,,,,,21號,121.00885455797,24.786126439236
新竹市東區科園里10鄰育民街25號,10018,1001801,1001801-047,10鄰,育民街,,,,,,25號,121.00854656767,24.785817497021
新竹市東區科園里10鄰育民街27號,10018,1001801,1001801-047,10鄰,育民街,,,,,,27號,121.0085465639,24.785762512593
新竹市東區科園里10鄰育民街39號,10018,1001801,1001801-047,10鄰,育民街,,,,,,39號,121.00814679175,24.785355162551
