FULL_ADDR,COUNTY,TOWN,VILLAGE,NEIGHBORHOOD,ROAD,SECTION,LANE,ALLEY,SUB_ALLEY,TONG,NUMBER,X,Y
屏東縣長治鄉德和村6鄰神農東路9號,10013,1001306,1001306-011,6鄰,神農東路,,,,,,9號,120.54318030329,22.709393689651
屏東縣長治鄉德和村6鄰神農東路11號,10013,1001306,1001306-011,6鄰,神農東路,,,,,,11號,120.54311921021,22.710292086045
屏東縣長治鄉德和村6鄰神農東路12號,10013,1001306,1001306-011,6鄰,神農東路,,,,,,12號,120.54441846052,22.711249179946
屏東縣長治鄉德和村6鄰神農東路13號,10013,1001306,1001306-011,6鄰,神農東路,,,,,,13號,120.54340607792,22.711405958909
屏東縣長治鄉德和村6鄰神農東路17號,10013,1001306,1001306-011,6鄰,神農東路,,,,,,17號,120.54378745576,22.713258283277
屏東縣長治鄉德和村6鄰神農東路21號,10013,1001306,1001306-011,6鄰,神農東路,,,,,,21號,120.54400663048,22.714563686835
屏東縣長治鄉德和村6鄰神農東路23號,10013,1001306,1001306-011,6鄰,神農東路,,,,,,23號,120.54435940901,22.715973686725
屏東縣長治鄉德和村6鄰神農東路36號,10013,1001306,1001306-011,6鄰,神農東路,,,,,,36號,120.54559046131,22.717821561281
