FULL_ADDR,COUNTY,TOWN,VILLAGE,NEIGHBORHOOD,ROAD,SECTION,LANE,ALLEY,SUB_ALLEY,TONG,NUMBER,X,Y
嘉義縣義竹鄉中平村10鄰七塊厝1號,10010,1001010,1001010-008,10鄰,七塊厝,,,,,,1號,120.27816660431,23.364137318795
嘉義縣義竹鄉中平村10鄰七塊厝2號,10010,1001010,1001010-008,10鄰,七塊厝,,,,,,2號,120.27828960949,23.364379253362
嘉義縣義竹鄉中平村10鄰七塊厝3號,10010,1001010,1001010-008,10鄰,七塊厝,,,,,,3號,120.27855664224,23.364575258026
嘉義縣義竹鄉中平村10鄰七塊厝3之5號,10010,1001010,1001010-008,10鄰,七塊厝,,,,,,3之5號,120.2745307412,23.363245063961
嘉義縣義竹鄉中平村10鄰七塊厝4號,10010,1001010,1001010-008,10鄰,七塊厝,,,,,,4號,120.27849656521,23.364326299661
嘉義縣義竹鄉中平村10鄰七塊厝5號,10010,1001010,1001010-008,10鄰,七塊厝,,,,,,5號,120.27850695936,23.364068275183
嘉義縣義竹鄉中平村10鄰七塊厝6號,10010,1001010,1001010-008,10鄰,七塊厝,,,,,,6號,120.27866656543,23.364035239436
嘉義縣義竹鄉中平村10鄰七塊厝7號,10010,1001010,1001010-008,10鄰,七塊厝,,,,,,7號,120.27868562304,23.364309292186
