FULL_ADDR,COUNTY,TOWN,VILLAGE,NEIGHBORHOOD,ROAD,SECTION,LANE,ALLEY,SUB_ALLEY,TONG,NUMBER,X,Y
屏東縣屏東市斯文里25鄰玉光巷1號,10013,1001301,1001301-059,25鄰,玉光巷,,,,,,1號,120.49174820045,22.681963899566
屏東縣屏東市斯文里25鄰玉光巷3號,10013,1001301,1001301-059,25鄰,玉光巷,,,,,,3號,120.49167350789,22.681976937795
屏東縣屏東市斯文里25鄰玉光巷5號,10013,1001301,1001301-059,25鄰,玉光巷,,,,,,5號,120.49159599007,22.681990779794
屏東縣屏東市斯文里25鄰玉光巷7號,10013,1001301,1001301-059,25鄰,玉光巷,,,,,,7號,120.49153871058,22.682005769728
屏東縣屏東市斯文里25鄰玉光巷9號,10013,1001301,1001301-059,25鄰,玉光巷,,,,,,9號,120.49145711338,22.682043801371
屏東縣屏東市斯文里25鄰玉光巷13號,10013,1001301,1001301-059,25鄰,玉光巷,,,,,,13號,120.49129643111,22.682072009031
屏東縣屏東市斯文里25鄰玉光巷15號,10013,1001301,1001301-059,25鄰,玉光巷,,,,,,15號,120.49122962062,22.682085252711
