FULL_ADDR,COUNTY,TOWN,VILLAGE,NEIGHBORHOOD,ROAD,SECTION,LANE,ALLEY,SUB_ALLEY,TONG,NUMBER,X,Y
屏東縣枋寮鄉東海村29鄰工業一街62號,10013,1001316,1001316-014,29鄰,工業一街,,,,,,62號,120.58390443524,22.405050964604
屏東縣枋寮鄉東海村29鄰工業一街64號,10013,1001316,1001316-014,29鄰,工業一街,,,,,,64號,120.58386650808,22.405034339815
屏東縣枋寮鄉東海村29鄰工業一街66號,10013,1001316,1001316-014,29鄰,工業一街,,,,,,66號,120.5838274189,22.405016537965
屏東縣枋寮鄉東海村29鄰工業一街68號,10013,1001316,1001316-014,29鄰,工業一街,,,,,,68號,120.58379065727,22.404999916159
屏東縣枋寮鄉東海村29鄰工業一街140號,10013,1001316,1001316-014,29鄰,工業一街,,,,,,140號,120.58222770805,22.404376522477
