FULL_ADDR,COUNTY,TOWN,VILLAGE,NEIGHBORHOOD,ROAD,SECTION,LANE,ALLEY,SUB_ALLEY,TONG,NUMBER,X,Y
新竹市東區科園里24鄰工業東一路2號,10018,1001801,1001801-047,24鄰,工業東一路,,,,,,2號,121.00479092101,24.778220419536
新竹市東區科園里24鄰工業東一路2之1號,10018,1001801,1001801-047,24鄰,工業東一路,,,,,,2之1號,121.00486746685,24.778308626987
新竹市東區科園里24鄰工業東一路3號,10018,1001801,1001801-047,24鄰,工業東一路,,,,,,3號,121.00500414169,24.77845885923
新竹市東區科園里24鄰工業東一路8號,10018,1001801,1001801-047,24鄰,工業東一路,,,,,,8號,121.00445754035,24.777778387067
