FULL_ADDR,COUNTY,TOWN,VILLAGE,NEIGHBORHOOD,ROAD,SECTION,LANE,ALLEY,SUB_ALLEY,TONG,NUMBER,X,Y
屏東縣屏東市光華里10鄰伏波巷1號,10013,1001301,1001301-039,10鄰,伏波巷,,,,,,1號,120.4925030163,22.664824644719
屏東縣屏東市光華里10鄰伏波巷2號,10013,1001301,1001301-039,10鄰,伏波巷,,,,,,2號,120.49246714391,22.664894700909
屏東縣屏東市光華里10鄰伏波巷3號,10013,1001301,1001301-039,10鄰,伏波巷,,,,,,3號,120.49244680516,22.664815706708
屏東縣屏東市光華里10鄰伏波巷4號,10013,1001301,1001301-039,10鄰,伏波巷,,,,,,4號,120.49238772454,22.664899055034
屏東縣屏東市光華里10鄰伏波巷5號,10013,1001301,1001301-039,10鄰,伏波巷,,,,,,5號,120.49241379558,22.66479528268
屏東縣屏東市光華里10鄰伏波巷6號,10013,1001301,1001301-039,10鄰,伏波巷,,,,,,6號,120.49232146651,22.664896677677
屏東縣屏東市光華里10鄰伏波巷8號,10013,1001301,1001301-039,10鄰,伏波巷,,,,,,8號,120.49228515443,22.664901078038
