FULL_ADDR,COUNTY,TOWN,VILLAGE,NEIGHBORHOOD,ROAD,SECTION,LANE,ALLEY,SUB_ALLEY,TONG,NUMBER,X,Y
屏東縣萬丹鄉磚寮村1鄰玉磚路15號,10013,1001305,1001305-017,1鄰,玉磚路,,,,,,15號,120.46360959015,22.624966015771
屏東縣萬丹鄉磚寮村1鄰玉磚路55號,10013,1001305,1001305-017,1鄰,玉磚路,,,,,,55號,120.46474852054,22.625649393583
屏東縣萬丹鄉磚寮村1鄰玉磚路85號,10013,1001305,1001305-017,1鄰,玉磚路,,,,,,85號,120.46560805654,22.626261392084
屏東縣萬丹鄉磚寮村1鄰玉磚路91號,10013,1001305,1001305-017,1鄰,玉磚路,,,,,,91號,120.46604283812,22.626201971682
屏東縣萬丹鄉磚寮村1鄰玉磚路99號,10013,1001305,1001305-017,1鄰,玉磚路,,,,,,99號,120.46678442402,22.626575968822
