FULL_ADDR,COUNTY,TOWN,VILLAGE,NEIGHBORHOOD,ROAD,SECTION,LANE,ALLEY,SUB_ALLEY,TONG,NUMBER,X,Y
新竹市東區科園里24鄰力行五路1號,10018,1001801,1001801-047,24鄰,力行五路,,,,,,1號,121.0205350851,24.763591937547
新竹市東區科園里24鄰力行五路3號,10018,1001801,1001801-047,24鄰,力行五路,,,,,,3號,121.02003208074,24.764209656824
新竹市東區科園里24鄰力行五路5號,10018,1001801,1001801-047,24鄰,力行五路,,,,,,5號,121.01934748435,24.764563670565
新竹市東區科園里24鄰力行五路7號,10018,1001801,1001801-047,24鄰,力行五路,,,,,,7號,121.01918266279,24.765294291469
新竹市東區科園里24鄰力行五路9號,10018,1001801,1001801-047,24鄰,力行五路,,,,,,9號,121.01873725253,24.765640777761
