FULL_ADDR,COUNTY,TOWN,VILLAGE,NEIGHBORHOOD,ROAD,SECTION,LANE,ALLEY,SUB_ALLEY,TONG,NUMBER,X,Y
臺東縣鹿野鄉永安村永隆1號,10014,1001405,1001405-004,,永隆,,,,,,1號,121.14749674781,22.932139575499
臺東縣鹿野鄉永安村永隆5號,10014,1001405,1001405-004,,永隆,,,,,,5號,121.14336167693,22.933472289812
臺東縣鹿野鄉永安村永隆6號,10014,1001405,1001405-004,,永隆,,,,,,6號,121.14462951072,22.932769284664
臺東縣鹿野鄉永安村永隆28號,10014,1001405,1001405-004,,永隆,,,,,,28號,121.12677130467,22.959743133289
臺東縣鹿野鄉永安村永隆28之1號,10014,1001405,1001405-004,,永隆,,,,,,28之1號,121.12662341098,22.959602362423
