FULL_ADDR,COUNTY,TOWN,VILLAGE,NEIGHBORHOOD,ROAD,SECTION,LANE,ALLEY,SUB_ALLEY,TONG,NUMBER,X,Y
臺東縣達仁鄉森永村1鄰歸田12號,10014,1001415,1001415-005,1鄰,歸田,,,,,,12號,120.84104003114,22.254387696726
臺東縣達仁鄉森永村1鄰歸田14號,10014,1001415,1001415-005,1鄰,歸田,,,,,,14號,120.82891825987,22.257990887921
