FULL_ADDR,COUNTY,TOWN,VILLAGE,NEIGHBORHOOD,ROAD,SECTION,LANE,ALLEY,SUB_ALLEY,TONG,NUMBER,X,Y
嘉義縣梅山鄉太平村10鄰頂橋2號,10010,1001015,1001015-012,10鄰,頂橋,,,,,,2號,120.61517875653,23.554300332732
嘉義縣梅山鄉太平村10鄰頂橋2之6號,10010,1001015,1001015-012,10鄰,頂橋,,,,,,2之6號,120.60688774462,23.553226252791
