FULL_ADDR,COUNTY,TOWN,VILLAGE,NEIGHBORHOOD,ROAD,SECTION,LANE,ALLEY,SUB_ALLEY,TONG,NUMBER,X,Y
花蓮縣瑞穗鄉鶴岡村14鄰屋拉力四街97號,10015,1001509,1001509-007,14鄰,屋拉力四街,,,,,,97號,121.38963567723,23.511593160239
花蓮縣瑞穗鄉鶴岡村14鄰屋拉力四街97之1號,10015,1001509,1001509-007,14鄰,屋拉力四街,,,,,,97之1號,121.38971427569,23.511688835147
花蓮縣瑞穗鄉鶴岡村14鄰屋拉力四街97之2號,10015,1001509,1001509-007,14鄰,屋拉力四街,,,,,,97之2號,121.38984049937,23.511700131827
花蓮縣瑞穗鄉鶴岡村14鄰屋拉力四街97之3號,10015,1001509,1001509-007,14鄰,屋拉力四街,,,,,,97之3號,121.38989544812,23.512021290881
花蓮縣瑞穗鄉鶴岡村14鄰屋拉力四街97之4號,10015,1001509,1001509-007,14鄰,屋拉力四街,,,,,,97之4號,121.38986424417,23.511866125153
花蓮縣瑞穗鄉鶴岡村14鄰屋拉力四街97之5號,10015,1001509,1001509-007,14鄰,屋拉力四街,,,,,,97之5號,121.38976014335,23.511656103984
花蓮縣瑞穗鄉鶴岡村14鄰屋拉力四街99號,10015,1001509,1001509-007,14鄰,屋拉力四街,,,,,,99號,121.38961134924,23.511448497202
花蓮縣瑞穗鄉鶴岡村14鄰屋拉力四街99之1號,10015,1001509,1001509-007,14鄰,屋拉力四街,,,,,,99之1號,121.38949854395,23.511298384614
花蓮縣瑞穗鄉鶴岡村16鄰屋拉力四街102之1號,10015,1001509,1001509-007,16鄰,屋拉力四街,,,,,,102之1號,121.3902807723,23.511793771944
