FULL_ADDR,COUNTY,TOWN,VILLAGE,NEIGHBORHOOD,ROAD,SECTION,LANE,ALLEY,SUB_ALLEY,TONG,NUMBER,X,Y
嘉義縣大林鎮西林里15鄰民生北路180號,10010,1001004,1001004-002,15鄰,民生北路,,,,,,180號,120.44794865139,23.603726288983
嘉義縣大林鎮明和里1鄰民生北路445號,10010,1001004,1001004-006,1鄰,民生北路,,,,,,445號,120.44207825022,23.609301852991
嘉義縣大林鎮明和里1鄰民生北路448號,10010,1001004,1001004-006,1鄰,民生北路,,,,,,448號,120.44208124084,23.609984421954
