FULL_ADDR,COUNTY,TOWN,VILLAGE,NEIGHBORHOOD,ROAD,SECTION,LANE,ALLEY,SUB_ALLEY,TONG,NUMBER,X,Y
花蓮縣瑞穗鄉瑞北村8鄰十美街3之2號,10015,1001509,1001509-005,8鄰,十美街,,,,,,3之2號,121.37243476226,23.510484007107
花蓮縣瑞穗鄉瑞北村8鄰十美街3之3號,10015,1001509,1001509-005,8鄰,十美街,,,,,,3之3號,121.36952149617,23.509469668939
花蓮縣瑞穗鄉瑞北村8鄰十美街3之6號,10015,1001509,1001509-005,8鄰,十美街,,,,,,3之6號,121.37310057333,23.510422959888
花蓮縣瑞穗鄉瑞北村8鄰十美街3之11號,10015,1001509,1001509-005,8鄰,十美街,,,,,,3之11號,121.37277528724,23.510045101056
花蓮縣瑞穗鄉瑞北村8鄰十美街71號,10015,1001509,1001509-005,8鄰,十美街,,,,,,71號,121.37156119479,23.509805455844
