FULL_ADDR,COUNTY,TOWN,VILLAGE,NEIGHBORHOOD,ROAD,SECTION,LANE,ALLEY,SUB_ALLEY,TONG,NUMBER,X,Y
屏東縣屏東市泰安里6鄰錦德巷2號,10013,1001301,1001301-005,6鄰,錦德巷,,,,,,2號,120.48851995343,22.674392994416
屏東縣屏東市泰安里6鄰錦德巷3號,10013,1001301,1001301-005,6鄰,錦德巷,,,,,,3號,120.48840760018,22.674380805146
屏東縣屏東市泰安里6鄰錦德巷4號,10013,1001301,1001301-005,6鄰,錦德巷,,,,,,4號,120.48861511037,22.67431879376
屏東縣屏東市泰安里6鄰錦德巷5號,10013,1001301,1001301-005,6鄰,錦德巷,,,,,,5號,120.4886306265,22.674359662751
屏東縣屏東市泰安里6鄰錦德巷6號,10013,1001301,1001301-005,6鄰,錦德巷,,,,,,6號,120.48864467289,22.674403236304
屏東縣屏東市泰安里6鄰錦德巷7號,10013,1001301,1001301-005,6鄰,錦德巷,,,,,,7號,120.48865442779,22.6744494151
屏東縣屏東市泰安里6鄰錦德巷8號,10013,1001301,1001301-005,6鄰,錦德巷,,,,,,8號,120.48866426059,22.674500832038
