FULL_ADDR,COUNTY,TOWN,VILLAGE,NEIGHBORHOOD,ROAD,SECTION,LANE,ALLEY,SUB_ALLEY,TONG,NUMBER,X,Y
屏東縣潮州鎮新生里20鄰中山八巷2之1號,10013,1001302,1001302-004,20鄰,中山八巷,,,,,,2之1號,120.53671651608,22.550395848102
屏東縣潮州鎮新生里20鄰中山八巷3號,10013,1001302,1001302-004,20鄰,中山八巷,,,,,,3號,120.53682873151,22.550449815631
屏東縣潮州鎮新生里20鄰中山八巷4號,10013,1001302,1001302-004,20鄰,中山八巷,,,,,,4號,120.53699061884,22.550361596953
屏東縣潮州鎮新生里20鄰中山八巷4之1號,10013,1001302,1001302-004,20鄰,中山八巷,,,,,,4之1號,120.53695183309,22.55035913723
屏東縣潮州鎮新生里20鄰中山八巷4之2號,10013,1001302,1001302-004,20鄰,中山八巷,,,,,,4之2號,120.5369119462,22.550366156915
屏東縣潮州鎮新生里20鄰中山八巷5之2號,10013,1001302,1001302-004,20鄰,中山八巷,,,,,,5之2號,120.5367519586,22.551021168754
屏東縣潮州鎮新生里9鄰中山八巷5之4號,10013,1001302,1001302-004,9鄰,中山八巷,,,,,,5之4號,120.53684796628,22.550979089689
屏東縣潮州鎮新生里20鄰中山八巷5之5號,10013,1001302,1001302-004,20鄰,中山八巷,,,,,,5之5號,120.53690941735,22.550978273216
屏東縣潮州鎮新生里18鄰中山八巷9號,10013,1001302,1001302-004,18鄰,中山八巷,,,,,,9號,120.5365586025,22.551448502156
