FULL_ADDR,COUNTY,TOWN,VILLAGE,NEIGHBORHOOD,ROAD,SECTION,LANE,ALLEY,SUB_ALLEY,TONG,NUMBER,X,Y
花蓮縣新城鄉嘉里村33鄰嘉里路機場3號,10015,1001504,1001504-006,33鄰,嘉里路機場,,,,,,3號,121.61060551049,24.02623987073
花蓮縣新城鄉嘉里村33鄰嘉里路機場5號,10015,1001504,1001504-006,33鄰,嘉里路機場,,,,,,5號,121.61184483942,24.027106957418
花蓮縣新城鄉嘉里村33鄰嘉里路機場6號,10015,1001504,1001504-006,33鄰,嘉里路機場,,,,,,6號,121.61102349266,24.025639279227
