FULL_ADDR,COUNTY,TOWN,VILLAGE,NEIGHBORHOOD,ROAD,SECTION,LANE,ALLEY,SUB_ALLEY,TONG,NUMBER,X,Y
嘉義縣水上鄉寬士村18鄰崎仔頭10號,10010,1001012,1001012-018,18鄰,崎仔頭,,,,,,10號,120.43195001551,23.447031492372
嘉義縣水上鄉寬士村9鄰崎仔頭22號,10010,1001012,1001012-018,9鄰,崎仔頭,,,,,,22號,120.42973754839,23.447553570007
