FULL_ADDR,COUNTY,TOWN,VILLAGE,NEIGHBORHOOD,ROAD,SECTION,LANE,ALLEY,SUB_ALLEY,TONG,NUMBER,X,Y
屏東縣潮州鎮三和里17鄰西華路6號,10013,1001302,1001302-009,17鄰,西華路,,,,,,6號,120.53902411734,22.555022394482
屏東縣潮州鎮三和里17鄰西華路8號,10013,1001302,1001302-009,17鄰,西華路,,,,,,8號,120.53902449097,22.555056261924
屏東縣潮州鎮三和里17鄰西華路10號,10013,1001302,1001302-009,17鄰,西華路,,,,,,10號,120.5390258309,22.555091938343
屏東縣潮州鎮三和里17鄰西華路12號,10013,1001302,1001302-009,17鄰,西華路,,,,,,12號,120.53902521722,22.555130318472
屏東縣潮州鎮三和里17鄰西華路14號,10013,1001302,1001302-009,17鄰,西華路,,,,,,14號,120.53902716844,22.555157597783
屏東縣潮州鎮三和里17鄰西華路16號,10013,1001302,1001302-009,17鄰,西華路,,,,,,16號,120.53902967064,22.555194632188
屏東縣潮州鎮三和里18鄰西華路18號,10013,1001302,1001302-009,18鄰,西華路,,,,,,18號,120.53902028823,22.555296926889
