FULL_ADDR,COUNTY,TOWN,VILLAGE,NEIGHBORHOOD,ROAD,SECTION,LANE,ALLEY,SUB_ALLEY,TONG,NUMBER,X,Y
屏東縣高樹鄉菜寮村7鄰新改路1之1號,10013,1001311,1001311-008,7鄰,新改路,,,,,,1之1號,120.60397435033,22.851147941898
屏東縣高樹鄉菜寮村7鄰新改路2號,10013,1001311,1001311-008,7鄰,新改路,,,,,,2號,120.60392149236,22.851297991838
屏東縣高樹鄉菜寮村7鄰新改路3號,10013,1001311,1001311-008,7鄰,新改路,,,,,,3號,120.6036936297,22.851145437148
屏東縣高樹鄉菜寮村8鄰新改路4號,10013,1001311,1001311-008,8鄰,新改路,,,,,,4號,120.60317991411,22.850979617102
屏東縣高樹鄉菜寮村8鄰新改路4之1號,10013,1001311,1001311-008,8鄰,新改路,,,,,,4之1號,120.60340344399,22.851013136387
屏東縣高樹鄉菜寮村8鄰新改路5號,10013,1001311,1001311-008,8鄰,新改路,,,,,,5號,120.60303042583,22.85095079753
