FULL_ADDR,COUNTY,TOWN,VILLAGE,NEIGHBORHOOD,ROAD,SECTION,LANE,ALLEY,SUB_ALLEY,TONG,NUMBER,X,Y
嘉義縣水上鄉水上村19鄰一心街1號,10010,1001012,1001012-001,19鄰,一心街,,,,,,1號,120.39818061022,23.422104316549
嘉義縣水上鄉水上村19鄰一心街2號,10010,1001012,1001012-001,19鄰,一心街,,,,,,2號,120.3982675967,23.422105283786
嘉義縣水上鄉水上村19鄰一心街2之1號,10010,1001012,1001012-001,19鄰,一心街,,,,,,2之1號,120.39828805409,23.422147171079
嘉義縣水上鄉水上村19鄰一心街3號,10010,1001012,1001012-001,19鄰,一心街,,,,,,3號,120.39817966031,23.422141245218
嘉義縣水上鄉水上村19鄰一心街5號,10010,1001012,1001012-001,19鄰,一心街,,,,,,5號,120.39817865115,23.422191267027
