FULL_ADDR,COUNTY,TOWN,VILLAGE,NEIGHBORHOOD,ROAD,SECTION,LANE,ALLEY,SUB_ALLEY,TONG,NUMBER,X,Y
花蓮縣瑞穗鄉瑞美村17鄰中強路38巷36號,10015,1001509,1001509-002,17鄰,中強路,,38巷,,,,36號,121.38005893077,23.488936733112
花蓮縣瑞穗鄉瑞美村17鄰中強路38巷38號,10015,1001509,1001509-002,17鄰,中強路,,38巷,,,,38號,121.38018360136,23.488830768566
花蓮縣瑞穗鄉瑞美村17鄰中強路80號,10015,1001509,1001509-002,17鄰,中強路,,,,,,80號,121.38274707734,23.494283510861
花蓮縣瑞穗鄉瑞美村17鄰中強路86號,10015,1001509,1001509-002,17鄰,中強路,,,,,,86號,121.38272342069,23.49416410166
花蓮縣瑞穗鄉瑞美村18鄰中強路110號,10015,1001509,1001509-002,18鄰,中強路,,,,,,110號,121.38198573415,23.493569523281
花蓮縣瑞穗鄉瑞美村18鄰中強路120號,10015,1001509,1001509-002,18鄰,中強路,,,,,,120號,121.38096640165,23.492878295356
花蓮縣瑞穗鄉瑞美村17鄰中強路129號,10015,1001509,1001509-002,17鄰,中強路,,,,,,129號,121.38201094885,23.492493767879
花蓮縣瑞穗鄉瑞美村17鄰中強路251號,10015,1001509,1001509-002,17鄰,中強路,,,,,,251號,121.38113814446,23.490496023157
花蓮縣瑞穗鄉瑞美村18鄰中強路510號,10015,1001509,1001509-002,18鄰,中強路,,,,,,510號,121.37895668764,23.488347254167
