FULL_ADDR,COUNTY,TOWN,VILLAGE,NEIGHBORHOOD,ROAD,SECTION,LANE,ALLEY,SUB_ALLEY,TONG,NUMBER,X,Y
屏東縣屏東市橋南里19鄰工業三路1號,10013,1001301,1001301-020,19鄰,工業三路,,,,,,1號,120.50153092542,22.659931972788
屏東縣屏東市橋南里19鄰工業三路2號,10013,1001301,1001301-020,19鄰,工業三路,,,,,,2號,120.50178235853,22.660390801006
屏東縣屏東市橋南里19鄰工業三路3號,10013,1001301,1001301-020,19鄰,工業三路,,,,,,3號,120.50129443267,22.659755225068
屏東縣屏東市橋南里19鄰工業三路5號,10013,1001301,1001301-020,19鄰,工業三路,,,,,,5號,120.50035965048,22.659265277682
屏東縣屏東市橋南里19鄰工業三路6號,10013,1001301,1001301-020,19鄰,工業三路,,,,,,6號,120.50128395018,22.660232655066
屏東縣屏東市橋南里19鄰工業三路7號,10013,1001301,1001301-020,19鄰,工業三路,,,,,,7號,120.50022131016,22.65917742735
屏東縣屏東市橋南里19鄰工業三路8號,10013,1001301,1001301-020,19鄰,工業三路,,,,,,8號,120.50003403439,22.659651415851
屏東縣屏東市橋南里19鄰工業三路9號,10013,1001301,1001301-020,19鄰,工業三路,,,,,,9號,120.49976948381,22.658786696275
屏東縣屏東市橋南里19鄰工業三路12號,10013,1001301,1001301-020,19鄰,工業三路,,,,,,12號,120.49949085078,22.65933779356
屏東縣屏東市橋南里19鄰工業三路14號,10013,1001301,1001301-020,19鄰,工業三路,,,,,,14號,120.4993221891,22.659212911453
屏東縣屏東市橋南里19鄰工業三路16號,10013,1001301,1001301-020,19鄰,工業三路,,,,,,16號,120.49901063785,22.658940288859
屏東縣屏東市橋南里19鄰工業三路18號,10013,1001301,1001301-020,19鄰,工業三路,,,,,,18號,120.49904025784,22.65852721874
屏東縣屏東市橋南里19鄰工業三路22號,10013,1001301,1001301-020,19鄰,工業三路,,,,,,22號,120.4993943447,22.658017719351
