FULL_ADDR,COUNTY,TOWN,VILLAGE,NEIGHBORHOOD,ROAD,SECTION,LANE,ALLEY,SUB_ALLEY,TONG,NUMBER,X,Y
基隆市中山區仙洞里12鄰仙洞街53號,10017,1001705,1001705-014,12鄰,仙洞街,,,,,,53號,121.74690684958,25.14732274256
基隆市中山區仙洞里12鄰仙洞街55號,10017,1001705,1001705-014,12鄰,仙洞街,,,,,,55號,121.74687983927,25.147429793927
基隆市中山區仙洞里12鄰仙洞街57號,10017,1001705,1001705-014,12鄰,仙洞街,,,,,,57號,121.74692822364,25.147415683385
基隆市中山區仙洞里12鄰仙洞街59號,10017,1001705,1001705-014,12鄰,仙洞街,,,,,,59號,121.74706828632,25.147342015076
基隆市中山區仙洞里12鄰仙洞街61號,10017,1001705,1001705-014,12鄰,仙洞街,,,,,,61號,121.74703315771,25.147389533558
基隆市中山區仙洞里12鄰仙洞街63號,10017,1001705,1001705-014,12鄰,仙洞街,,,,,,63號,121.74703265385,25.147425701104
基隆市中山區仙洞里12鄰仙洞街65號,10017,1001705,1001705-014,12鄰,仙洞街,,,,,,65號,121.74705686261,25.147484096622
