FULL_ADDR,COUNTY,TOWN,VILLAGE,NEIGHBORHOOD,ROAD,SECTION,LANE,ALLEY,SUB_ALLEY,TONG,NUMBER,X,Y
嘉義縣大埔鄉西興村8鄰三腳石7號,10010,1001017,1001017-005,8鄰,三腳石,,,,,,7號,120.52089109012,23.238504430647
嘉義縣大埔鄉西興村8鄰三腳石8號,10010,1001017,1001017-005,8鄰,三腳石,,,,,,8號,120.52068754332,23.237929125102
