FULL_ADDR,COUNTY,TOWN,VILLAGE,NEIGHBORHOOD,ROAD,SECTION,LANE,ALLEY,SUB_ALLEY,TONG,NUMBER,X,Y
嘉義縣竹崎鄉坑頭村3鄰芎蕉湖1號,10010,1001014,1001014-003,3鄰,芎蕉湖,,,,,,1號,120.55078308801,23.539321578962
嘉義縣竹崎鄉坑頭村3鄰芎蕉湖3號,10010,1001014,1001014-003,3鄰,芎蕉湖,,,,,,3號,120.55081376211,23.539460276885
嘉義縣竹崎鄉坑頭村3鄰芎蕉湖5號,10010,1001014,1001014-003,3鄰,芎蕉湖,,,,,,5號,120.55060676616,23.539445321603
嘉義縣竹崎鄉坑頭村3鄰芎蕉湖6號,10010,1001014,1001014-003,3鄰,芎蕉湖,,,,,,6號,120.55135808734,23.539468980946
嘉義縣竹崎鄉坑頭村3鄰芎蕉湖8號,10010,1001014,1001014-003,3鄰,芎蕉湖,,,,,,8號,120.5507467312,23.539587224724
嘉義縣竹崎鄉坑頭村3鄰芎蕉湖11號,10010,1001014,1001014-003,3鄰,芎蕉湖,,,,,,11號,120.55042866722,23.539544316907
嘉義縣竹崎鄉坑頭村3鄰芎蕉湖12號,10010,1001014,1001014-003,3鄰,芎蕉湖,,,,,,12號,120.55046284523,23.539372395565
嘉義縣竹崎鄉坑頭村3鄰芎蕉湖14號,10010,1001014,1001014-003,3鄰,芎蕉湖,,,,,,14號,120.54734689813,23.538503442515
嘉義縣竹崎鄉坑頭村3鄰芎蕉湖14之1號,10010,1001014,1001014-003,3鄰,芎蕉湖,,,,,,14之1號,120.54727374787,23.538500249827
