FULL_ADDR,COUNTY,TOWN,VILLAGE,NEIGHBORHOOD,ROAD,SECTION,LANE,ALLEY,SUB_ALLEY,TONG,NUMBER,X,Y
花蓮縣壽豐鄉豐坪村10鄰東豐街97之1號,10015,1001506,1001506-005,10鄰,東豐街,,,,,,97之1號,121.51102498791,23.83002129085
花蓮縣壽豐鄉豐坪村11鄰東豐街100號,10015,1001506,1001506-005,11鄰,東豐街,,,,,,100號,121.51074473594,23.829438694967
花蓮縣壽豐鄉豐坪村5鄰東豐街188號,10015,1001506,1001506-005,5鄰,東豐街,,,,,,188號,121.50812287349,23.826787374325
花蓮縣壽豐鄉豐坪村5鄰東豐街257號,10015,1001506,1001506-005,5鄰,東豐街,,,,,,257號,121.50775979247,23.824540810432
花蓮縣壽豐鄉豐坪村5鄰東豐街262號,10015,1001506,1001506-005,5鄰,東豐街,,,,,,262號,121.50683533528,23.824759793677
