FULL_ADDR,COUNTY,TOWN,VILLAGE,NEIGHBORHOOD,ROAD,SECTION,LANE,ALLEY,SUB_ALLEY,TONG,NUMBER,X,Y
臺東縣鹿野鄉龍田村10鄰柑園路80號,10014,1001405,1001405-007,10鄰,柑園路,,,,,,80號,121.11291529625,22.902653343883
臺東縣鹿野鄉龍田村10鄰柑園路86號,10014,1001405,1001405-007,10鄰,柑園路,,,,,,86號,121.11292484964,22.902830449836
臺東縣鹿野鄉龍田村10鄰柑園路91號,10014,1001405,1001405-007,10鄰,柑園路,,,,,,91號,121.11293372048,22.903466431041
臺東縣鹿野鄉龍田村10鄰柑園路99號,10014,1001405,1001405-007,10鄰,柑園路,,,,,,99號,121.11304039437,22.903962292483
