FULL_ADDR,COUNTY,TOWN,VILLAGE,NEIGHBORHOOD,ROAD,SECTION,LANE,ALLEY,SUB_ALLEY,TONG,NUMBER,X,Y
新竹市東區科園里24鄰竹村五路2號,10018,1001801,1001801-047,24鄰,竹村五路,,,,,,2號,121.00827039653,24.779125841416
新竹市東區科園里24鄰竹村五路4號,10018,1001801,1001801-047,24鄰,竹村五路,,,,,,4號,121.00837768959,24.779043584451
新竹市東區科園里24鄰竹村五路6號,10018,1001801,1001801-047,24鄰,竹村五路,,,,,,6號,121.00844849167,24.778969094111
新竹市東區科園里24鄰竹村五路8號,10018,1001801,1001801-047,24鄰,竹村五路,,,,,,8號,121.00855153129,24.778875009728
新竹市東區科園里24鄰竹村五路10號,10018,1001801,1001801-047,24鄰,竹村五路,,,,,,10號,121.00862658583,24.778804491665
新竹市東區科園里24鄰竹村五路12號,10018,1001801,1001801-047,24鄰,竹村五路,,,,,,12號,121.00872527391,24.778710407411
新竹市東區科園里24鄰竹村五路14號,10018,1001801,1001801-047,24鄰,竹村五路,,,,,,14號,121.00879825151,24.778639889382
新竹市東區科園里24鄰竹村五路16號,10018,1001801,1001801-047,24鄰,竹村五路,,,,,,16號,121.00889911524,24.77854977749
新竹市東區科園里24鄰竹村五路19號,10018,1001801,1001801-047,24鄰,竹村五路,,,,,,19號,121.00930903484,24.778700621315
