FULL_ADDR,COUNTY,TOWN,VILLAGE,NEIGHBORHOOD,ROAD,SECTION,LANE,ALLEY,SUB_ALLEY,TONG,NUMBER,X,Y
屏東縣枋山鄉楓港村18鄰港新路2號,10013,1001325,1001325-003,18鄰,港新路,,,,,,2號,120.6885775989,22.205680022019
屏東縣枋山鄉楓港村18鄰港新路100號,10013,1001325,1001325-003,18鄰,港新路,,,,,,100號,120.69573750603,22.207703438681
屏東縣枋山鄉楓港村18鄰港新路120號,10013,1001325,1001325-003,18鄰,港新路,,,,,,120號,120.69745514381,22.208510717602
