FULL_ADDR,COUNTY,TOWN,VILLAGE,NEIGHBORHOOD,ROAD,SECTION,LANE,ALLEY,SUB_ALLEY,TONG,NUMBER,X,Y
屏東縣屏東市扶風里4鄰福清巷32號,10013,1001301,1001301-016,4鄰,福清巷,,,,,,32號,120.49396667539,22.671947942886
屏東縣屏東市扶風里4鄰福清巷34號,10013,1001301,1001301-016,4鄰,福清巷,,,,,,34號,120.49396563552,22.671913080483
屏東縣屏東市扶風里4鄰福清巷40號,10013,1001301,1001301-016,4鄰,福清巷,,,,,,40號,120.49402748759,22.671870650227
屏東縣屏東市扶風里4鄰福清巷42號,10013,1001301,1001301-016,4鄰,福清巷,,,,,,42號,120.49399364792,22.671863770181
