FULL_ADDR,COUNTY,TOWN,VILLAGE,NEIGHBORHOOD,ROAD,SECTION,LANE,ALLEY,SUB_ALLEY,TONG,NUMBER,X,Y
嘉義縣新港鄉中洋村1鄰中洋工業區1號,10010,1001007,1001007-017,1鄰,中洋工業區,,,,,,1號,118.75456607061,0
嘉義縣新港鄉中洋村2鄰中洋工業區2號,10010,1001007,1001007-017,2鄰,中洋工業區,,,,,,2號,120.37211111681,23.513362681757
嘉義縣新港鄉中洋村2鄰中洋工業區3號,10010,1001007,1001007-017,2鄰,中洋工業區,,,,,,3號,120.38611877028,23.51827023552
嘉義縣新港鄉中洋村2鄰中洋工業區5號,10010,1001007,1001007-017,2鄰,中洋工業區,,,,,,5號,120.38730541575,23.517717681362
