FULL_ADDR,COUNTY,TOWN,VILLAGE,NEIGHBORHOOD,ROAD,SECTION,LANE,ALLEY,SUB_ALLEY,TONG,NUMBER,X,Y
花蓮縣鳳林鎮北林里1鄰大聖路2號,10015,1001502,1001502-008,1鄰,大聖路,,,,,,2號,121.47354429134,23.767996769255
花蓮縣鳳林鎮北林里1鄰大聖路3號,10015,1001502,1001502-008,1鄰,大聖路,,,,,,3號,121.47824366226,23.766230558814
花蓮縣鳳林鎮北林里1鄰大聖路7號,10015,1001502,1001502-008,1鄰,大聖路,,,,,,7號,121.47210988394,23.768155214917
花蓮縣鳳林鎮北林里1鄰大聖路8號,10015,1001502,1001502-008,1鄰,大聖路,,,,,,8號,121.47228091625,23.768327898643
花蓮縣鳳林鎮北林里1鄰大聖路9號,10015,1001502,1001502-008,1鄰,大聖路,,,,,,9號,121.47178270653,23.768207764823
花蓮縣鳳林鎮北林里1鄰大聖路10號,10015,1001502,1001502-008,1鄰,大聖路,,,,,,10號,121.47200839901,23.768481847298
