FULL_ADDR,COUNTY,TOWN,VILLAGE,NEIGHBORHOOD,ROAD,SECTION,LANE,ALLEY,SUB_ALLEY,TONG,NUMBER,X,Y
澎湖縣七美鄉東湖村8鄰淮美3號,10016,1001606,1001606-001,8鄰,淮美,,,,,,3號,119.43801149941,23.216385498625
澎湖縣七美鄉東湖村8鄰淮美4號,10016,1001606,1001606-001,8鄰,淮美,,,,,,4號,119.43718662533,23.216242898961
澎湖縣七美鄉東湖村8鄰淮美5號,10016,1001606,1001606-001,8鄰,淮美,,,,,,5號,119.43704077944,23.216095951327
澎湖縣七美鄉東湖村9鄰淮美13號,10016,1001606,1001606-001,9鄰,淮美,,,,,,13號,119.43602739182,23.214486526795
澎湖縣七美鄉東湖村9鄰淮美15號,10016,1001606,1001606-001,9鄰,淮美,,,,,,15號,119.43587848956,23.21483800133
澎湖縣七美鄉東湖村9鄰淮美16號,10016,1001606,1001606-001,9鄰,淮美,,,,,,16號,119.43617221523,23.215158976058
澎湖縣七美鄉東湖村9鄰淮美17號,10016,1001606,1001606-001,9鄰,淮美,,,,,,17號,119.43634042814,23.215197664546
澎湖縣七美鄉東湖村9鄰淮美18號,10016,1001606,1001606-001,9鄰,淮美,,,,,,18號,119.43652237858,23.215295614872
澎湖縣七美鄉東湖村9鄰淮美19號,10016,1001606,1001606-001,9鄰,淮美,,,,,,19號,119.43668236783,23.215468515074
