FULL_ADDR,COUNTY,TOWN,VILLAGE,NEIGHBORHOOD,ROAD,SECTION,LANE,ALLEY,SUB_ALLEY,TONG,NUMBER,X,Y
花蓮縣吉安鄉永興村7鄰文興街11號,10015,1001505,1001505-010,7鄰,文興街,,,,,,11號,121.56445716762,23.956422725497
花蓮縣吉安鄉永興村7鄰文興街51號,10015,1001505,1001505-010,7鄰,文興街,,,,,,51號,121.56340446074,23.956921083437
