FULL_ADDR,COUNTY,TOWN,VILLAGE,NEIGHBORHOOD,ROAD,SECTION,LANE,ALLEY,SUB_ALLEY,TONG,NUMBER,X,Y
花蓮縣壽豐鄉豐裡村12鄰豐德街1號,10015,1001506,1001506-004,12鄰,豐德街,,,,,,1號,121.49982316414,23.849062640064
花蓮縣壽豐鄉豐裡村12鄰豐德街3號,10015,1001506,1001506-004,12鄰,豐德街,,,,,,3號,121.49978265501,23.849087313724
花蓮縣壽豐鄉豐裡村12鄰豐德街5號,10015,1001506,1001506-004,12鄰,豐德街,,,,,,5號,121.49974214587,23.849111987374
花蓮縣壽豐鄉豐裡村12鄰豐德街7號,10015,1001506,1001506-004,12鄰,豐德街,,,,,,7號,121.49970163671,23.849136661014
花蓮縣壽豐鄉豐裡村12鄰豐德街9號,10015,1001506,1001506-004,12鄰,豐德街,,,,,,9號,121.49966112754,23.849161334643
花蓮縣壽豐鄉豐裡村12鄰豐德街11號,10015,1001506,1001506-004,12鄰,豐德街,,,,,,11號,121.49962061836,23.849186008262
花蓮縣壽豐鄉豐裡村12鄰豐德街13號,10015,1001506,1001506-004,12鄰,豐德街,,,,,,13號,121.49958010915,23.84921068187
