FULL_ADDR,COUNTY,TOWN,VILLAGE,NEIGHBORHOOD,ROAD,SECTION,LANE,ALLEY,SUB_ALLEY,TONG,NUMBER,X,Y
屏東縣東港鎮興臺里16鄰共興一街6號,10013,1001303,1001303-005,16鄰,共興一街,,,,,,6號,120.45417432183,22.464559417023
屏東縣東港鎮共和里10鄰共興一街1之1號,10013,1001303,1001303-022,10鄰,共興一街,,,,,,1之1號,120.45445779893,22.464300823518
