FULL_ADDR,COUNTY,TOWN,VILLAGE,NEIGHBORHOOD,ROAD,SECTION,LANE,ALLEY,SUB_ALLEY,TONG,NUMBER,X,Y
花蓮縣新城鄉大漢村14鄰華富街2號,10015,1001504,1001504-008,14鄰,華富街,,,,,,2號,121.60926134517,24.031473716206
花蓮縣新城鄉大漢村14鄰華富街16號,10015,1001504,1001504-008,14鄰,華富街,,,,,,16號,121.60913751347,24.031902788581
花蓮縣新城鄉大漢村14鄰華富街32號,10015,1001504,1001504-008,14鄰,華富街,,,,,,32號,121.60888340229,24.032029458234
花蓮縣新城鄉大漢村14鄰華富街46之1號,10015,1001504,1001504-008,14鄰,華富街,,,,,,46之1號,121.60791718644,24.033262828898
