FULL_ADDR,COUNTY,TOWN,VILLAGE,NEIGHBORHOOD,ROAD,SECTION,LANE,ALLEY,SUB_ALLEY,TONG,NUMBER,X,Y
臺東縣大武鄉大武村7鄰民生街15號,10014,1001410,1001410-003,7鄰,民生街,,,,,,15號,120.90545925074,22.362235602192
臺東縣大武鄉大武村7鄰民生街17號,10014,1001410,1001410-003,7鄰,民生街,,,,,,17號,120.90542575047,22.362208470223
臺東縣大武鄉大武村7鄰民生街49號,10014,1001410,1001410-003,7鄰,民生街,,,,,,49號,120.90323354684,22.36258716395
臺東縣大武鄉大武村7鄰民生街51號,10014,1001410,1001410-003,7鄰,民生街,,,,,,51號,120.90281529979,22.362575597035
臺東縣大武鄉大武村7鄰民生街65號,10014,1001410,1001410-003,7鄰,民生街,,,,,,65號,120.89971759178,22.363062661416
