FULL_ADDR,COUNTY,TOWN,VILLAGE,NEIGHBORHOOD,ROAD,SECTION,LANE,ALLEY,SUB_ALLEY,TONG,NUMBER,X,Y
澎湖縣望安鄉東吉村22鄰西吉10號,10016,1001605,1001605-008,22鄰,西吉,,,,,,10號,119.61764925006,23.247188424151
澎湖縣望安鄉東吉村23鄰西吉30號,10016,1001605,1001605-008,23鄰,西吉,,,,,,30號,119.61677414457,23.248157482098
澎湖縣望安鄉東吉村24鄰西吉43號,10016,1001605,1001605-008,24鄰,西吉,,,,,,43號,119.61804172525,23.248420105967
