FULL_ADDR,COUNTY,TOWN,VILLAGE,NEIGHBORHOOD,ROAD,SECTION,LANE,ALLEY,SUB_ALLEY,TONG,NUMBER,X,Y
屏東縣九如鄉三塊村8鄰堤防一巷9號,10013,1001308,1001308-006,8鄰,堤防一巷,,,,,,9號,120.4722023446,22.749724592664
屏東縣九如鄉三塊村8鄰堤防一巷12號,10013,1001308,1001308-006,8鄰,堤防一巷,,,,,,12號,120.46923877475,22.753149436825
屏東縣九如鄉三塊村8鄰堤防一巷16號,10013,1001308,1001308-006,8鄰,堤防一巷,,,,,,16號,120.47208639942,22.75085991662
屏東縣九如鄉三塊村8鄰堤防一巷18之36號,10013,1001308,1001308-006,8鄰,堤防一巷,,,,,,18之36號,120.47508397447,22.752851774143
屏東縣九如鄉三塊村8鄰堤防一巷20號,10013,1001308,1001308-006,8鄰,堤防一巷,,,,,,20號,120.47369357116,22.752663242366
屏東縣九如鄉三塊村8鄰堤防一巷19弄21號,10013,1001308,1001308-006,8鄰,堤防一巷,,,19弄,,,21號,120.4730726715,22.748161623766
屏東縣九如鄉三塊村8鄰堤防一巷22號,10013,1001308,1001308-006,8鄰,堤防一巷,,,,,,22號,120.47395965102,22.752468151636
屏東縣九如鄉三塊村8鄰堤防一巷51號,10013,1001308,1001308-006,8鄰,堤防一巷,,,,,,51號,120.4767004104,22.748378546599
