FULL_ADDR,COUNTY,TOWN,VILLAGE,NEIGHBORHOOD,ROAD,SECTION,LANE,ALLEY,SUB_ALLEY,TONG,NUMBER,X,Y
新竹市香山區港南里1鄰海埔二街23號,10018,1001803,1001803-001,1鄰,海埔二街,,,,,,23號,120.92761979068,24.815357144413
新竹市香山區港南里1鄰海埔二街25號,10018,1001803,1001803-001,1鄰,海埔二街,,,,,,25號,120.92761976624,24.815399217684
新竹市香山區港南里1鄰海埔二街26號,10018,1001803,1001803-001,1鄰,海埔二街,,,,,,26號,120.92779180435,24.815375465328
新竹市香山區港南里1鄰海埔二街27號,10018,1001803,1001803-001,1鄰,海埔二街,,,,,,27號,120.92762597495,24.815439397965
新竹市香山區港南里1鄰海埔二街29號,10018,1001803,1001803-001,1鄰,海埔二街,,,,,,29號,120.92762386766,24.815490950259
新竹市香山區港南里1鄰海埔二街31號,10018,1001803,1001803-001,1鄰,海埔二街,,,,,,31號,120.92762384432,24.815531127523
新竹市香山區港南里2鄰海埔二街51號,10018,1001803,1001803-001,2鄰,海埔二街,,,,,,51號,120.92760408866,24.815992569759
新竹市香山區港南里2鄰海埔二街53號,10018,1001803,1001803-001,2鄰,海埔二街,,,,,,53號,120.92760832011,24.816030762788
