FULL_ADDR,COUNTY,TOWN,VILLAGE,NEIGHBORHOOD,ROAD,SECTION,LANE,ALLEY,SUB_ALLEY,TONG,NUMBER,X,Y
嘉義縣竹崎鄉光華村14鄰水車寮1號,10010,1001014,1001014-024,14鄰,水車寮,,,,,,1號,120.65830378224,23.501926261927
嘉義縣竹崎鄉光華村14鄰水車寮2號,10010,1001014,1001014-024,14鄰,水車寮,,,,,,2號,120.6595576197,23.504002577193
嘉義縣竹崎鄉光華村14鄰水車寮3號,10010,1001014,1001014-024,14鄰,水車寮,,,,,,3號,120.65919372652,23.50359922196
嘉義縣竹崎鄉光華村14鄰水車寮5號,10010,1001014,1001014-024,14鄰,水車寮,,,,,,5號,120.6595127572,23.503628273937
嘉義縣竹崎鄉光華村14鄰水車寮6號,10010,1001014,1001014-024,14鄰,水車寮,,,,,,6號,120.65919375038,23.503780274481
嘉義縣竹崎鄉光華村14鄰水車寮8號,10010,1001014,1001014-024,14鄰,水車寮,,,,,,8號,120.65932975053,23.503972279878
嘉義縣竹崎鄉光華村14鄰水車寮20號,10010,1001014,1001014-024,14鄰,水車寮,,,,,,20號,120.65958727922,23.503548701471
