FULL_ADDR,COUNTY,TOWN,VILLAGE,NEIGHBORHOOD,ROAD,SECTION,LANE,ALLEY,SUB_ALLEY,TONG,NUMBER,X,Y
屏東縣恆春鎮鵝鑾里7鄰籠埔路41號,10013,1001304,1001304-017,7鄰,籠埔路,,,,,,41號,120.82839139965,21.938498821066
屏東縣恆春鎮鵝鑾里7鄰籠埔路61號,10013,1001304,1001304-017,7鄰,籠埔路,,,,,,61號,120.82795082701,21.939140166965
屏東縣恆春鎮鵝鑾里7鄰籠埔路62號,10013,1001304,1001304-017,7鄰,籠埔路,,,,,,62號,120.8290153741,21.940082852778
屏東縣恆春鎮鵝鑾里7鄰籠埔路67號,10013,1001304,1001304-017,7鄰,籠埔路,,,,,,67號,120.82795913745,21.939313768675
屏東縣恆春鎮鵝鑾里7鄰籠埔路69號,10013,1001304,1001304-017,7鄰,籠埔路,,,,,,69號,120.8277254916,21.939271074056
屏東縣恆春鎮鵝鑾里7鄰籠埔路71號,10013,1001304,1001304-017,7鄰,籠埔路,,,,,,71號,120.82780702155,21.93917677619
屏東縣恆春鎮鵝鑾里7鄰籠埔路101號,10013,1001304,1001304-017,7鄰,籠埔路,,,,,,101號,120.82665663715,21.939338683043
屏東縣恆春鎮鵝鑾里7鄰籠埔路103號,10013,1001304,1001304-017,7鄰,籠埔路,,,,,,103號,120.82655513027,21.939380664588
