FULL_ADDR,COUNTY,TOWN,VILLAGE,NEIGHBORHOOD,ROAD,SECTION,LANE,ALLEY,SUB_ALLEY,TONG,NUMBER,X,Y
屏東縣長治鄉德和村6鄰農園路5號,10013,1001306,1001306-011,6鄰,農園路,,,,,,5號,120.54367928745,22.716876278145
屏東縣長治鄉德和村6鄰農園路8號,10013,1001306,1001306-011,6鄰,農園路,,,,,,8號,120.54472239627,22.717389584808
屏東縣長治鄉德和村6鄰農園路12號,10013,1001306,1001306-011,6鄰,農園路,,,,,,12號,120.54255428248,22.718014293154
屏東縣長治鄉德和村6鄰農園路16號,10013,1001306,1001306-011,6鄰,農園路,,,,,,16號,120.54102598632,22.718090830567
屏東縣長治鄉德和村6鄰農園路27號,10013,1001306,1001306-011,6鄰,農園路,,,,,,27號,120.54213759675,22.717179101356
屏東縣長治鄉德和村6鄰農園路31號,10013,1001306,1001306-011,6鄰,農園路,,,,,,31號,120.54082764232,22.716880307572
