FULL_ADDR,COUNTY,TOWN,VILLAGE,NEIGHBORHOOD,ROAD,SECTION,LANE,ALLEY,SUB_ALLEY,TONG,NUMBER,X,Y
屏東縣高樹鄉南華村8鄰巴黎巷1號,10013,1001311,1001311-013,8鄰,巴黎巷,,,,,,1號,120.59068725518,22.777021430948
屏東縣高樹鄉南華村8鄰巴黎巷1之1號,10013,1001311,1001311-013,8鄰,巴黎巷,,,,,,1之1號,120.59213467151,22.777699016976
屏東縣高樹鄉南華村8鄰巴黎巷1之2號,10013,1001311,1001311-013,8鄰,巴黎巷,,,,,,1之2號,120.59131948932,22.776272860259
