FULL_ADDR,COUNTY,TOWN,VILLAGE,NEIGHBORHOOD,ROAD,SECTION,LANE,ALLEY,SUB_ALLEY,TONG,NUMBER,X,Y
花蓮縣壽豐鄉豐坪村6鄰東新街12號,10015,1001506,1001506-005,6鄰,東新街,,,,,,12號,121.51278932011,23.836187864535
花蓮縣壽豐鄉豐坪村7鄰東新街52號,10015,1001506,1001506-005,7鄰,東新街,,,,,,52號,121.51104469878,23.833932448554
花蓮縣壽豐鄉豐坪村11鄰東新街65號,10015,1001506,1001506-005,11鄰,東新街,,,,,,65號,121.50987358525,23.830106531794
