FULL_ADDR,COUNTY,TOWN,VILLAGE,NEIGHBORHOOD,ROAD,SECTION,LANE,ALLEY,SUB_ALLEY,TONG,NUMBER,X,Y
屏東縣萬丹鄉厦北村8鄰北順路21號,10013,1001305,1001305-012,8鄰,北順路,,,,,,21號,120.4650995979,22.602607965794
屏東縣萬丹鄉厦北村8鄰北順路23號,10013,1001305,1001305-012,8鄰,北順路,,,,,,23號,120.46494146137,22.602679686124
屏東縣萬丹鄉厦北村8鄰北順路25號,10013,1001305,1001305-012,8鄰,北順路,,,,,,25號,120.46478870345,22.602693536111
屏東縣萬丹鄉厦北村8鄰北順路26之1號,10013,1001305,1001305-012,8鄰,北順路,,,,,,26之1號,120.4653271925,22.603112287294
屏東縣萬丹鄉厦北村8鄰北順路32號,10013,1001305,1001305-012,8鄰,北順路,,,,,,32號,120.46481130259,22.602961468147
屏東縣萬丹鄉厦北村11鄰北順路121號,10013,1001305,1001305-012,11鄰,北順路,,,,,,121號,120.46098054755,22.601914614347
屏東縣萬丹鄉厦北村11鄰北順路146號,10013,1001305,1001305-012,11鄰,北順路,,,,,,146號,120.46250846682,22.603064403807
屏東縣萬丹鄉厦北村11鄰北順路152號,10013,1001305,1001305-012,11鄰,北順路,,,,,,152號,120.46242043447,22.603417127106
