FULL_ADDR,COUNTY,TOWN,VILLAGE,NEIGHBORHOOD,ROAD,SECTION,LANE,ALLEY,SUB_ALLEY,TONG,NUMBER,X,Y
臺東縣臺東市新生里2鄰濟南路61巷125號,10014,1001401,1001401-007,2鄰,濟南路,,61巷,,,,125號,121.1383057327,22.769920043132
臺東縣臺東市新生里2鄰濟南路61巷127號,10014,1001401,1001401-007,2鄰,濟南路,,61巷,,,,127號,121.13829684228,22.76993051774
臺東縣臺東市新生里2鄰濟南路61巷129號,10014,1001401,1001401-007,2鄰,濟南路,,61巷,,,,129號,121.138292956,22.769949233296
