FULL_ADDR,COUNTY,TOWN,VILLAGE,NEIGHBORHOOD,ROAD,SECTION,LANE,ALLEY,SUB_ALLEY,TONG,NUMBER,X,Y
新竹市東區科園里22鄰竹村一路9號,10018,1001801,1001801-047,22鄰,竹村一路,,,,,,9號,121.00731948035,24.783112219336
新竹市東區科園里22鄰竹村一路11號,10018,1001801,1001801-047,22鄰,竹村一路,,,,,,11號,121.00717043451,24.782942126874
新竹市東區科園里22鄰竹村一路33號,10018,1001801,1001801-047,22鄰,竹村一路,,,,,,33號,121.00738812482,24.781623301964
新竹市東區科園里22鄰竹村一路35號,10018,1001801,1001801-047,22鄰,竹村一路,,,,,,35號,121.00752281984,24.781631150179
新竹市東區科園里22鄰竹村一路37號,10018,1001801,1001801-047,22鄰,竹村一路,,,,,,37號,121.00728496423,24.781393076521
新竹市東區科園里22鄰竹村一路39號,10018,1001801,1001801-047,22鄰,竹村一路,,,,,,39號,121.00721038568,24.781183705802
新竹市東區科園里22鄰竹村一路41號,10018,1001801,1001801-047,22鄰,竹村一路,,,,,,41號,121.00718456929,24.781097393173
新竹市東區科園里22鄰竹村一路43號,10018,1001801,1001801-047,22鄰,竹村一路,,,,,,43號,121.00715310966,24.780901111881
新竹市東區科園里22鄰竹村一路45號,10018,1001801,1001801-047,22鄰,竹村一路,,,,,,45號,121.00725912445,24.780906343395
