FULL_ADDR,COUNTY,TOWN,VILLAGE,NEIGHBORHOOD,ROAD,SECTION,LANE,ALLEY,SUB_ALLEY,TONG,NUMBER,X,Y
花蓮縣光復鄉大華村12鄰慶華街11號,10015,1001507,1001507-002,12鄰,慶華街,,,,,,11號,121.422590381,23.667913807674
花蓮縣光復鄉大華村12鄰慶華街13號,10015,1001507,1001507-002,12鄰,慶華街,,,,,,13號,121.42260413621,23.66795976796
花蓮縣光復鄉大華村12鄰慶華街15號,10015,1001507,1001507-002,12鄰,慶華街,,,,,,15號,121.42261788165,23.668005737301
花蓮縣光復鄉大華村12鄰慶華街17號,10015,1001507,1001507-002,12鄰,慶華街,,,,,,17號,121.42263163691,23.668051706613
花蓮縣光復鄉大華村12鄰慶華街19號,10015,1001507,1001507-002,12鄰,慶華街,,,,,,19號,121.42264539215,23.668097666893
花蓮縣光復鄉大華村12鄰慶華街21號,10015,1001507,1001507-002,12鄰,慶華街,,,,,,21號,121.42265913763,23.668143636229
花蓮縣光復鄉大華村12鄰慶華街23號,10015,1001507,1001507-002,12鄰,慶華街,,,,,,23號,121.42267289292,23.668189605536
