FULL_ADDR,COUNTY,TOWN,VILLAGE,NEIGHBORHOOD,ROAD,SECTION,LANE,ALLEY,SUB_ALLEY,TONG,NUMBER,X,Y
嘉義縣民雄鄉北斗村26鄰成功四街16號,10010,1001005,1001005-022,26鄰,成功四街,,,,,,16號,120.45689536726,23.526795516367
嘉義縣民雄鄉福樂村4鄰成功四街1號,10010,1001005,1001005-028,4鄰,成功四街,,,,,,1號,120.45544466737,23.526095239792
嘉義縣民雄鄉福樂村4鄰成功四街2號,10010,1001005,1001005-028,4鄰,成功四街,,,,,,2號,120.45531711342,23.526226177869
嘉義縣民雄鄉福樂村4鄰成功四街6號,10010,1001005,1001005-028,4鄰,成功四街,,,,,,6號,120.45505048507,23.526146323779
嘉義縣民雄鄉福樂村4鄰成功四街10號,10010,1001005,1001005-028,4鄰,成功四街,,,,,,10號,120.45453579576,23.525967870122
