FULL_ADDR,COUNTY,TOWN,VILLAGE,NEIGHBORHOOD,ROAD,SECTION,LANE,ALLEY,SUB_ALLEY,TONG,NUMBER,X,Y
屏東縣屏東市太平里20鄰太湖巷2號,10013,1001301,1001301-063,20鄰,太湖巷,,,,,,2號,120.49020249297,22.677850311496
屏東縣屏東市太平里20鄰太湖巷7號,10013,1001301,1001301-063,20鄰,太湖巷,,,,,,7號,120.49018698969,22.677753090203
