FULL_ADDR,COUNTY,TOWN,VILLAGE,NEIGHBORHOOD,ROAD,SECTION,LANE,ALLEY,SUB_ALLEY,TONG,NUMBER,X,Y
臺東縣關山鎮豐泉里10鄰平等路14號,10014,1001403,1001403-002,10鄰,平等路,,,,,,14號,121.16457464371,23.052653085366
臺東縣關山鎮豐泉里10鄰平等路18號,10014,1001403,1001403-002,10鄰,平等路,,,,,,18號,121.16401140128,23.052693251954
臺東縣關山鎮豐泉里10鄰平等路22號,10014,1001403,1001403-002,10鄰,平等路,,,,,,22號,121.16521627201,23.052600562232
臺東縣關山鎮豐泉里3鄰平等路41號,10014,1001403,1001403-002,3鄰,平等路,,,,,,41號,121.16290398934,23.053386469741
臺東縣關山鎮豐泉里3鄰平等路101號,10014,1001403,1001403-002,3鄰,平等路,,,,,,101號,121.16155611291,23.053608290905
