FULL_ADDR,COUNTY,TOWN,VILLAGE,NEIGHBORHOOD,ROAD,SECTION,LANE,ALLEY,SUB_ALLEY,TONG,NUMBER,X,Y
臺東縣關山鎮月眉里5鄰山泉6號,10014,1001403,1001403-007,5鄰,山泉,,,,,,6號,121.14954298742,23.035486236835
臺東縣關山鎮月眉里5鄰山泉7號,10014,1001403,1001403-007,5鄰,山泉,,,,,,7號,121.14914863307,23.035347166446
臺東縣關山鎮月眉里5鄰山泉8號,10014,1001403,1001403-007,5鄰,山泉,,,,,,8號,121.14918115025,23.035644543009
臺東縣關山鎮月眉里5鄰山泉9號,10014,1001403,1001403-007,5鄰,山泉,,,,,,9號,121.14937113025,23.035752650574
臺東縣關山鎮月眉里5鄰山泉10號,10014,1001403,1001403-007,5鄰,山泉,,,,,,10號,121.1494792165,23.035755077076
