FULL_ADDR,COUNTY,TOWN,VILLAGE,NEIGHBORHOOD,ROAD,SECTION,LANE,ALLEY,SUB_ALLEY,TONG,NUMBER,X,Y
臺東縣海端鄉利稻村3鄰粟園1號,10014,1001412,1001412-003,3鄰,粟園,,,,,,1號,121.01304952326,23.219965301194
臺東縣海端鄉利稻村3鄰粟園2號,10014,1001412,1001412-003,3鄰,粟園,,,,,,2號,121.01294296398,23.219878608314
臺東縣海端鄉利稻村3鄰粟園3號,10014,1001412,1001412-003,3鄰,粟園,,,,,,3號,121.0129263693,23.219940477533
臺東縣海端鄉利稻村3鄰粟園4號,10014,1001412,1001412-003,3鄰,粟園,,,,,,4號,121.01290589549,23.22000144402
臺東縣海端鄉利稻村3鄰粟園5號,10014,1001412,1001412-003,3鄰,粟園,,,,,,5號,121.01288387796,23.220063232404
