FULL_ADDR,COUNTY,TOWN,VILLAGE,NEIGHBORHOOD,ROAD,SECTION,LANE,ALLEY,SUB_ALLEY,TONG,NUMBER,X,Y
花蓮縣花蓮市國聯里32鄰國民十街1號,10015,1001501,1001501-023,32鄰,國民十街,,,,,,1號,121.60360898486,23.994510797067
花蓮縣花蓮市國聯里32鄰國民十街3號,10015,1001501,1001501-023,32鄰,國民十街,,,,,,3號,121.603662076,23.994487635746
花蓮縣花蓮市國聯里32鄰國民十街5號,10015,1001501,1001501-023,32鄰,國民十街,,,,,,5號,121.60370066051,23.994474915148
花蓮縣花蓮市國聯里32鄰國民十街7號,10015,1001501,1001501-023,32鄰,國民十街,,,,,,7號,121.60373682,23.994458520154
花蓮縣花蓮市國聯里32鄰國民十街9號,10015,1001501,1001501-023,32鄰,國民十街,,,,,,9號,121.60377619315,23.994442103471
花蓮縣花蓮市國聯里32鄰國民十街11號,10015,1001501,1001501-023,32鄰,國民十街,,,,,,11號,121.60385264881,23.994434407487
花蓮縣花蓮市國聯里32鄰國民十街21號,10015,1001501,1001501-023,32鄰,國民十街,,,,,,21號,121.60403352563,23.994333687229
花蓮縣花蓮市國聯里32鄰國民十街23號,10015,1001501,1001501-023,32鄰,國民十街,,,,,,23號,121.60407452424,23.994320216631
花蓮縣花蓮市國聯里32鄰國民十街25號,10015,1001501,1001501-023,32鄰,國民十街,,,,,,25號,121.60411981333,23.994303704323
