FULL_ADDR,COUNTY,TOWN,VILLAGE,NEIGHBORHOOD,ROAD,SECTION,LANE,ALLEY,SUB_ALLEY,TONG,NUMBER,X,Y
嘉義縣民雄鄉豊收村23鄰竹圍後1號,10010,1001005,1001005-012,23鄰,竹圍後,,,,,,1號,120.47155966162,23.569781267727
嘉義縣民雄鄉豊收村23鄰竹圍後1之12號,10010,1001005,1001005-012,23鄰,竹圍後,,,,,,1之12號,120.4715722294,23.569872060124
嘉義縣民雄鄉豊收村23鄰竹圍後1之81號,10010,1001005,1001005-012,23鄰,竹圍後,,,,,,1之81號,120.46716873024,23.574846269659
嘉義縣民雄鄉三興村9鄰竹圍後2號,10010,1001005,1001005-013,9鄰,竹圍後,,,,,,2號,120.47641360368,23.570473214117
嘉義縣民雄鄉三興村9鄰竹圍後2之3號,10010,1001005,1001005-013,9鄰,竹圍後,,,,,,2之3號,120.47539562349,23.570682253531
嘉義縣民雄鄉三興村9鄰竹圍後2之10號,10010,1001005,1001005-013,9鄰,竹圍後,,,,,,2之10號,120.47510264373,23.57060126025
嘉義縣民雄鄉三興村9鄰竹圍後3號,10010,1001005,1001005-013,9鄰,竹圍後,,,,,,3號,120.4766067285,23.570636220722
嘉義縣民雄鄉三興村9鄰竹圍後4號,10010,1001005,1001005-013,9鄰,竹圍後,,,,,,4號,120.47648867359,23.570836285218
嘉義縣民雄鄉三興村9鄰竹圍後5號,10010,1001005,1001005-013,9鄰,竹圍後,,,,,,5號,120.47686169206,23.570620193247
