FULL_ADDR,COUNTY,TOWN,VILLAGE,NEIGHBORHOOD,ROAD,SECTION,LANE,ALLEY,SUB_ALLEY,TONG,NUMBER,X,Y
屏東縣竹田鄉西勢村13鄰東西一路52之1號,10013,1001314,1001314-009,13鄰,東西一路,,,,,,52之1號,120.51790255207,22.624187579478
屏東縣竹田鄉西勢村13鄰東西一路60號,10013,1001314,1001314-009,13鄰,東西一路,,,,,,60號,120.51849619223,22.624762736377
屏東縣竹田鄉西勢村13鄰東西一路66號,10013,1001314,1001314-009,13鄰,東西一路,,,,,,66號,120.51899137354,22.625202673752
