FULL_ADDR,COUNTY,TOWN,VILLAGE,NEIGHBORHOOD,ROAD,SECTION,LANE,ALLEY,SUB_ALLEY,TONG,NUMBER,X,Y
屏東縣長治鄉繁隆村2鄰繁隆街3之1號,10013,1001306,1001306-015,2鄰,繁隆街,,,,,,3之1號,120.57805108224,22.702899625878
屏東縣長治鄉繁隆村2鄰繁隆街3之2號,10013,1001306,1001306-015,2鄰,繁隆街,,,,,,3之2號,120.57810345084,22.702962528734
屏東縣長治鄉繁隆村2鄰繁隆街4號,10013,1001306,1001306-015,2鄰,繁隆街,,,,,,4號,120.57816855647,22.703125346915
屏東縣長治鄉繁隆村2鄰繁隆街5號,10013,1001306,1001306-015,2鄰,繁隆街,,,,,,5號,120.57805492554,22.703106624254
屏東縣長治鄉繁隆村2鄰繁隆街6號,10013,1001306,1001306-015,2鄰,繁隆街,,,,,,6號,120.57813522822,22.703233539539
屏東縣長治鄉繁隆村2鄰繁隆街7號,10013,1001306,1001306-015,2鄰,繁隆街,,,,,,7號,120.57790943836,22.703223913145
屏東縣長治鄉繁隆村2鄰繁隆街7之1號,10013,1001306,1001306-015,2鄰,繁隆街,,,,,,7之1號,120.57790896397,22.703283425525
