FULL_ADDR,COUNTY,TOWN,VILLAGE,NEIGHBORHOOD,ROAD,SECTION,LANE,ALLEY,SUB_ALLEY,TONG,NUMBER,X,Y
屏東縣枋寮鄉內寮村5鄰蜈蜞路3號,10013,1001316,1001316-010,5鄰,蜈蜞路,,,,,,3號,120.6131905699,22.381322940927
屏東縣枋寮鄉內寮村5鄰蜈蜞路5號,10013,1001316,1001316-010,5鄰,蜈蜞路,,,,,,5號,120.61314351521,22.381201628548
屏東縣枋寮鄉內寮村6鄰蜈蜞路8號,10013,1001316,1001316-010,6鄰,蜈蜞路,,,,,,8號,120.61332075032,22.380741817783
屏東縣枋寮鄉內寮村5鄰蜈蜞路9號,10013,1001316,1001316-010,5鄰,蜈蜞路,,,,,,9號,120.61328664963,22.381133784494
屏東縣枋寮鄉內寮村5鄰蜈蜞路11號,10013,1001316,1001316-010,5鄰,蜈蜞路,,,,,,11號,120.61332708507,22.381120243889
屏東縣枋寮鄉內寮村5鄰蜈蜞路17號,10013,1001316,1001316-010,5鄰,蜈蜞路,,,,,,17號,120.6134999777,22.381072158966
屏東縣枋寮鄉內寮村5鄰蜈蜞路21號,10013,1001316,1001316-010,5鄰,蜈蜞路,,,,,,21號,120.61365356927,22.381015357734
屏東縣枋寮鄉內寮村5鄰蜈蜞路23號,10013,1001316,1001316-010,5鄰,蜈蜞路,,,,,,23號,120.61369399542,22.38100515859
屏東縣枋寮鄉內寮村5鄰蜈蜞路25號,10013,1001316,1001316-010,5鄰,蜈蜞路,,,,,,25號,120.61373433368,22.38099161765
