FULL_ADDR,COUNTY,TOWN,VILLAGE,NEIGHBORHOOD,ROAD,SECTION,LANE,ALLEY,SUB_ALLEY,TONG,NUMBER,X,Y
屏東縣長治鄉德和村6鄰園東一街2號,10013,1001306,1001306-011,6鄰,園東一街,,,,,,2號,120.54236690799,22.709107615007
屏東縣長治鄉德和村6鄰園東一街10號,10013,1001306,1001306-011,6鄰,園東一街,,,,,,10號,120.54017312761,22.709380287263
屏東縣長治鄉德和村6鄰園東一街12號,10013,1001306,1001306-011,6鄰,園東一街,,,,,,12號,120.53997982795,22.709404205128
