FULL_ADDR,COUNTY,TOWN,VILLAGE,NEIGHBORHOOD,ROAD,SECTION,LANE,ALLEY,SUB_ALLEY,TONG,NUMBER,X,Y
花蓮縣花蓮市民心里3鄰美工九街1號,10015,1001501,1001501-025,3鄰,美工九街,,,,,,1號,121.62195791795,24.012826658517
花蓮縣花蓮市民心里3鄰美工九街2號,10015,1001501,1001501-025,3鄰,美工九街,,,,,,2號,121.62152357957,24.013130077154
花蓮縣花蓮市民心里3鄰美工九街3號,10015,1001501,1001501-025,3鄰,美工九街,,,,,,3號,121.62165427841,24.012800206835
花蓮縣花蓮市民心里3鄰美工九街4號,10015,1001501,1001501-025,3鄰,美工九街,,,,,,4號,121.62120836227,24.012809355563
花蓮縣花蓮市民心里3鄰美工九街5號,10015,1001501,1001501-025,3鄰,美工九街,,,,,,5號,121.62151589648,24.012384250791
花蓮縣花蓮市民心里3鄰美工九街6號,10015,1001501,1001501-025,3鄰,美工九街,,,,,,6號,121.62104512822,24.012654389682
花蓮縣花蓮市民心里3鄰美工九街9號,10015,1001501,1001501-025,3鄰,美工九街,,,,,,9號,121.62135614197,24.012094203222
花蓮縣花蓮市民心里3鄰美工九街10號,10015,1001501,1001501-025,3鄰,美工九街,,,,,,10號,121.62013669309,24.012094230075
花蓮縣花蓮市民心里3鄰美工九街15號,10015,1001501,1001501-025,3鄰,美工九街,,,,,,15號,121.62044425932,24.011249205868
