FULL_ADDR,COUNTY,TOWN,VILLAGE,NEIGHBORHOOD,ROAD,SECTION,LANE,ALLEY,SUB_ALLEY,TONG,NUMBER,X,Y
屏東縣內埔鄉大新村12鄰大茂巷99號,10013,1001313,1001313-020,12鄰,大茂巷,,,,,,99號,120.58722897322,22.672802722179
屏東縣內埔鄉大新村12鄰大茂巷100號,10013,1001313,1001313-020,12鄰,大茂巷,,,,,,100號,120.5891804539,22.672465105527
屏東縣內埔鄉大新村12鄰大茂巷111號,10013,1001313,1001313-020,12鄰,大茂巷,,,,,,111號,120.58798284291,22.674049397939
屏東縣內埔鄉大新村12鄰大茂巷112號,10013,1001313,1001313-020,12鄰,大茂巷,,,,,,112號,120.58915085727,22.673841706568
屏東縣內埔鄉大新村12鄰大茂巷137之1號,10013,1001313,1001313-020,12鄰,大茂巷,,,,,,137之1號,120.59207373789,22.674560183999
屏東縣內埔鄉大新村12鄰大茂巷280號,10013,1001313,1001313-020,12鄰,大茂巷,,,,,,280號,120.59142030417,22.675597257369
屏東縣內埔鄉大新村12鄰大茂巷481號,10013,1001313,1001313-020,12鄰,大茂巷,,,,,,481號,120.59393638889,22.680665589561
