FULL_ADDR,COUNTY,TOWN,VILLAGE,NEIGHBORHOOD,ROAD,SECTION,LANE,ALLEY,SUB_ALLEY,TONG,NUMBER,X,Y
嘉義縣朴子市双溪里6鄰雙溪口67號,10010,1001002,1001002-012,6鄰,雙溪口,,,,,,67號,120.27521431583,23.486987971197
嘉義縣朴子市溪口里6鄰雙溪口177號,10010,1001002,1001002-013,6鄰,雙溪口,,,,,,177號,120.27318104597,23.486275993669
