FULL_ADDR,COUNTY,TOWN,VILLAGE,NEIGHBORHOOD,ROAD,SECTION,LANE,ALLEY,SUB_ALLEY,TONG,NUMBER,X,Y
嘉義縣大埔鄉西興村7鄰潭坪1號,10010,1001017,1001017-005,7鄰,潭坪,,,,,,1號,120.54252568552,23.238311271087
嘉義縣大埔鄉西興村7鄰潭坪2號,10010,1001017,1001017-005,7鄰,潭坪,,,,,,2號,120.54327577481,23.239863317281
嘉義縣大埔鄉西興村7鄰潭坪3號,10010,1001017,1001017-005,7鄰,潭坪,,,,,,3號,120.54387069261,23.241532212533
嘉義縣大埔鄉西興村7鄰潭坪3號附1,10010,1001017,1001017-005,7鄰,潭坪,,,,,,3號附1,120.54392471808,23.241680285054
嘉義縣大埔鄉西興村7鄰潭坪7號,10010,1001017,1001017-005,7鄰,潭坪,,,,,,7號,120.54522772366,23.240965252888
嘉義縣大埔鄉西興村7鄰潭坪8號,10010,1001017,1001017-005,7鄰,潭坪,,,,,,8號,120.54039374923,23.241161231286
嘉義縣大埔鄉西興村8鄰潭坪18號,10010,1001017,1001017-005,8鄰,潭坪,,,,,,18號,120.53688949634,23.250376968896
