FULL_ADDR,COUNTY,TOWN,VILLAGE,NEIGHBORHOOD,ROAD,SECTION,LANE,ALLEY,SUB_ALLEY,TONG,NUMBER,X,Y
屏東縣內埔鄉隘寮村11鄰中清橫巷1號,10013,1001313,1001313-022,11鄰,中清橫巷,,,,,,1號,120.63653775721,22.7036967451
屏東縣內埔鄉隘寮村11鄰中清橫巷2號,10013,1001313,1001313-022,11鄰,中清橫巷,,,,,,2號,120.63635402015,22.704015390858
屏東縣內埔鄉隘寮村11鄰中清橫巷3號,10013,1001313,1001313-022,11鄰,中清橫巷,,,,,,3號,120.63649382613,22.703782710196
屏東縣內埔鄉隘寮村11鄰中清橫巷4號,10013,1001313,1001313-022,11鄰,中清橫巷,,,,,,4號,120.6360699639,22.703767748672
屏東縣內埔鄉隘寮村11鄰中清橫巷6號,10013,1001313,1001313-022,11鄰,中清橫巷,,,,,,6號,120.63597157224,22.703614450337
