FULL_ADDR,COUNTY,TOWN,VILLAGE,NEIGHBORHOOD,ROAD,SECTION,LANE,ALLEY,SUB_ALLEY,TONG,NUMBER,X,Y
花蓮縣瑞穗鄉瑞祥村14鄰北一路121號,10015,1001509,1001509-004,14鄰,北一路,,,,,,121號,121.36820969459,23.500268359145
花蓮縣瑞穗鄉瑞祥村14鄰北一路131號,10015,1001509,1001509-004,14鄰,北一路,,,,,,131號,121.36837937846,23.500733853575
