FULL_ADDR,COUNTY,TOWN,VILLAGE,NEIGHBORHOOD,ROAD,SECTION,LANE,ALLEY,SUB_ALLEY,TONG,NUMBER,X,Y
嘉義縣梅山鄉圳南村12鄰下樟湖2號,10010,1001015,1001015-005,12鄰,下樟湖,,,,,,2號,120.60475577496,23.577899311766
嘉義縣梅山鄉圳南村12鄰下樟湖2之7號,10010,1001015,1001015-005,12鄰,下樟湖,,,,,,2之7號,120.6070638093,23.578174256452
嘉義縣梅山鄉圳南村12鄰下樟湖6號,10010,1001015,1001015-005,12鄰,下樟湖,,,,,,6號,120.60408661034,23.577909798838
嘉義縣梅山鄉圳南村12鄰下樟湖8號,10010,1001015,1001015-005,12鄰,下樟湖,,,,,,8號,120.60386074264,23.578056230416
嘉義縣梅山鄉圳南村12鄰下樟湖9號,10010,1001015,1001015-005,12鄰,下樟湖,,,,,,9號,120.603933734,23.578218232695
嘉義縣梅山鄉圳南村12鄰下樟湖10號,10010,1001015,1001015-005,12鄰,下樟湖,,,,,,10號,120.60394277365,23.577556271989
嘉義縣梅山鄉圳南村12鄰下樟湖13號,10010,1001015,1001015-005,12鄰,下樟湖,,,,,,13號,120.603553723,23.578050300441
嘉義縣梅山鄉圳南村12鄰下樟湖14號,10010,1001015,1001015-005,12鄰,下樟湖,,,,,,14號,120.60357176989,23.578239252481
嘉義縣梅山鄉圳南村12鄰下樟湖15號,10010,1001015,1001015-005,12鄰,下樟湖,,,,,,15號,120.60399769401,23.578582301615
