FULL_ADDR,COUNTY,TOWN,VILLAGE,NEIGHBORHOOD,ROAD,SECTION,LANE,ALLEY,SUB_ALLEY,TONG,NUMBER,X,Y
臺東縣池上鄉福文村安樂園1號,10014,1001406,1001406-001,,安樂園,,,,,,1號,121.1968464524,23.131150228445
臺東縣池上鄉福文村19鄰安樂園2之1號,10014,1001406,1001406-001,19鄰,安樂園,,,,,,2之1號,121.19778814019,23.132611538552
