FULL_ADDR,COUNTY,TOWN,VILLAGE,NEIGHBORHOOD,ROAD,SECTION,LANE,ALLEY,SUB_ALLEY,TONG,NUMBER,X,Y
嘉義縣大埔鄉茄苳村1鄰大山1號,10010,1001017,1001017-004,1鄰,大山,,,,,,1號,120.57891482282,23.287438225221
嘉義縣大埔鄉茄苳村1鄰大山2號,10010,1001017,1001017-004,1鄰,大山,,,,,,2號,120.57834868862,23.287572248555
