FULL_ADDR,COUNTY,TOWN,VILLAGE,NEIGHBORHOOD,ROAD,SECTION,LANE,ALLEY,SUB_ALLEY,TONG,NUMBER,X,Y
屏東縣屏東市維新里1鄰西樂巷3號,10013,1001301,1001301-012,1鄰,西樂巷,,,,,,3號,120.47883541411,22.672868522922
屏東縣屏東市維新里1鄰西樂巷5號,10013,1001301,1001301-012,1鄰,西樂巷,,,,,,5號,120.47877920604,22.672961177083
屏東縣屏東市維新里1鄰西樂巷5之1號,10013,1001301,1001301-012,1鄰,西樂巷,,,,,,5之1號,120.47882762005,22.672922411695
屏東縣屏東市維新里1鄰西樂巷11號,10013,1001301,1001301-012,1鄰,西樂巷,,,,,,11號,120.47877849181,22.672995672579
屏東縣屏東市維新里1鄰西樂巷13號,10013,1001301,1001301-012,1鄰,西樂巷,,,,,,13號,120.47877787046,22.673031342387
屏東縣屏東市維新里1鄰西樂巷23號,10013,1001301,1001301-012,1鄰,西樂巷,,,,,,23號,120.4787756863,22.673068542352
