FULL_ADDR,COUNTY,TOWN,VILLAGE,NEIGHBORHOOD,ROAD,SECTION,LANE,ALLEY,SUB_ALLEY,TONG,NUMBER,X,Y
新竹市東區科園里24鄰力行二路1號,10018,1001801,1001801-047,24鄰,力行二路,,,,,,1號,121.01969214511,24.773094808334
新竹市東區科園里24鄰力行二路2號,10018,1001801,1001801-047,24鄰,力行二路,,,,,,2號,121.01815364015,24.773728724127
新竹市東區科園里24鄰力行二路3號,10018,1001801,1001801-047,24鄰,力行二路,,,,,,3號,121.01962398608,24.771675963728
