FULL_ADDR,COUNTY,TOWN,VILLAGE,NEIGHBORHOOD,ROAD,SECTION,LANE,ALLEY,SUB_ALLEY,TONG,NUMBER,X,Y
花蓮縣吉安鄉光華村3鄰華工三路1號,10015,1001505,1001505-018,3鄰,華工三路,,,,,,1號,121.59553112009,23.934197143258
花蓮縣吉安鄉光華村3鄰華工三路3號,10015,1001505,1001505-018,3鄰,華工三路,,,,,,3號,121.59553295761,23.934816069333
花蓮縣吉安鄉光華村3鄰華工三路5號,10015,1001505,1001505-018,3鄰,華工三路,,,,,,5號,121.59549243382,23.935228956858
花蓮縣吉安鄉光華村3鄰華工三路7號,10015,1001505,1001505-018,3鄰,華工三路,,,,,,7號,121.59546962736,23.935743716761
花蓮縣吉安鄉光華村3鄰華工三路9號,10015,1001505,1001505-018,3鄰,華工三路,,,,,,9號,121.5957012325,23.936108506565
