FULL_ADDR,COUNTY,TOWN,VILLAGE,NEIGHBORHOOD,ROAD,SECTION,LANE,ALLEY,SUB_ALLEY,TONG,NUMBER,X,Y
屏東縣枋寮鄉東海村29鄰工業八街175號,10013,1001316,1001316-014,29鄰,工業八街,,,,,,175號,120.57911825118,22.406328054322
屏東縣枋寮鄉東海村29鄰工業八街177號,10013,1001316,1001316-014,29鄰,工業八街,,,,,,177號,120.57904245613,22.406307536693
屏東縣枋寮鄉東海村29鄰工業八街251號,10013,1001316,1001316-014,29鄰,工業八街,,,,,,251號,120.57695506819,22.405702413818
屏東縣枋寮鄉東海村29鄰工業八街253號,10013,1001316,1001316-014,29鄰,工業八街,,,,,,253號,120.57691761121,22.405691117065
屏東縣枋寮鄉東海村29鄰工業八街255號,10013,1001316,1001316-014,29鄰,工業八街,,,,,,255號,120.57687462158,22.405678631763
屏東縣枋寮鄉東海村29鄰工業八街257號,10013,1001316,1001316-014,29鄰,工業八街,,,,,,257號,120.57683443932,22.405669224417
屏東縣枋寮鄉東海村29鄰工業八街259號,10013,1001316,1001316-014,29鄰,工業八街,,,,,,259號,120.57679426528,22.405657107712
屏東縣枋寮鄉東海村29鄰工業八街261號,10013,1001316,1001316-014,29鄰,工業八街,,,,,,261號,120.5767552543,22.405645806854
