FULL_ADDR,COUNTY,TOWN,VILLAGE,NEIGHBORHOOD,ROAD,SECTION,LANE,ALLEY,SUB_ALLEY,TONG,NUMBER,X,Y
嘉義縣大林鎮大美里19鄰大埔美園區三路27號,10010,1001004,1001004-011,19鄰,大埔美園區三路,,,,,,27號,120.50970243568,23.589944480045
嘉義縣大林鎮大美里19鄰大埔美園區三路37號,10010,1001004,1001004-011,19鄰,大埔美園區三路,,,,,,37號,120.51270186278,23.594928172132
嘉義縣大林鎮大美里19鄰大埔美園區三路99號,10010,1001004,1001004-011,19鄰,大埔美園區三路,,,,,,99號,120.51411060761,23.597810120906
嘉義縣大林鎮中坑里1鄰大埔美園區三路5號,10010,1001004,1001004-013,1鄰,大埔美園區三路,,,,,,5號,120.50593311727,23.581422091501
嘉義縣大林鎮中坑里1鄰大埔美園區三路22號,10010,1001004,1001004-013,1鄰,大埔美園區三路,,,,,,22號,120.50718354265,23.582415010227
嘉義縣大林鎮中坑里22鄰大埔美園區三路36號,10010,1001004,1001004-013,22鄰,大埔美園區三路,,,,,,36號,120.50901844769,23.585421795402
嘉義縣大林鎮中坑里22鄰大埔美園區三路38號,10010,1001004,1001004-013,22鄰,大埔美園區三路,,,,,,38號,120.50415993367,23.583195230648
