FULL_ADDR,COUNTY,TOWN,VILLAGE,NEIGHBORHOOD,ROAD,SECTION,LANE,ALLEY,SUB_ALLEY,TONG,NUMBER,X,Y
臺東縣大武鄉大武村5鄰民治街20號,10014,1001410,1001410-003,5鄰,民治街,,,,,,20號,120.90611936001,22.361958883426
臺東縣大武鄉大武村5鄰民治街29號,10014,1001410,1001410-003,5鄰,民治街,,,,,,29號,120.90573915485,22.362269281091
