FULL_ADDR,COUNTY,TOWN,VILLAGE,NEIGHBORHOOD,ROAD,SECTION,LANE,ALLEY,SUB_ALLEY,TONG,NUMBER,X,Y
新竹市北區金雅里4鄰金雅三街95巷9號,10018,1001802,1001802-043,4鄰,金雅三街,,95巷,,,,9號,120.96394349052,24.82678390375
新竹市北區金雅里4鄰金雅三街95巷12號,10018,1001802,1001802-043,4鄰,金雅三街,,95巷,,,,12號,120.96423553109,24.82713626951
新竹市北區金雅里4鄰金雅三街95巷19號,10018,1001802,1001802-043,4鄰,金雅三街,,95巷,,,,19號,120.96375743945,24.827335957102
新竹市北區金雅里4鄰金雅三街95巷21號,10018,1001802,1001802-043,4鄰,金雅三街,,95巷,,,,21號,120.96363613228,24.827397051206
新竹市北區金雅里4鄰金雅三街95巷22號,10018,1001802,1001802-043,4鄰,金雅三街,,95巷,,,,22號,120.96412769381,24.827145723698
新竹市北區金雅里4鄰金雅三街95巷30號,10018,1001802,1001802-043,4鄰,金雅三街,,95巷,,,,30號,120.96395850096,24.827218995167
新竹市北區金雅里4鄰金雅三街95巷31號,10018,1001802,1001802-043,4鄰,金雅三街,,95巷,,,,31號,120.96336110539,24.827729055616
新竹市北區金雅里4鄰金雅三街95巷60號,10018,1001802,1001802-043,4鄰,金雅三街,,95巷,,,,60號,120.96316123869,24.827815500398
新竹市北區金雅里4鄰金雅三街95巷62號,10018,1001802,1001802-043,4鄰,金雅三街,,95巷,,,,62號,120.96306309166,24.827839672805
