FULL_ADDR,COUNTY,TOWN,VILLAGE,NEIGHBORHOOD,ROAD,SECTION,LANE,ALLEY,SUB_ALLEY,TONG,NUMBER,X,Y
嘉義縣布袋鎮岑海里12鄰海順街38號,10010,1001003,1001003-003,12鄰,海順街,,,,,,38號,120.15214546182,23.382498271769
嘉義縣布袋鎮岑海里12鄰海順街40號,10010,1001003,1001003-003,12鄰,海順街,,,,,,40號,120.15215041054,23.382535320025
嘉義縣布袋鎮岑海里12鄰海順街42號,10010,1001003,1001003-003,12鄰,海順街,,,,,,42號,120.1521575118,23.382572289654
嘉義縣布袋鎮岑海里12鄰海順街44號,10010,1001003,1001003-003,12鄰,海順街,,,,,,44號,120.15216451525,23.382609258753
嘉義縣布袋鎮岑海里12鄰海順街46號,10010,1001003,1001003-003,12鄰,海順街,,,,,,46號,120.15217044904,23.382645228794
嘉義縣布袋鎮岑海里12鄰海順街48號,10010,1001003,1001003-003,12鄰,海順街,,,,,,48號,120.15217647376,23.382682282883
嘉義縣布袋鎮岑海里12鄰海順街50號,10010,1001003,1001003-003,12鄰,海順街,,,,,,50號,120.15218152088,23.382719241374
嘉義縣布袋鎮岑海里12鄰海順街52號,10010,1001003,1001003-003,12鄰,海順街,,,,,,52號,120.15218950251,23.382756215775
嘉義縣布袋鎮岑海里12鄰海順街54號,10010,1001003,1001003-003,12鄰,海順街,,,,,,54號,120.15219542942,23.382793269331
