FULL_ADDR,COUNTY,TOWN,VILLAGE,NEIGHBORHOOD,ROAD,SECTION,LANE,ALLEY,SUB_ALLEY,TONG,NUMBER,X,Y
屏東縣內埔鄉竹圍村3鄰竹豐巷2號,10013,1001313,1001313-011,3鄰,竹豐巷,,,,,,2號,120.56206025367,22.638694926356
屏東縣內埔鄉竹圍村3鄰竹豐巷23號,10013,1001313,1001313-011,3鄰,竹豐巷,,,,,,23號,120.56047044289,22.639059039653
屏東縣內埔鄉竹圍村3鄰竹豐巷116號,10013,1001313,1001313-011,3鄰,竹豐巷,,,,,,116號,120.56146775033,22.639003249587
屏東縣內埔鄉竹圍村3鄰竹豐巷120號,10013,1001313,1001313-011,3鄰,竹豐巷,,,,,,120號,120.56046067017,22.640020809778
屏東縣內埔鄉竹圍村3鄰竹豐巷122號,10013,1001313,1001313-011,3鄰,竹豐巷,,,,,,122號,120.56138137012,22.641389263093
屏東縣內埔鄉竹圍村3鄰竹豐巷122之1號,10013,1001313,1001313-011,3鄰,竹豐巷,,,,,,122之1號,120.56141314302,22.641647545025
屏東縣內埔鄉竹圍村3鄰竹豐巷128號,10013,1001313,1001313-011,3鄰,竹豐巷,,,,,,128號,120.56036617856,22.641372936325
屏東縣內埔鄉竹圍村3鄰竹豐巷176號,10013,1001313,1001313-011,3鄰,竹豐巷,,,,,,176號,120.55874905964,22.640832958645
