FULL_ADDR,COUNTY,TOWN,VILLAGE,NEIGHBORHOOD,ROAD,SECTION,LANE,ALLEY,SUB_ALLEY,TONG,NUMBER,X,Y
屏東縣內埔鄉內埔村25鄰學文路130之1號,10013,1001313,1001313-001,25鄰,學文路,,,,,,130之1號,120.57408012213,22.607890096286
屏東縣內埔鄉內埔村25鄰學文路132之1號,10013,1001313,1001313-001,25鄰,學文路,,,,,,132之1號,120.5741146814,22.607943922451
