FULL_ADDR,COUNTY,TOWN,VILLAGE,NEIGHBORHOOD,ROAD,SECTION,LANE,ALLEY,SUB_ALLEY,TONG,NUMBER,X,Y
嘉義縣梅山鄉碧湖村9鄰溪尾寮6號,10010,1001015,1001015-013,9鄰,溪尾寮,,,,,,6號,120.64259378616,23.567876302898
嘉義縣梅山鄉碧湖村9鄰溪尾寮6號附1,10010,1001015,1001015-013,9鄰,溪尾寮,,,,,,6號附1,120.63633588399,23.5657966377
嘉義縣梅山鄉碧湖村9鄰溪尾寮6號附2,10010,1001015,1001015-013,9鄰,溪尾寮,,,,,,6號附2,120.63801377186,23.564362260944
嘉義縣梅山鄉碧湖村9鄰溪尾寮10號,10010,1001015,1001015-013,9鄰,溪尾寮,,,,,,10號,120.6448337786,23.569705308718
嘉義縣梅山鄉碧湖村9鄰溪尾寮11號,10010,1001015,1001015-013,9鄰,溪尾寮,,,,,,11號,120.64505274509,23.570172838517
嘉義縣梅山鄉碧湖村9鄰溪尾寮12號,10010,1001015,1001015-013,9鄰,溪尾寮,,,,,,12號,120.6453578782,23.57426817035
嘉義縣梅山鄉碧湖村9鄰溪尾寮13號,10010,1001015,1001015-013,9鄰,溪尾寮,,,,,,13號,120.64547153475,23.574445236216
嘉義縣梅山鄉碧湖村9鄰溪尾寮15號,10010,1001015,1001015-013,9鄰,溪尾寮,,,,,,15號,120.64506980782,23.574431225903
