FULL_ADDR,COUNTY,TOWN,VILLAGE,NEIGHBORHOOD,ROAD,SECTION,LANE,ALLEY,SUB_ALLEY,TONG,NUMBER,X,Y
屏東縣枋寮鄉隆山村25鄰實踐街2號,10013,1001316,1001316-006,25鄰,實踐街,,,,,,2號,120.60241757839,22.367890695135
屏東縣枋寮鄉隆山村25鄰實踐街4號,10013,1001316,1001316-006,25鄰,實踐街,,,,,,4號,120.60235903735,22.367920986801
屏東縣枋寮鄉隆山村25鄰實踐街6號,10013,1001316,1001316-006,25鄰,實踐街,,,,,,6號,120.60232418706,22.367951968839
屏東縣枋寮鄉隆山村25鄰實踐街8號,10013,1001316,1001316-006,25鄰,實踐街,,,,,,8號,120.60229071311,22.367976993597
屏東縣枋寮鄉隆山村25鄰實踐街10號,10013,1001316,1001316-006,25鄰,實踐街,,,,,,10號,120.60226236855,22.368007991605
屏東縣枋寮鄉隆山村25鄰實踐街12號,10013,1001316,1001316-006,25鄰,實踐街,,,,,,12號,120.60224181923,22.368029435591
