FULL_ADDR,COUNTY,TOWN,VILLAGE,NEIGHBORHOOD,ROAD,SECTION,LANE,ALLEY,SUB_ALLEY,TONG,NUMBER,X,Y
花蓮縣花蓮市國福里12鄰福源街1號,10015,1001501,1001501-040,12鄰,福源街,,,,,,1號,121.55869303432,24.000965377027
花蓮縣花蓮市國福里12鄰福源街9號,10015,1001501,1001501-040,12鄰,福源街,,,,,,9號,121.5593392244,24.000854028537
花蓮縣花蓮市國福里12鄰福源街21號,10015,1001501,1001501-040,12鄰,福源街,,,,,,21號,121.5594025108,24.001322435709
花蓮縣花蓮市國福里12鄰福源街23號,10015,1001501,1001501-040,12鄰,福源街,,,,,,23號,121.55919291494,24.001281304383
花蓮縣花蓮市國福里12鄰福源街25號,10015,1001501,1001501-040,12鄰,福源街,,,,,,25號,121.55940084013,24.001381592662
花蓮縣花蓮市國福里12鄰福源街31號,10015,1001501,1001501-040,12鄰,福源街,,,,,,31號,121.56012414844,24.001497678056
花蓮縣花蓮市國福里12鄰福源街55號,10015,1001501,1001501-040,12鄰,福源街,,,,,,55號,121.56031201355,24.001534201315
