FULL_ADDR,COUNTY,TOWN,VILLAGE,NEIGHBORHOOD,ROAD,SECTION,LANE,ALLEY,SUB_ALLEY,TONG,NUMBER,X,Y
新竹市東區科園里22鄰新安路2號,10018,1001801,1001801-047,22鄰,新安路,,,,,,2號,121.00437124491,24.781657007003
新竹市東區科園里22鄰新安路2之1號,10018,1001801,1001801-047,22鄰,新安路,,,,,,2之1號,121.00468950525,24.782114117748
新竹市東區科園里22鄰新安路2之2號,10018,1001801,1001801-047,22鄰,新安路,,,,,,2之2號,121.00468950525,24.782114117748
新竹市東區科園里22鄰新安路5號,10018,1001801,1001801-047,22鄰,新安路,,,,,,5號,120.99948495626,24.781684697587
新竹市東區科園里22鄰新安路6號,10018,1001801,1001801-047,22鄰,新安路,,,,,,6號,121.00449131967,24.782117825569
新竹市東區科園里22鄰新安路8號,10018,1001801,1001801-047,22鄰,新安路,,,,,,8號,121.00420244834,24.78215268453
新竹市東區科園里22鄰新安路101號,10018,1001801,1001801-047,22鄰,新安路,,,,,,101號,120.99303362057,24.782347329335
新竹市東區科園里22鄰新安路200號,10018,1001801,1001801-047,22鄰,新安路,,,,,,200號,120.99752542594,24.783205914568
