FULL_ADDR,COUNTY,TOWN,VILLAGE,NEIGHBORHOOD,ROAD,SECTION,LANE,ALLEY,SUB_ALLEY,TONG,NUMBER,X,Y
臺東縣臺東市豐年里7鄰南島大道301之1號,10014,1001401,1001401-031,7鄰,南島大道,,,,,,301之1號,121.11375185444,22.766449158831
臺東縣臺東市豐年里13鄰南島大道316號,10014,1001401,1001401-031,13鄰,南島大道,,,,,,316號,121.11141798329,22.767752215323
臺東縣臺東市豐年里13鄰南島大道320號,10014,1001401,1001401-031,13鄰,南島大道,,,,,,320號,121.11107673139,22.767967435798
臺東縣臺東市豐年里14鄰南島大道502號,10014,1001401,1001401-031,14鄰,南島大道,,,,,,502號,121.10338130226,22.768240066324
臺東縣臺東市豐年里14鄰南島大道502之1號,10014,1001401,1001401-031,14鄰,南島大道,,,,,,502之1號,121.10416905982,22.768947647016
臺東縣臺東市豐年里14鄰南島大道506號,10014,1001401,1001401-031,14鄰,南島大道,,,,,,506號,121.10311290134,22.768860235387
臺東縣臺東市豐年里17鄰南島大道631號,10014,1001401,1001401-031,17鄰,南島大道,,,,,,631號,121.10007970631,22.767991885321
