FULL_ADDR,COUNTY,TOWN,VILLAGE,NEIGHBORHOOD,ROAD,SECTION,LANE,ALLEY,SUB_ALLEY,TONG,NUMBER,X,Y
屏東縣潮州鎮富春里5鄰田單路15號,10013,1001302,1001302-014,5鄰,田單路,,,,,,15號,120.54338785313,22.538414468432
屏東縣潮州鎮富春里5鄰田單路65號,10013,1001302,1001302-014,5鄰,田單路,,,,,,65號,120.54255912137,22.538984683454
屏東縣潮州鎮富春里5鄰田單路65之5號,10013,1001302,1001302-014,5鄰,田單路,,,,,,65之5號,120.54230404863,22.539476150505
