FULL_ADDR,COUNTY,TOWN,VILLAGE,NEIGHBORHOOD,ROAD,SECTION,LANE,ALLEY,SUB_ALLEY,TONG,NUMBER,X,Y
屏東縣屏東市空翔里25鄰誠正一巷1號,10013,1001301,1001301-074,25鄰,誠正一巷,,,,,,1號,120.47991871275,22.681382888106
屏東縣屏東市空翔里25鄰誠正一巷3號,10013,1001301,1001301-074,25鄰,誠正一巷,,,,,,3號,120.48000750151,22.681657894473
屏東縣屏東市空翔里25鄰誠正一巷4號,10013,1001301,1001301-074,25鄰,誠正一巷,,,,,,4號,120.47995448238,22.681549352263
