FULL_ADDR,COUNTY,TOWN,VILLAGE,NEIGHBORHOOD,ROAD,SECTION,LANE,ALLEY,SUB_ALLEY,TONG,NUMBER,X,Y
花蓮縣鳳林鎮鳳義里2鄰鳳凰路52號,10015,1001502,1001502-002,2鄰,鳳凰路,,,,,,52號,121.44395270974,23.751384948375
花蓮縣鳳林鎮鳳義里2鄰鳳凰路58號,10015,1001502,1001502-002,2鄰,鳳凰路,,,,,,58號,121.44367568779,23.751465683731
花蓮縣鳳林鎮鳳義里6鄰鳳凰路101號,10015,1001502,1001502-002,6鄰,鳳凰路,,,,,,101號,121.43751371464,23.752813920578
花蓮縣鳳林鎮鳳義里6鄰鳳凰路103號,10015,1001502,1001502-002,6鄰,鳳凰路,,,,,,103號,121.43741091955,23.752967716287
花蓮縣鳳林鎮鳳義里9鄰鳳凰路300號,10015,1001502,1001502-002,9鄰,鳳凰路,,,,,,300號,121.43002966582,23.756934498623
