FULL_ADDR,COUNTY,TOWN,VILLAGE,NEIGHBORHOOD,ROAD,SECTION,LANE,ALLEY,SUB_ALLEY,TONG,NUMBER,X,Y
屏東縣潮州鎮新榮里14鄰新生一巷19號,10013,1001302,1001302-003,14鄰,新生一巷,,,,,,19號,120.53490512772,22.547619989149
屏東縣潮州鎮新榮里14鄰新生一巷19之1號,10013,1001302,1001302-003,14鄰,新生一巷,,,,,,19之1號,120.53495391266,22.54687226998
