FULL_ADDR,COUNTY,TOWN,VILLAGE,NEIGHBORHOOD,ROAD,SECTION,LANE,ALLEY,SUB_ALLEY,TONG,NUMBER,X,Y
臺東縣成功鎮忠仁里20鄰海岸路1號,10014,1001402,1001402-006,20鄰,海岸路,,,,,,1號,121.38043261771,23.099765789881
臺東縣成功鎮忠仁里20鄰海岸路2號,10014,1001402,1001402-006,20鄰,海岸路,,,,,,2號,121.3803933981,23.099798403163
臺東縣成功鎮忠仁里20鄰海岸路3號,10014,1001402,1001402-006,20鄰,海岸路,,,,,,3號,121.3804119658,23.099871360856
臺東縣成功鎮忠仁里海岸路4號,10014,1001402,1001402-006,,海岸路,,,,,,4號,121.38033068865,23.099944550094
臺東縣成功鎮忠仁里20鄰海岸路5號,10014,1001402,1001402-006,20鄰,海岸路,,,,,,5號,121.38027071516,23.100043117819
