FULL_ADDR,COUNTY,TOWN,VILLAGE,NEIGHBORHOOD,ROAD,SECTION,LANE,ALLEY,SUB_ALLEY,TONG,NUMBER,X,Y
花蓮縣壽豐鄉池南村2鄰轉播臺1之1號,10015,1001506,1001506-009,2鄰,轉播臺,,,,,,1之1號,121.51990918882,23.916823126684
花蓮縣壽豐鄉池南村2鄰轉播臺10號,10015,1001506,1001506-009,2鄰,轉播臺,,,,,,10號,121.51099007854,23.918075038781
花蓮縣壽豐鄉池南村2鄰轉播臺13號,10015,1001506,1001506-009,2鄰,轉播臺,,,,,,13號,121.51389716105,23.915944930871
花蓮縣壽豐鄉池南村2鄰轉播臺16號,10015,1001506,1001506-009,2鄰,轉播臺,,,,,,16號,121.51418360242,23.916244472586
花蓮縣壽豐鄉池南村2鄰轉播臺17號,10015,1001506,1001506-009,2鄰,轉播臺,,,,,,17號,121.51118726363,23.916734921078
花蓮縣壽豐鄉池南村5鄰轉播臺30號,10015,1001506,1001506-009,5鄰,轉播臺,,,,,,30號,121.51377604707,23.909988915259
