FULL_ADDR,COUNTY,TOWN,VILLAGE,NEIGHBORHOOD,ROAD,SECTION,LANE,ALLEY,SUB_ALLEY,TONG,NUMBER,X,Y
花蓮縣壽豐鄉月眉村15鄰月眉47之10號,10015,1001506,1001506-013,15鄰,月眉,,,,,,47之10號,121.56538850975,23.876346997016
花蓮縣壽豐鄉月眉村13鄰月眉135號,10015,1001506,1001506-013,13鄰,月眉,,,,,,135號,121.55458969382,23.870004833894
