FULL_ADDR,COUNTY,TOWN,VILLAGE,NEIGHBORHOOD,ROAD,SECTION,LANE,ALLEY,SUB_ALLEY,TONG,NUMBER,X,Y
屏東縣潮州鎮光華里8鄰華山路1號,10013,1001302,1001302-005,8鄰,華山路,,,,,,1號,120.54251071383,22.545856271532
屏東縣潮州鎮光華里9鄰華山路2號,10013,1001302,1001302-005,9鄰,華山路,,,,,,2號,120.54265893507,22.545781915922
屏東縣潮州鎮光華里8鄰華山路3號,10013,1001302,1001302-005,8鄰,華山路,,,,,,3號,120.542524262,22.545816483148
屏東縣潮州鎮光華里9鄰華山路4號,10013,1001302,1001302-005,9鄰,華山路,,,,,,4號,120.54267170957,22.545740860978
屏東縣潮州鎮光華里8鄰華山路5號,10013,1001302,1001302-005,8鄰,華山路,,,,,,5號,120.54254109583,22.545782754907
屏東縣潮州鎮光華里9鄰華山路6號,10013,1001302,1001302-005,9鄰,華山路,,,,,,6號,120.54268301231,22.54570386582
屏東縣潮州鎮光華里8鄰華山路7號,10013,1001302,1001302-005,8鄰,華山路,,,,,,7號,120.54255289366,22.545743051853
屏東縣潮州鎮光華里9鄰華山路8號,10013,1001302,1001302-005,9鄰,華山路,,,,,,8號,120.542696261,22.545666424641
屏東縣潮州鎮光華里8鄰華山路9號,10013,1001302,1001302-005,8鄰,華山路,,,,,,9號,120.54256758885,22.545709227217
屏東縣潮州鎮光華里9鄰華山路10號,10013,1001302,1001302-005,9鄰,華山路,,,,,,10號,120.54288543673,22.545201231219
屏東縣潮州鎮光華里8鄰華山路11號,10013,1001302,1001302-005,8鄰,華山路,,,,,,11號,120.54258084204,22.545670431403
屏東縣潮州鎮光華里8鄰華山路13號,10013,1001302,1001302-005,8鄰,華山路,,,,,,13號,120.54258971569,22.545632977793
屏東縣潮州鎮光華里8鄰華山路15號,10013,1001302,1001302-005,8鄰,華山路,,,,,,15號,120.54276024564,22.545161409771
屏東縣潮州鎮光華里9鄰華山路16號,10013,1001302,1001302-005,9鄰,華山路,,,,,,16號,120.54295038626,22.545052493791
屏東縣潮州鎮光華里8鄰華山路17號,10013,1001302,1001302-005,8鄰,華山路,,,,,,17號,120.54277244295,22.545118456655
屏東縣潮州鎮光華里8鄰華山路19號,10013,1001302,1001302-005,8鄰,華山路,,,,,,19號,120.54278617917,22.545080565297
屏東縣潮州鎮光華里8鄰華山路21號,10013,1001302,1001302-005,8鄰,華山路,,,,,,21號,120.54279991984,22.545041319294
屏東縣潮州鎮光華里8鄰華山路23號,10013,1001302,1001302-005,8鄰,華山路,,,,,,23號,120.54281413919,22.545004332412
