FULL_ADDR,COUNTY,TOWN,VILLAGE,NEIGHBORHOOD,ROAD,SECTION,LANE,ALLEY,SUB_ALLEY,TONG,NUMBER,X,Y
嘉義縣梅山鄉梅南村6鄰梅南街63號,10010,1001015,1001015-002,6鄰,梅南街,,,,,,63號,120.5581237442,23.580740304878
嘉義縣梅山鄉梅南村6鄰梅南街63之23號,10010,1001015,1001015-002,6鄰,梅南街,,,,,,63之23號,120.55824572103,23.580710311274
嘉義縣梅山鄉梅南村6鄰梅南街63號附25,10010,1001015,1001015-002,6鄰,梅南街,,,,,,63號附25,120.55824272317,23.580669307074
嘉義縣梅山鄉梅南村6鄰梅南街63號附27,10010,1001015,1001015-002,6鄰,梅南街,,,,,,63號附27,120.55808690567,23.580330965731
嘉義縣梅山鄉梅南村6鄰梅南街63號附29,10010,1001015,1001015-002,6鄰,梅南街,,,,,,63號附29,120.5580741178,23.580287856811
嘉義縣梅山鄉梅南村6鄰梅南街63號附49,10010,1001015,1001015-002,6鄰,梅南街,,,,,,63號附49,120.55798967251,23.579847229121
