FULL_ADDR,COUNTY,TOWN,VILLAGE,NEIGHBORHOOD,ROAD,SECTION,LANE,ALLEY,SUB_ALLEY,TONG,NUMBER,X,Y
屏東縣東港鎮興和里3鄰三和四路3號,10013,1001303,1001303-021,3鄰,三和四路,,,,,,3號,120.48585812592,22.490177626947
屏東縣東港鎮興和里3鄰三和四路6號,10013,1001303,1001303-021,3鄰,三和四路,,,,,,6號,120.48589757335,22.490022418643
屏東縣東港鎮興和里3鄰三和四路7號,10013,1001303,1001303-021,3鄰,三和四路,,,,,,7號,120.48594467323,22.49016345331
屏東縣東港鎮興和里3鄰三和四路12號,10013,1001303,1001303-021,3鄰,三和四路,,,,,,12號,120.48600726131,22.490057989576
屏東縣東港鎮興和里3鄰三和四路15號,10013,1001303,1001303-021,3鄰,三和四路,,,,,,15號,120.48607009419,22.49014940358
