FULL_ADDR,COUNTY,TOWN,VILLAGE,NEIGHBORHOOD,ROAD,SECTION,LANE,ALLEY,SUB_ALLEY,TONG,NUMBER,X,Y
屏東縣高樹鄉舊寮村12鄰長美三巷1號,10013,1001311,1001311-010,12鄰,長美三巷,,,,,,1號,120.6115970923,22.849906841114
屏東縣高樹鄉舊寮村13鄰長美三巷2號,10013,1001311,1001311-010,13鄰,長美三巷,,,,,,2號,120.61096281233,22.84968151012
屏東縣高樹鄉舊寮村13鄰長美三巷4號,10013,1001311,1001311-010,13鄰,長美三巷,,,,,,4號,120.61116198959,22.849438256465
屏東縣高樹鄉舊寮村12鄰長美三巷5號,10013,1001311,1001311-010,12鄰,長美三巷,,,,,,5號,120.61185123764,22.84959048121
屏東縣高樹鄉舊寮村12鄰長美三巷5之3號,10013,1001311,1001311-010,12鄰,長美三巷,,,,,,5之3號,120.61177112025,22.849254883345
屏東縣高樹鄉舊寮村12鄰長美三巷7號,10013,1001311,1001311-010,12鄰,長美三巷,,,,,,7號,120.61211462647,22.849450152959
屏東縣高樹鄉舊寮村12鄰長美三巷8號,10013,1001311,1001311-010,12鄰,長美三巷,,,,,,8號,120.61207376641,22.84928993798
屏東縣高樹鄉舊寮村12鄰長美三巷10號,10013,1001311,1001311-010,12鄰,長美三巷,,,,,,10號,120.6122923853,22.849096489746
