FULL_ADDR,COUNTY,TOWN,VILLAGE,NEIGHBORHOOD,ROAD,SECTION,LANE,ALLEY,SUB_ALLEY,TONG,NUMBER,X,Y
屏東縣屏東市永城里3鄰必勝巷1號,10013,1001301,1001301-066,3鄰,必勝巷,,,,,,1號,120.48396129318,22.677970028103
屏東縣屏東市永城里3鄰必勝巷2號,10013,1001301,1001301-066,3鄰,必勝巷,,,,,,2號,120.48373536467,22.677958824112
屏東縣屏東市永城里3鄰必勝巷3號,10013,1001301,1001301-066,3鄰,必勝巷,,,,,,3號,120.48343200044,22.677939964739
屏東縣屏東市永城里3鄰必勝巷4號,10013,1001301,1001301-066,3鄰,必勝巷,,,,,,4號,120.48318184037,22.677928681801
