FULL_ADDR,COUNTY,TOWN,VILLAGE,NEIGHBORHOOD,ROAD,SECTION,LANE,ALLEY,SUB_ALLEY,TONG,NUMBER,X,Y
嘉義縣朴子市竹村里11鄰朴子工業區六街二巷2號,10010,1001002,1001002-019,11鄰,朴子工業區六街二巷,,,,,,2號,120.24606154722,23.440732279353
嘉義縣朴子市竹村里11鄰朴子工業區六街二巷5號,10010,1001002,1001002-019,11鄰,朴子工業區六街二巷,,,,,,5號,120.24606955677,23.440476235946
嘉義縣朴子市竹村里11鄰朴子工業區六街二巷7號,10010,1001002,1001002-019,11鄰,朴子工業區六街二巷,,,,,,7號,120.24606756405,23.440327236384
