FULL_ADDR,COUNTY,TOWN,VILLAGE,NEIGHBORHOOD,ROAD,SECTION,LANE,ALLEY,SUB_ALLEY,TONG,NUMBER,X,Y
嘉義縣鹿草鄉鹿草村10鄰文康街1號,10010,1001011,1001011-003,10鄰,文康街,,,,,,1號,120.30972346379,23.414088833733
嘉義縣鹿草鄉鹿草村10鄰文康街2號,10010,1001011,1001011-003,10鄰,文康街,,,,,,2號,120.30991033653,23.414223210184
嘉義縣鹿草鄉鹿草村10鄰文康街3號,10010,1001011,1001011-003,10鄰,文康街,,,,,,3號,120.30971290644,23.414124635433
嘉義縣鹿草鄉鹿草村10鄰文康街5號,10010,1001011,1001011-003,10鄰,文康街,,,,,,5號,120.30968802549,23.414186650591
嘉義縣鹿草鄉鹿草村10鄰文康街6號,10010,1001011,1001011-003,10鄰,文康街,,,,,,6號,120.30986655499,23.414307264917
嘉義縣鹿草鄉鹿草村10鄰文康街7號,10010,1001011,1001011-003,10鄰,文康街,,,,,,7號,120.30965860492,23.414237268123
