FULL_ADDR,COUNTY,TOWN,VILLAGE,NEIGHBORHOOD,ROAD,SECTION,LANE,ALLEY,SUB_ALLEY,TONG,NUMBER,X,Y
嘉義縣阿里山鄉香林村9鄰二萬平105號,10010,1001018,1001018-003,9鄰,二萬平,,,,,,105號,120.790216849,23.508956257046
嘉義縣阿里山鄉香林村9鄰二萬平106號,10010,1001018,1001018-003,9鄰,二萬平,,,,,,106號,120.79048184445,23.50863125885
嘉義縣阿里山鄉香林村9鄰二萬平110號,10010,1001018,1001018-003,9鄰,二萬平,,,,,,110號,120.79398839622,23.511179176652
嘉義縣阿里山鄉香林村9鄰二萬平111號,10010,1001018,1001018-003,9鄰,二萬平,,,,,,111號,120.79404788026,23.511212757029
嘉義縣阿里山鄉香林村9鄰二萬平112號,10010,1001018,1001018-003,9鄰,二萬平,,,,,,112號,120.79407890095,23.511225891705
嘉義縣阿里山鄉香林村9鄰二萬平113號,10010,1001018,1001018-003,9鄰,二萬平,,,,,,113號,120.79411519999,23.511245083527
嘉義縣阿里山鄉香林村9鄰二萬平114號,10010,1001018,1001018-003,9鄰,二萬平,,,,,,114號,120.79414885152,23.511266619669
嘉義縣阿里山鄉香林村9鄰二萬平115號,10010,1001018,1001018-003,9鄰,二萬平,,,,,,115號,120.78920791429,23.507952281692
