FULL_ADDR,COUNTY,TOWN,VILLAGE,NEIGHBORHOOD,ROAD,SECTION,LANE,ALLEY,SUB_ALLEY,TONG,NUMBER,X,Y
花蓮縣吉安鄉吉安村27鄰吉興五街178號,10015,1001505,1001505-006,27鄰,吉興五街,,,,,,178號,121.55933159181,23.97716392401
花蓮縣吉安鄉吉安村27鄰吉興五街182之1號,10015,1001505,1001505-006,27鄰,吉興五街,,,,,,182之1號,121.55959402767,23.977562514303
花蓮縣吉安鄉吉安村27鄰吉興五街200號,10015,1001505,1001505-006,27鄰,吉興五街,,,,,,200號,121.56040138969,23.978687355966
花蓮縣吉安鄉吉安村27鄰吉興五街201號,10015,1001505,1001505-006,27鄰,吉興五街,,,,,,201號,121.56012407826,23.978879022499
