FULL_ADDR,COUNTY,TOWN,VILLAGE,NEIGHBORHOOD,ROAD,SECTION,LANE,ALLEY,SUB_ALLEY,TONG,NUMBER,X,Y
屏東縣屏東市慶春里3鄰春福巷18號,10013,1001301,1001301-017,3鄰,春福巷,,,,,,18號,120.49443080039,22.670025473933
屏東縣屏東市慶春里3鄰春福巷18之1號,10013,1001301,1001301-017,3鄰,春福巷,,,,,,18之1號,120.49447042663,22.670019909555
