FULL_ADDR,COUNTY,TOWN,VILLAGE,NEIGHBORHOOD,ROAD,SECTION,LANE,ALLEY,SUB_ALLEY,TONG,NUMBER,X,Y
嘉義縣六腳鄉竹本村2鄰竹子腳10號,10010,1001008,1001008-015,2鄰,竹子腳,,,,,,10號,120.26526756254,23.527865280181
嘉義縣六腳鄉竹本村7鄰竹子腳56號,10010,1001008,1001008-015,7鄰,竹子腳,,,,,,56號,120.26462057594,23.53106728771
嘉義縣六腳鄉竹本村10鄰竹子腳72號,10010,1001008,1001008-015,10鄰,竹子腳,,,,,,72號,120.2635335544,23.53169828405
嘉義縣六腳鄉永賢村1鄰竹子腳128號,10010,1001008,1001008-016,1鄰,竹子腳,,,,,,128號,120.26417551285,23.53083231036
