FULL_ADDR,COUNTY,TOWN,VILLAGE,NEIGHBORHOOD,ROAD,SECTION,LANE,ALLEY,SUB_ALLEY,TONG,NUMBER,X,Y
屏東縣鹽埔鄉鹽中村25鄰所前一巷2號,10013,1001310,1001310-004,25鄰,所前一巷,,,,,,2號,120.57133899199,22.754078849536
屏東縣鹽埔鄉鹽中村25鄰所前一巷4號,10013,1001310,1001310-004,25鄰,所前一巷,,,,,,4號,120.57129806375,22.75408912515
屏東縣鹽埔鄉鹽中村25鄰所前一巷6號,10013,1001310,1001310-004,25鄰,所前一巷,,,,,,6號,120.57125762235,22.75409940206
屏東縣鹽埔鄉鹽中村25鄰所前一巷8號,10013,1001310,1001310-004,25鄰,所前一巷,,,,,,8號,120.5712220481,22.754110143568
屏東縣鹽埔鄉鹽中村25鄰所前一巷10號,10013,1001310,1001310-004,25鄰,所前一巷,,,,,,10號,120.57118257476,22.754122229225
屏東縣鹽埔鄉鹽中村25鄰所前一巷12號,10013,1001310,1001310-004,25鄰,所前一巷,,,,,,12號,120.57114554416,22.75413161218
