FULL_ADDR,COUNTY,TOWN,VILLAGE,NEIGHBORHOOD,ROAD,SECTION,LANE,ALLEY,SUB_ALLEY,TONG,NUMBER,X,Y
嘉義縣大林鎮平林里34鄰大民北路666號,10010,1001004,1001004-004,34鄰,大民北路,,,,,,666號,120.46310865096,23.596008332923
嘉義縣大林鎮上林里3鄰大民北路15號,10010,1001004,1001004-014,3鄰,大民北路,,,,,,15號,120.46195365677,23.583438215369
嘉義縣大林鎮上林里3鄰大民北路15號附1,10010,1001004,1001004-014,3鄰,大民北路,,,,,,15號附1,120.46113042503,23.586741981316
嘉義縣大林鎮上林里3鄰大民北路35號,10010,1001004,1001004-014,3鄰,大民北路,,,,,,35號,120.46217414415,23.583378027625
嘉義縣大林鎮上林里3鄰大民北路45號,10010,1001004,1001004-014,3鄰,大民北路,,,,,,45號,120.4607636932,23.581589213172
嘉義縣大林鎮上林里3鄰大民北路358號,10010,1001004,1001004-014,3鄰,大民北路,,,,,,358號,120.46468063179,23.585972274736
嘉義縣大林鎮中林里21鄰大民北路567號,10010,1001004,1001004-015,21鄰,大民北路,,,,,,567號,120.46385468235,23.594514223797
