FULL_ADDR,COUNTY,TOWN,VILLAGE,NEIGHBORHOOD,ROAD,SECTION,LANE,ALLEY,SUB_ALLEY,TONG,NUMBER,X,Y
嘉義縣朴子市竹圍里1鄰下竹圍1號,10010,1001002,1001002-010,1鄰,下竹圍,,,,,,1號,120.2460004815,23.460162685549
嘉義縣朴子市竹圍里22鄰下竹圍51號,10010,1001002,1001002-010,22鄰,下竹圍,,,,,,51號,120.24602367138,23.46068101042
