FULL_ADDR,COUNTY,TOWN,VILLAGE,NEIGHBORHOOD,ROAD,SECTION,LANE,ALLEY,SUB_ALLEY,TONG,NUMBER,X,Y
臺東縣臺東市豐樂里1鄰大德路1號,10014,1001401,1001401-033,1鄰,大德路,,,,,,1號,121.13304498192,22.758347808823
臺東縣臺東市豐樂里1鄰大德路2號,10014,1001401,1001401-033,1鄰,大德路,,,,,,2號,121.13268983971,22.758549495462
臺東縣臺東市豐樂里1鄰大德路8號,10014,1001401,1001401-033,1鄰,大德路,,,,,,8號,121.13255289379,22.758271888059
臺東縣臺東市豐樂里1鄰大德路8之1號,10014,1001401,1001401-033,1鄰,大德路,,,,,,8之1號,121.13246022275,22.758213624727
臺東縣臺東市豐樂里1鄰大德路12號,10014,1001401,1001401-033,1鄰,大德路,,,,,,12號,121.13223839333,22.758147033392
臺東縣臺東市豐樂里1鄰大德路14號,10014,1001401,1001401-033,1鄰,大德路,,,,,,14號,121.13199165052,22.757933654491
臺東縣臺東市豐樂里1鄰大德路16號,10014,1001401,1001401-033,1鄰,大德路,,,,,,16號,121.13164825314,22.757771352934
臺東縣臺東市豐樂里1鄰大德路18號,10014,1001401,1001401-033,1鄰,大德路,,,,,,18號,121.13158333511,22.757540357455
臺東縣臺東市豐樂里1鄰大德路20號,10014,1001401,1001401-033,1鄰,大德路,,,,,,20號,121.13136461297,22.757351022075
臺東縣臺東市豐樂里1鄰大德路22號,10014,1001401,1001401-033,1鄰,大德路,,,,,,22號,121.13134117906,22.757009434903
臺東縣臺東市豐樂里1鄰大德路24號,10014,1001401,1001401-033,1鄰,大德路,,,,,,24號,121.13112656981,22.756904291775
臺東縣臺東市豐樂里1鄰大德路26號,10014,1001401,1001401-033,1鄰,大德路,,,,,,26號,121.13102598847,22.756708130775
臺東縣臺東市豐樂里1鄰大德路27號,10014,1001401,1001401-033,1鄰,大德路,,,,,,27號,121.13132212615,22.756575104808
臺東縣臺東市豐樂里大德路29號,10014,1001401,1001401-033,,大德路,,,,,,29號,121.13172819039,22.756960159131
臺東縣臺東市豐樂里1鄰大德路30號,10014,1001401,1001401-033,1鄰,大德路,,,,,,30號,121.13100943332,22.756390217154
