FULL_ADDR,COUNTY,TOWN,VILLAGE,NEIGHBORHOOD,ROAD,SECTION,LANE,ALLEY,SUB_ALLEY,TONG,NUMBER,X,Y
屏東縣高樹鄉高樹村17鄰青雲路1號,10013,1001311,1001311-001,17鄰,青雲路,,,,,,1號,120.60015086061,22.827510200883
屏東縣高樹鄉高樹村17鄰青雲路1之1號,10013,1001311,1001311-001,17鄰,青雲路,,,,,,1之1號,120.60013098638,22.827476737124
屏東縣高樹鄉高樹村17鄰青雲路1之2號,10013,1001311,1001311-001,17鄰,青雲路,,,,,,1之2號,120.60012232246,22.827441043805
屏東縣高樹鄉高樹村17鄰青雲路1之3號,10013,1001311,1001311-001,17鄰,青雲路,,,,,,1之3號,120.60008591133,22.827398959295
屏東縣高樹鄉高樹村17鄰青雲路1之5號,10013,1001311,1001311-001,17鄰,青雲路,,,,,,1之5號,120.60018760363,22.827538740045
屏東縣高樹鄉高樹村17鄰青雲路2號,10013,1001311,1001311-001,17鄰,青雲路,,,,,,2號,120.59957612899,22.826586444058
屏東縣高樹鄉高樹村19鄰青雲路3號,10013,1001311,1001311-001,19鄰,青雲路,,,,,,3號,120.59966468386,22.826021159204
屏東縣高樹鄉高樹村19鄰青雲路7號,10013,1001311,1001311-001,19鄰,青雲路,,,,,,7號,120.59956793197,22.825824948158
