FULL_ADDR,COUNTY,TOWN,VILLAGE,NEIGHBORHOOD,ROAD,SECTION,LANE,ALLEY,SUB_ALLEY,TONG,NUMBER,X,Y
屏東縣內埔鄉豐田村23鄰興中三巷2之1號,10013,1001313,1001313-008,23鄰,興中三巷,,,,,,2之1號,120.54857737844,22.628690796226
屏東縣內埔鄉豐田村23鄰興中三巷2之2號,10013,1001313,1001313-008,23鄰,興中三巷,,,,,,2之2號,120.54876927139,22.628585854534
屏東縣內埔鄉豐田村23鄰興中三巷6號,10013,1001313,1001313-008,23鄰,興中三巷,,,,,,6號,120.54854954226,22.629022515304
屏東縣內埔鄉豐田村23鄰興中三巷21號,10013,1001313,1001313-008,23鄰,興中三巷,,,,,,21號,120.54865776471,22.629545531706
屏東縣內埔鄉豐田村23鄰興中三巷23號,10013,1001313,1001313-008,23鄰,興中三巷,,,,,,23號,120.54878081361,22.629728935406
屏東縣內埔鄉豐田村23鄰興中三巷29號,10013,1001313,1001313-008,23鄰,興中三巷,,,,,,29號,120.54907162939,22.629986774275
屏東縣內埔鄉豐田村23鄰興中三巷33號,10013,1001313,1001313-008,23鄰,興中三巷,,,,,,33號,120.54908860926,22.630179452335
屏東縣內埔鄉豐田村23鄰興中三巷35號,10013,1001313,1001313-008,23鄰,興中三巷,,,,,,35號,120.54885125332,22.630502002872
