FULL_ADDR,COUNTY,TOWN,VILLAGE,NEIGHBORHOOD,ROAD,SECTION,LANE,ALLEY,SUB_ALLEY,TONG,NUMBER,X,Y
嘉義縣東石鄉東石村25鄰新生二街2號,10010,1001009,1001009-001,25鄰,新生二街,,,,,,2號,120.14336345367,23.454179264293
嘉義縣東石鄉東石村25鄰新生二街2號附1,10010,1001009,1001009-001,25鄰,新生二街,,,,,,2號附1,120.14324910394,23.454442569305
嘉義縣東石鄉東石村25鄰新生二街13號,10010,1001009,1001009-001,25鄰,新生二街,,,,,,13號,120.14317351129,23.45393225715
嘉義縣東石鄉東石村25鄰新生二街26號,10010,1001009,1001009-001,25鄰,新生二街,,,,,,26號,120.14270050755,23.453915211619
嘉義縣東石鄉東石村25鄰新生二街36號,10010,1001009,1001009-001,25鄰,新生二街,,,,,,36號,120.14243348584,23.45381324563
