FULL_ADDR,COUNTY,TOWN,VILLAGE,NEIGHBORHOOD,ROAD,SECTION,LANE,ALLEY,SUB_ALLEY,TONG,NUMBER,X,Y
屏東縣長治鄉新潭村16鄰長安街125號,10013,1001306,1001306-002,16鄰,長安街,,,,,,125號,120.51880418439,22.689382097512
屏東縣長治鄉長興村1鄰長安街12之1號,10013,1001306,1001306-005,1鄰,長安街,,,,,,12之1號,120.51426166304,22.686633291284
屏東縣長治鄉長興村1鄰長安街59號,10013,1001306,1001306-005,1鄰,長安街,,,,,,59號,120.51257600707,22.691177372469
屏東縣長治鄉長興村1鄰長安街61之1號,10013,1001306,1001306-005,1鄰,長安街,,,,,,61之1號,120.51299956591,22.69093157749
屏東縣長治鄉長興村1鄰長安街65之1號,10013,1001306,1001306-005,1鄰,長安街,,,,,,65之1號,120.51350054413,22.687501826069
