FULL_ADDR,COUNTY,TOWN,VILLAGE,NEIGHBORHOOD,ROAD,SECTION,LANE,ALLEY,SUB_ALLEY,TONG,NUMBER,X,Y
基隆市中正區中正里17鄰基隆嶼8號,10017,1001701,1001701-023,17鄰,,,,,,,8號,121.78338208812,25.190424605091
基隆市中正區中正里17鄰彭佳嶼8號,10017,1001701,1001701-023,17鄰,,,,,,,8號,122.07565503981,25.628987691677
基隆市中正區中正里17鄰彭佳嶼10號,10017,1001701,1001701-023,17鄰,,,,,,,10號,122.07593465653,25.628926851459
基隆市中山區通明里13鄰通明3巷28號,10017,1001705,1001705-011,13鄰,,,,,,,28號,121.73564954371,25.132597105258
