FULL_ADDR,COUNTY,TOWN,VILLAGE,NEIGHBORHOOD,ROAD,SECTION,LANE,ALLEY,SUB_ALLEY,TONG,NUMBER,X,Y
新竹市東區科園里24鄰篤行路1號,10018,1001801,1001801-047,24鄰,篤行路,,,,,,1號,121.02578886735,24.768715705162
新竹市東區科園里24鄰篤行路5號,10018,1001801,1001801-047,24鄰,篤行路,,,,,,5號,121.02367103532,24.768068519168
新竹市東區科園里24鄰篤行路6號,10018,1001801,1001801-047,24鄰,篤行路,,,,,,6號,121.02429445197,24.770878499798
新竹市東區科園里24鄰篤行路6之1號,10018,1001801,1001801-047,24鄰,篤行路,,,,,,6之1號,121.02432059164,24.771051665239
新竹市東區科園里24鄰篤行路6之2號,10018,1001801,1001801-047,24鄰,篤行路,,,,,,6之2號,121.02409819636,24.771051701187
新竹市東區科園里24鄰篤行路6之3號,10018,1001801,1001801-047,24鄰,篤行路,,,,,,6之3號,121.02384316975,24.771057700919
新竹市東區科園里24鄰篤行路6之5號,10018,1001801,1001801-047,24鄰,篤行路,,,,,,6之5號,121.02359457749,24.771099542979
新竹市東區科園里24鄰篤行路6之6號,10018,1001801,1001801-047,24鄰,篤行路,,,,,,6之6號,121.02350299863,24.771045836857
新竹市東區科園里24鄰篤行路6之7號,10018,1001801,1001801-047,24鄰,篤行路,,,,,,6之7號,121.02350950714,24.770950312621
新竹市東區科園里24鄰篤行路6之8號,10018,1001801,1001801-047,24鄰,篤行路,,,,,,6之8號,121.02352917423,24.770890539808
新竹市東區科園里24鄰篤行路7號,10018,1001801,1001801-047,24鄰,篤行路,,,,,,7號,121.0228829216,24.770718643978
新竹市東區科園里24鄰篤行路8號,10018,1001801,1001801-047,24鄰,篤行路,,,,,,8號,121.02239738091,24.769558985962
