FULL_ADDR,COUNTY,TOWN,VILLAGE,NEIGHBORHOOD,ROAD,SECTION,LANE,ALLEY,SUB_ALLEY,TONG,NUMBER,X,Y
臺東縣達仁鄉新化村3鄰新化46之5號,10014,1001415,1001415-003,3鄰,新化,,,,,,46之5號,120.85900455746,22.38186952928
臺東縣達仁鄉新化村3鄰新化60之1號,10014,1001415,1001415-003,3鄰,新化,,,,,,60之1號,120.85825608965,22.38184290096
