FULL_ADDR,COUNTY,TOWN,VILLAGE,NEIGHBORHOOD,ROAD,SECTION,LANE,ALLEY,SUB_ALLEY,TONG,NUMBER,X,Y
屏東縣高樹鄉南華村10鄰上海巷1號,10013,1001311,1001311-013,10鄰,上海巷,,,,,,1號,120.59590272147,22.773637683436
屏東縣高樹鄉南華村10鄰上海巷2號,10013,1001311,1001311-013,10鄰,上海巷,,,,,,2號,120.59578433025,22.773594396882
