FULL_ADDR,COUNTY,TOWN,VILLAGE,NEIGHBORHOOD,ROAD,SECTION,LANE,ALLEY,SUB_ALLEY,TONG,NUMBER,X,Y
花蓮縣壽豐鄉共和村9鄰吉利街326巷16號,10015,1001506,1001506-006,9鄰,吉利街,,326巷,,,,16號,121.51686824885,23.870620216735
花蓮縣壽豐鄉共和村5鄰吉利街300號,10015,1001506,1001506-006,5鄰,吉利街,,,,,,300號,121.51458941489,23.869679176677
花蓮縣壽豐鄉共和村5鄰吉利街301號,10015,1001506,1001506-006,5鄰,吉利街,,,,,,301號,121.51411944942,23.869780206511
花蓮縣壽豐鄉共和村5鄰吉利街309號,10015,1001506,1001506-006,5鄰,吉利街,,,,,,309號,121.51495375205,23.870648619003
花蓮縣壽豐鄉共和村9鄰吉利街339號,10015,1001506,1001506-006,9鄰,吉利街,,,,,,339號,121.51732157117,23.873985786922
