FULL_ADDR,COUNTY,TOWN,VILLAGE,NEIGHBORHOOD,ROAD,SECTION,LANE,ALLEY,SUB_ALLEY,TONG,NUMBER,X,Y
屏東縣屏東市永城里4鄰永勝巷1號,10013,1001301,1001301-066,4鄰,永勝巷,,,,,,1號,120.48390919054,22.67883826598
屏東縣屏東市永城里4鄰永勝巷2號,10013,1001301,1001301-066,4鄰,永勝巷,,,,,,2號,120.48379943466,22.678833306479
屏東縣屏東市永城里4鄰永勝巷3號,10013,1001301,1001301-066,4鄰,永勝巷,,,,,,3號,120.48356507981,22.678810967129
屏東縣屏東市永城里4鄰永勝巷4號,10013,1001301,1001301-066,4鄰,永勝巷,,,,,,4號,120.48345365233,22.67881060773
屏東縣屏東市永城里4鄰永勝巷5號,10013,1001301,1001301-066,4鄰,永勝巷,,,,,,5號,120.483227558,22.67879136502
屏東縣屏東市永城里4鄰永勝巷6號,10013,1001301,1001301-066,4鄰,永勝巷,,,,,,6號,120.48310622151,22.678786367671
