FULL_ADDR,COUNTY,TOWN,VILLAGE,NEIGHBORHOOD,ROAD,SECTION,LANE,ALLEY,SUB_ALLEY,TONG,NUMBER,X,Y
花蓮縣瑞穗鄉瑞祥村5鄰一心路12之1號,10015,1001509,1001509-004,5鄰,一心路,,,,,,12之1號,121.36237373691,23.489154607746
花蓮縣瑞穗鄉瑞祥村13鄰一心路290號,10015,1001509,1001509-004,13鄰,一心路,,,,,,290號,121.36882276731,23.49236724208
花蓮縣瑞穗鄉瑞祥村14鄰一心路310之25號,10015,1001509,1001509-004,14鄰,一心路,,,,,,310之25號,121.37071452719,23.491677102278
