FULL_ADDR,COUNTY,TOWN,VILLAGE,NEIGHBORHOOD,ROAD,SECTION,LANE,ALLEY,SUB_ALLEY,TONG,NUMBER,X,Y
花蓮縣鳳林鎮長橋里16鄰長一路100號,10015,1001502,1001502-011,16鄰,長一路,,,,,,100號,121.42104792523,23.708334062087
花蓮縣鳳林鎮長橋里16鄰長一路300號,10015,1001502,1001502-011,16鄰,長一路,,,,,,300號,121.4221121597,23.707530991322
花蓮縣鳳林鎮長橋里16鄰長一路350號,10015,1001502,1001502-011,16鄰,長一路,,,,,,350號,121.42308781294,23.70722506285
