FULL_ADDR,COUNTY,TOWN,VILLAGE,NEIGHBORHOOD,ROAD,SECTION,LANE,ALLEY,SUB_ALLEY,TONG,NUMBER,X,Y
屏東縣枋寮鄉內寮村8鄰瓦磘三路6號,10013,1001316,1001316-010,8鄰,瓦磘三路,,,,,,6號,120.61351960139,22.376111046901
屏東縣枋寮鄉內寮村8鄰瓦磘三路12號,10013,1001316,1001316-010,8鄰,瓦磘三路,,,,,,12號,120.61346609325,22.376322793244
屏東縣枋寮鄉內寮村8鄰瓦磘三路22號,10013,1001316,1001316-010,8鄰,瓦磘三路,,,,,,22號,120.61349872648,22.37646159185
屏東縣枋寮鄉內寮村8鄰瓦磘三路26號,10013,1001316,1001316-010,8鄰,瓦磘三路,,,,,,26號,120.6135118942,22.376510843847
屏東縣枋寮鄉內寮村8鄰瓦磘三路28號,10013,1001316,1001316-010,8鄰,瓦磘三路,,,,,,28號,120.61355469672,22.376553935022
屏東縣枋寮鄉內寮村8鄰瓦磘三路30號,10013,1001316,1001316-010,8鄰,瓦磘三路,,,,,,30號,120.61355788789,22.37659395127
屏東縣枋寮鄉內寮村8鄰瓦磘三路40號,10013,1001316,1001316-010,8鄰,瓦磘三路,,,,,,40號,120.61359414812,22.376790829729
