FULL_ADDR,COUNTY,TOWN,VILLAGE,NEIGHBORHOOD,ROAD,SECTION,LANE,ALLEY,SUB_ALLEY,TONG,NUMBER,X,Y
澎湖縣馬公市案山里8鄰山40之3號,10016,1001601,1001601-017,8鄰,山,,,,,,40之3號,119.5788329468,23.557404832293
澎湖縣馬公市案山里19鄰山201號,10016,1001601,1001601-017,19鄰,山,,,,,,201號,119.57281619037,23.563148713568
