FULL_ADDR,COUNTY,TOWN,VILLAGE,NEIGHBORHOOD,ROAD,SECTION,LANE,ALLEY,SUB_ALLEY,TONG,NUMBER,X,Y
屏東縣屏東市厚生里24鄰建安巷5號,10013,1001301,1001301-033,24鄰,建安巷,,,,,,5號,120.48126147836,22.665637811493
屏東縣屏東市厚生里24鄰建安巷6號,10013,1001301,1001301-033,24鄰,建安巷,,,,,,6號,120.48125459922,22.665604013825
屏東縣屏東市厚生里24鄰建安巷8號,10013,1001301,1001301-033,24鄰,建安巷,,,,,,8號,120.48124907422,22.665572387946
屏東縣屏東市厚生里24鄰建安巷8之1號,10013,1001301,1001301-033,24鄰,建安巷,,,,,,8之1號,120.48124507254,22.665549707545
屏東縣屏東市厚生里24鄰建安巷12號,10013,1001301,1001301-033,24鄰,建安巷,,,,,,12號,120.48122085901,22.6654159725
