FULL_ADDR,COUNTY,TOWN,VILLAGE,NEIGHBORHOOD,ROAD,SECTION,LANE,ALLEY,SUB_ALLEY,TONG,NUMBER,X,Y
屏東縣瑪家鄉瑪家村1鄰崑山16號,10013,1001328,1001328-001,1鄰,崑山,,,,,,16號,120.68755105012,22.67210380722
屏東縣瑪家鄉瑪家村2鄰崑山22號,10013,1001328,1001328-001,2鄰,崑山,,,,,,22號,120.68705729446,22.67209516692
屏東縣瑪家鄉瑪家村2鄰崑山22之1號,10013,1001328,1001328-001,2鄰,崑山,,,,,,22之1號,120.68700395796,22.672184469733
屏東縣瑪家鄉瑪家村2鄰崑山28號,10013,1001328,1001328-001,2鄰,崑山,,,,,,28號,120.68675667886,22.672228238287
屏東縣瑪家鄉瑪家村2鄰崑山30號,10013,1001328,1001328-001,2鄰,崑山,,,,,,30號,120.68693821232,22.671995683379
屏東縣瑪家鄉瑪家村2鄰崑山38號,10013,1001328,1001328-001,2鄰,崑山,,,,,,38號,120.68663825618,22.671838499055
屏東縣瑪家鄉瑪家村2鄰崑山38之50號,10013,1001328,1001328-001,2鄰,崑山,,,,,,38之50號,120.68641974792,22.672068813798
