FULL_ADDR,COUNTY,TOWN,VILLAGE,NEIGHBORHOOD,ROAD,SECTION,LANE,ALLEY,SUB_ALLEY,TONG,NUMBER,X,Y
屏東縣高樹鄉大埔村5鄰永樂巷1號,10013,1001311,1001311-007,5鄰,永樂巷,,,,,,1號,120.59772914472,22.841080420353
屏東縣高樹鄉大埔村5鄰永樂巷2號,10013,1001311,1001311-007,5鄰,永樂巷,,,,,,2號,120.59757496174,22.841161127032
屏東縣高樹鄉大埔村5鄰永樂巷3號,10013,1001311,1001311-007,5鄰,永樂巷,,,,,,3號,120.59752829639,22.841225488731
屏東縣高樹鄉大埔村5鄰永樂巷5號,10013,1001311,1001311-007,5鄰,永樂巷,,,,,,5號,120.59741348012,22.841503616851
屏東縣高樹鄉大埔村5鄰永樂巷6號,10013,1001311,1001311-007,5鄰,永樂巷,,,,,,6號,120.59716859794,22.841613082541
屏東縣高樹鄉大埔村6鄰永樂巷7號,10013,1001311,1001311-007,6鄰,永樂巷,,,,,,7號,120.59761915693,22.840942784604
屏東縣高樹鄉菜寮村8鄰永樂巷1號,10013,1001311,1001311-008,8鄰,永樂巷,,,,,,1號,120.60337510166,22.85124380154
屏東縣高樹鄉菜寮村8鄰永樂巷2號,10013,1001311,1001311-008,8鄰,永樂巷,,,,,,2號,120.60309968802,22.851091398451
屏東縣高樹鄉菜寮村8鄰永樂巷3號,10013,1001311,1001311-008,8鄰,永樂巷,,,,,,3號,120.6029732711,22.851204419177
