FULL_ADDR,COUNTY,TOWN,VILLAGE,NEIGHBORHOOD,ROAD,SECTION,LANE,ALLEY,SUB_ALLEY,TONG,NUMBER,X,Y
屏東縣萬丹鄉社口村8鄰志田路200號,10013,1001305,1001305-016,8鄰,志田路,,,,,,200號,120.46012933572,22.613273886878
屏東縣萬丹鄉社口村8鄰志田路211號,10013,1001305,1001305-016,8鄰,志田路,,,,,,211號,120.45970576449,22.613511328539
屏東縣萬丹鄉社口村8鄰志田路300號,10013,1001305,1001305-016,8鄰,志田路,,,,,,300號,120.46002008879,22.614846700297
屏東縣萬丹鄉社口村8鄰志田路368號,10013,1001305,1001305-016,8鄰,志田路,,,,,,368號,120.4598467293,22.615648962842
