FULL_ADDR,COUNTY,TOWN,VILLAGE,NEIGHBORHOOD,ROAD,SECTION,LANE,ALLEY,SUB_ALLEY,TONG,NUMBER,X,Y
花蓮縣鳳林鎮鳳仁里9鄰農園路5號,10015,1001502,1001502-001,9鄰,農園路,,,,,,5號,121.45602652014,23.761244179314
花蓮縣鳳林鎮鳳仁里9鄰農園路6號,10015,1001502,1001502-001,9鄰,農園路,,,,,,6號,121.45582268978,23.761062336471
花蓮縣鳳林鎮大榮里2鄰農園路295號,10015,1001502,1001502-007,2鄰,農園路,,,,,,295號,121.46497560664,23.760411093172
花蓮縣鳳林鎮大榮里4鄰農園路500號,10015,1001502,1001502-007,4鄰,農園路,,,,,,500號,121.46976110563,23.756172697382
花蓮縣鳳林鎮南平里1鄰農園路5之6號,10015,1001502,1001502-009,1鄰,農園路,,,,,,5之6號,121.45682640327,23.760945083397
