FULL_ADDR,COUNTY,TOWN,VILLAGE,NEIGHBORHOOD,ROAD,SECTION,LANE,ALLEY,SUB_ALLEY,TONG,NUMBER,X,Y
花蓮縣吉安鄉光華村3鄰華南二路1號,10015,1001505,1001505-018,3鄰,華南二路,,,,,,1號,121.59187329737,23.928087971395
花蓮縣吉安鄉光華村3鄰華南二路2號,10015,1001505,1001505-018,3鄰,華南二路,,,,,,2號,121.59200940623,23.928430787662
花蓮縣吉安鄉光華村3鄰華南二路3號,10015,1001505,1001505-018,3鄰,華南二路,,,,,,3號,121.59142477526,23.928177851607
花蓮縣吉安鄉光華村3鄰華南二路4號,10015,1001505,1001505-018,3鄰,華南二路,,,,,,4號,121.5918622093,23.928812519063
花蓮縣吉安鄉光華村3鄰華南二路5號,10015,1001505,1001505-018,3鄰,華南二路,,,,,,5號,121.59090935355,23.928363960608
花蓮縣吉安鄉光華村3鄰華南二路7號,10015,1001505,1001505-018,3鄰,華南二路,,,,,,7號,121.59058916028,23.928758843529
花蓮縣吉安鄉光華村3鄰華南二路8號,10015,1001505,1001505-018,3鄰,華南二路,,,,,,8號,121.5908746493,23.929231831449
