FULL_ADDR,COUNTY,TOWN,VILLAGE,NEIGHBORHOOD,ROAD,SECTION,LANE,ALLEY,SUB_ALLEY,TONG,NUMBER,X,Y
嘉義縣梅山鄉太興村4鄰青園1號,10010,1001015,1001015-014,4鄰,青園,,,,,,1號,120.63411676887,23.542869205445
嘉義縣梅山鄉太興村4鄰青園1之7號,10010,1001015,1001015-014,4鄰,青園,,,,,,1之7號,120.62938885655,23.540129243924
嘉義縣梅山鄉太興村4鄰青園1之8號,10010,1001015,1001015-014,4鄰,青園,,,,,,1之8號,120.63094473969,23.538101284954
嘉義縣梅山鄉太興村4鄰青園2號,10010,1001015,1001015-014,4鄰,青園,,,,,,2號,120.63286769681,23.537750323035
嘉義縣梅山鄉太興村4鄰青園4號,10010,1001015,1001015-014,4鄰,青園,,,,,,4號,120.62808479464,23.539629302538
嘉義縣梅山鄉太興村4鄰青園5號,10010,1001015,1001015-014,4鄰,青園,,,,,,5號,120.62807842736,23.53865440998
嘉義縣梅山鄉太興村4鄰青園6號,10010,1001015,1001015-014,4鄰,青園,,,,,,6號,120.62837775133,23.538195227868
