FULL_ADDR,COUNTY,TOWN,VILLAGE,NEIGHBORHOOD,ROAD,SECTION,LANE,ALLEY,SUB_ALLEY,TONG,NUMBER,X,Y
屏東縣屏東市維新里6鄰光義巷1號,10013,1001301,1001301-012,6鄰,光義巷,,,,,,1號,120.48076241086,22.673904027021
屏東縣屏東市維新里6鄰光義巷2號,10013,1001301,1001301-012,6鄰,光義巷,,,,,,2號,120.48075705396,22.673931102186
屏東縣屏東市維新里6鄰光義巷3號,10013,1001301,1001301-012,6鄰,光義巷,,,,,,3號,120.48074277357,22.673976210107
屏東縣屏東市維新里6鄰光義巷4號,10013,1001301,1001301-012,6鄰,光義巷,,,,,,4號,120.48065097098,22.674011403659
屏東縣屏東市維新里6鄰光義巷5號,10013,1001301,1001301-012,6鄰,光義巷,,,,,,5號,120.48062718032,22.674178668045
