FULL_ADDR,COUNTY,TOWN,VILLAGE,NEIGHBORHOOD,ROAD,SECTION,LANE,ALLEY,SUB_ALLEY,TONG,NUMBER,X,Y
屏東縣屏東市北興里20鄰復國九巷1號,10013,1001301,1001301-069,20鄰,復國九巷,,,,,,1號,120.49821843109,22.691935758643
屏東縣屏東市北興里20鄰復國九巷1之1號,10013,1001301,1001301-069,20鄰,復國九巷,,,,,,1之1號,120.49822486777,22.691932166485
屏東縣屏東市北興里20鄰復國九巷1之2號,10013,1001301,1001301-069,20鄰,復國九巷,,,,,,1之2號,120.49831935924,22.691989266673
屏東縣屏東市北興里20鄰復國九巷1之3號,10013,1001301,1001301-069,20鄰,復國九巷,,,,,,1之3號,120.49819650669,22.692076480722
屏東縣屏東市北興里20鄰復國九巷1之4號,10013,1001301,1001301-069,20鄰,復國九巷,,,,,,1之4號,120.49821612446,22.692195026859
屏東縣屏東市北興里20鄰復國九巷10號,10013,1001301,1001301-069,20鄰,復國九巷,,,,,,10號,120.49830473399,22.691916251634
屏東縣屏東市北興里20鄰復國九巷18號,10013,1001301,1001301-069,20鄰,復國九巷,,,,,,18號,120.4891511079,22.675294030109
