FULL_ADDR,COUNTY,TOWN,VILLAGE,NEIGHBORHOOD,ROAD,SECTION,LANE,ALLEY,SUB_ALLEY,TONG,NUMBER,X,Y
屏東縣竹田鄉六巷村3鄰南北五路1號,10013,1001314,1001314-012,3鄰,南北五路,,,,,,1號,120.51697115874,22.605673597813
屏東縣竹田鄉六巷村3鄰南北五路3巷5之1號,10013,1001314,1001314-012,3鄰,南北五路,,3巷,,,,5之1號,120.51601275347,22.605767794025
屏東縣竹田鄉六巷村3鄰南北五路8號,10013,1001314,1001314-012,3鄰,南北五路,,,,,,8號,120.51730335753,22.606193876954
屏東縣竹田鄉六巷村3鄰南北五路10號,10013,1001314,1001314-012,3鄰,南北五路,,,,,,10號,120.51706594713,22.606188647449
屏東縣竹田鄉六巷村3鄰南北五路13號,10013,1001314,1001314-012,3鄰,南北五路,,,,,,13號,120.51696637946,22.606596998595
屏東縣竹田鄉六巷村3鄰南北五路15號,10013,1001314,1001314-012,3鄰,南北五路,,,,,,15號,120.51694014058,22.606841116649
