FULL_ADDR,COUNTY,TOWN,VILLAGE,NEIGHBORHOOD,ROAD,SECTION,LANE,ALLEY,SUB_ALLEY,TONG,NUMBER,X,Y
屏東縣萬丹鄉萬全村1鄰公園東街19號,10013,1001305,1001305-003,1鄰,公園東街,,,,,,19號,120.48764455462,22.59382043059
屏東縣萬丹鄉萬全村1鄰公園東街29號,10013,1001305,1001305-003,1鄰,公園東街,,,,,,29號,120.48582778162,22.593635631201
屏東縣萬丹鄉四維村11鄰公園東街28號,10013,1001305,1001305-007,11鄰,公園東街,,,,,,28號,120.48652091085,22.594980568737
