FULL_ADDR,COUNTY,TOWN,VILLAGE,NEIGHBORHOOD,ROAD,SECTION,LANE,ALLEY,SUB_ALLEY,TONG,NUMBER,X,Y
花蓮縣瑞穗鄉富源村8鄰至善路31號,10015,1001509,1001509-009,8鄰,至善路,,,,,,31號,121.38044063502,23.578006879761
花蓮縣瑞穗鄉富源村1鄰至善路43號,10015,1001509,1001509-009,1鄰,至善路,,,,,,43號,121.38057350224,23.579978159316
花蓮縣瑞穗鄉富源村15鄰至善路100號,10015,1001509,1001509-009,15鄰,至善路,,,,,,100號,121.37942835884,23.574614115867
花蓮縣瑞穗鄉富源村15鄰至善路101號,10015,1001509,1001509-009,15鄰,至善路,,,,,,101號,121.37868695446,23.570970048546
花蓮縣瑞穗鄉富源村15鄰至善路101之8號,10015,1001509,1001509-009,15鄰,至善路,,,,,,101之8號,121.37880967852,23.572190606988
