FULL_ADDR,COUNTY,TOWN,VILLAGE,NEIGHBORHOOD,ROAD,SECTION,LANE,ALLEY,SUB_ALLEY,TONG,NUMBER,X,Y
新竹市東區科園里24鄰力行六路1號,10018,1001801,1001801-047,24鄰,力行六路,,,,,,1號,121.01554956942,24.773392157979
新竹市東區科園里24鄰力行六路2號,10018,1001801,1001801-047,24鄰,力行六路,,,,,,2號,121.01452440024,24.773429458978
新竹市東區科園里24鄰力行六路3號,10018,1001801,1001801-047,24鄰,力行六路,,,,,,3號,121.01511196219,24.772351018025
新竹市東區科園里24鄰力行六路5號,10018,1001801,1001801-047,24鄰,力行六路,,,,,,5號,121.01415044503,24.771164114215
新竹市東區科園里24鄰力行六路6號,10018,1001801,1001801-047,24鄰,力行六路,,,,,,6號,121.01459310438,24.774077348666
新竹市東區科園里24鄰力行六路8號,10018,1001801,1001801-047,24鄰,力行六路,,,,,,8號,121.01328089884,24.772664666589
新竹市東區科園里24鄰力行六路10號,10018,1001801,1001801-047,24鄰,力行六路,,,,,,10號,121.01429304108,24.7737717576
