FULL_ADDR,COUNTY,TOWN,VILLAGE,NEIGHBORHOOD,ROAD,SECTION,LANE,ALLEY,SUB_ALLEY,TONG,NUMBER,X,Y
屏東縣內埔鄉內埔村20鄰崇聖路1號,10013,1001313,1001313-001,20鄰,崇聖路,,,,,,1號,120.5681568645,22.612560093592
屏東縣內埔鄉內埔村18鄰崇聖路2號,10013,1001313,1001313-001,18鄰,崇聖路,,,,,,2號,120.56832718401,22.612592431176
屏東縣內埔鄉內埔村18鄰崇聖路4號,10013,1001313,1001313-001,18鄰,崇聖路,,,,,,4號,120.56829062702,22.612618071181
屏東縣內埔鄉內埔村18鄰崇聖路6號,10013,1001313,1001313-001,18鄰,崇聖路,,,,,,6號,120.56825603376,22.612637846315
屏東縣內埔鄉內埔村18鄰崇聖路8號,10013,1001313,1001313-001,18鄰,崇聖路,,,,,,8號,120.56821514182,22.612649928151
屏東縣內埔鄉內埔村20鄰崇聖路27號,10013,1001313,1001313-001,20鄰,崇聖路,,,,,,27號,120.56790111648,22.612784547929
