FULL_ADDR,COUNTY,TOWN,VILLAGE,NEIGHBORHOOD,ROAD,SECTION,LANE,ALLEY,SUB_ALLEY,TONG,NUMBER,X,Y
新竹市東區科園里24鄰力行七路6號,10018,1001801,1001801-047,24鄰,力行七路,,,,,,6號,121.0140388642,24.774352775645
新竹市東區科園里24鄰力行七路8號,10018,1001801,1001801-047,24鄰,力行七路,,,,,,8號,121.01352500596,24.774975438991
