FULL_ADDR,COUNTY,TOWN,VILLAGE,NEIGHBORHOOD,ROAD,SECTION,LANE,ALLEY,SUB_ALLEY,TONG,NUMBER,X,Y
屏東縣新園鄉鹽埔村4鄰永定街1號,10013,1001317,1001317-014,4鄰,永定街,,,,,,1號,120.44079740766,22.483663799805
屏東縣新園鄉鹽埔村4鄰永定街3號,10013,1001317,1001317-014,4鄰,永定街,,,,,,3號,120.44085643261,22.483678905703
屏東縣新園鄉鹽埔村4鄰永定街5號,10013,1001317,1001317-014,4鄰,永定街,,,,,,5號,120.44091006596,22.483681439773
屏東縣新園鄉鹽埔村4鄰永定街7號,10013,1001317,1001317-014,4鄰,永定街,,,,,,7號,120.44095300346,22.483685472009
屏東縣新園鄉鹽埔村4鄰永定街9號,10013,1001317,1001317-014,4鄰,永定街,,,,,,9號,120.44100441221,22.483685379339
屏東縣新園鄉鹽埔村4鄰永定街11號,10013,1001317,1001317-014,4鄰,永定街,,,,,,11號,120.44105318444,22.483688438367
屏東縣新園鄉鹽埔村4鄰永定街13號,10013,1001317,1001317-014,4鄰,永定街,,,,,,13號,120.44109124596,22.483696698237
屏東縣新園鄉鹽埔村4鄰永定街15號,10013,1001317,1001317-014,4鄰,永定街,,,,,,15號,120.44113572529,22.483703986934
