FULL_ADDR,COUNTY,TOWN,VILLAGE,NEIGHBORHOOD,ROAD,SECTION,LANE,ALLEY,SUB_ALLEY,TONG,NUMBER,X,Y
臺東縣池上鄉福原村1鄰公園1號,10014,1001406,1001406-005,1鄰,公園,,,,,,1號,121.21164278383,23.121160272538
臺東縣池上鄉福原村1鄰公園2號,10014,1001406,1001406-005,1鄰,公園,,,,,,2號,121.21033148162,23.121649269969
