FULL_ADDR,COUNTY,TOWN,VILLAGE,NEIGHBORHOOD,ROAD,SECTION,LANE,ALLEY,SUB_ALLEY,TONG,NUMBER,X,Y
屏東縣九如鄉洽興村12鄰豐平路12號,10013,1001308,1001308-009,12鄰,豐平路,,,,,,12號,120.51119853439,22.758340685901
屏東縣九如鄉洽興村12鄰豐平路17號,10013,1001308,1001308-009,12鄰,豐平路,,,,,,17號,120.51095015089,22.758226137632
屏東縣九如鄉洽興村12鄰豐平路40號,10013,1001308,1001308-009,12鄰,豐平路,,,,,,40號,120.51010679847,22.758388364453
