FULL_ADDR,COUNTY,TOWN,VILLAGE,NEIGHBORHOOD,ROAD,SECTION,LANE,ALLEY,SUB_ALLEY,TONG,NUMBER,X,Y
嘉義縣番路鄉公興村6鄰苦苓橋1號,10010,1001016,1001016-010,6鄰,苦苓橋,,,,,,1號,120.62578170671,23.424362316155
嘉義縣番路鄉公興村6鄰苦苓橋4號,10010,1001016,1001016-010,6鄰,苦苓橋,,,,,,4號,120.62574138234,23.424886598418
嘉義縣番路鄉公興村6鄰苦苓橋8號,10010,1001016,1001016-010,6鄰,苦苓橋,,,,,,8號,120.63527390886,23.423174824881
