FULL_ADDR,COUNTY,TOWN,VILLAGE,NEIGHBORHOOD,ROAD,SECTION,LANE,ALLEY,SUB_ALLEY,TONG,NUMBER,X,Y
屏東縣萬丹鄉磚寮村3鄰昌隆路13號,10013,1001305,1001305-017,3鄰,昌隆路,,,,,,13號,120.45842039282,22.623106915179
屏東縣萬丹鄉磚寮村3鄰昌隆路25號,10013,1001305,1001305-017,3鄰,昌隆路,,,,,,25號,120.45886505097,22.623405350825
屏東縣萬丹鄉磚寮村3鄰昌隆路27號,10013,1001305,1001305-017,3鄰,昌隆路,,,,,,27號,120.45886489193,22.623445989239
屏東縣萬丹鄉磚寮村2鄰昌隆路105號,10013,1001305,1001305-017,2鄰,昌隆路,,,,,,105號,120.45914865295,22.626131825686
屏東縣萬丹鄉磚寮村2鄰昌隆路120號,10013,1001305,1001305-017,2鄰,昌隆路,,,,,,120號,120.45942147841,22.625645981068
屏東縣萬丹鄉磚寮村2鄰昌隆路180號,10013,1001305,1001305-017,2鄰,昌隆路,,,,,,180號,120.45965886205,22.627134165963
