FULL_ADDR,COUNTY,TOWN,VILLAGE,NEIGHBORHOOD,ROAD,SECTION,LANE,ALLEY,SUB_ALLEY,TONG,NUMBER,X,Y
嘉義縣竹崎鄉龍山村9鄰埤頂3號,10010,1001014,1001014-017,9鄰,埤頂,,,,,,3號,120.5804429586,23.511650055692
嘉義縣竹崎鄉龍山村9鄰埤頂4號,10010,1001014,1001014-017,9鄰,埤頂,,,,,,4號,120.5804429586,23.511650055692
嘉義縣竹崎鄉龍山村9鄰埤頂5號,10010,1001014,1001014-017,9鄰,埤頂,,,,,,5號,120.57804541585,23.516032508929
嘉義縣竹崎鄉龍山村9鄰埤頂6號,10010,1001014,1001014-017,9鄰,埤頂,,,,,,6號,120.58133614669,23.512691819392
嘉義縣竹崎鄉龍山村9鄰埤頂6之1號,10010,1001014,1001014-017,9鄰,埤頂,,,,,,6之1號,120.58079261835,23.514178814153
嘉義縣竹崎鄉龍山村9鄰埤頂7號,10010,1001014,1001014-017,9鄰,埤頂,,,,,,7號,120.57761219892,23.515388671048
