FULL_ADDR,COUNTY,TOWN,VILLAGE,NEIGHBORHOOD,ROAD,SECTION,LANE,ALLEY,SUB_ALLEY,TONG,NUMBER,X,Y
嘉義縣布袋鎮光復里12鄰七區1號,10010,1001003,1001003-005,12鄰,七區,,,,,,1號,120.16483243223,23.375078168268
嘉義縣布袋鎮光復里12鄰七區2號,10010,1001003,1001003-005,12鄰,七區,,,,,,2號,120.16480393919,23.375082801851
嘉義縣布袋鎮光復里12鄰七區3號,10010,1001003,1001003-005,12鄰,七區,,,,,,3號,120.16480393919,23.375082801851
嘉義縣布袋鎮光復里12鄰七區5號,10010,1001003,1001003-005,12鄰,七區,,,,,,5號,120.16480393919,23.375082801851
嘉義縣布袋鎮光復里12鄰七區6號,10010,1001003,1001003-005,12鄰,七區,,,,,,6號,120.16480393919,23.375082801851
