FULL_ADDR,COUNTY,TOWN,VILLAGE,NEIGHBORHOOD,ROAD,SECTION,LANE,ALLEY,SUB_ALLEY,TONG,NUMBER,X,Y
屏東縣鹽埔鄉久愛村6鄰白米巷2號,10013,1001310,1001310-009,6鄰,白米巷,,,,,,2號,120.60590493508,22.720738255073
屏東縣鹽埔鄉久愛村6鄰白米巷3號,10013,1001310,1001310-009,6鄰,白米巷,,,,,,3號,120.60593351648,22.720649912973
屏東縣鹽埔鄉久愛村6鄰白米巷4號,10013,1001310,1001310-009,6鄰,白米巷,,,,,,4號,120.60590004255,22.720645044098
