FULL_ADDR,COUNTY,TOWN,VILLAGE,NEIGHBORHOOD,ROAD,SECTION,LANE,ALLEY,SUB_ALLEY,TONG,NUMBER,X,Y
嘉義縣大埔鄉大埔村15鄰自由六街50號,10010,1001017,1001017-001,15鄰,自由六街,,,,,,50號,120.59148577019,23.296294281484
嘉義縣大埔鄉大埔村15鄰自由六街51號,10010,1001017,1001017-001,15鄰,自由六街,,,,,,51號,120.59141382629,23.296291294704
嘉義縣大埔鄉大埔村15鄰自由六街52號,10010,1001017,1001017-001,15鄰,自由六街,,,,,,52號,120.59134069106,23.296294264745
嘉義縣大埔鄉大埔村15鄰自由六街53號,10010,1001017,1001017-001,15鄰,自由六街,,,,,,53號,120.59126073073,23.296291257007
嘉義縣大埔鄉大埔村15鄰自由六街55號,10010,1001017,1001017-001,15鄰,自由六街,,,,,,55號,120.5911857623,23.296286275588
嘉義縣大埔鄉大埔村15鄰自由六街56號,10010,1001017,1001017-001,15鄰,自由六街,,,,,,56號,120.59111371155,23.29628626837
嘉義縣大埔鄉大埔村15鄰自由六街57號,10010,1001017,1001017-001,15鄰,自由六街,,,,,,57號,120.59103871554,23.296290317047
嘉義縣大埔鄉大埔村15鄰自由六街58號,10010,1001017,1001017-001,15鄰,自由六街,,,,,,58號,120.59096971085,23.296285260773
