FULL_ADDR,COUNTY,TOWN,VILLAGE,NEIGHBORHOOD,ROAD,SECTION,LANE,ALLEY,SUB_ALLEY,TONG,NUMBER,X,Y
花蓮縣花蓮市國興里21鄰濟慈路668號,10015,1001501,1001501-044,21鄰,濟慈路,,,,,,668號,121.57589405435,24.002727759884
花蓮縣花蓮市國興里21鄰濟慈路670號,10015,1001501,1001501-044,21鄰,濟慈路,,,,,,670號,121.57599182014,24.002540035316
