FULL_ADDR,COUNTY,TOWN,VILLAGE,NEIGHBORHOOD,ROAD,SECTION,LANE,ALLEY,SUB_ALLEY,TONG,NUMBER,X,Y
花蓮縣光復鄉大全村12鄰農場路11號,10015,1001507,1001507-007,12鄰,農場路,,,,,,11號,121.42180022547,23.61031971792
花蓮縣光復鄉大全村12鄰農場路31號,10015,1001507,1001507-007,12鄰,農場路,,,,,,31號,121.41453891566,23.615344624331
