FULL_ADDR,COUNTY,TOWN,VILLAGE,NEIGHBORHOOD,ROAD,SECTION,LANE,ALLEY,SUB_ALLEY,TONG,NUMBER,X,Y
屏東縣屏東市安樂里6鄰崇右巷1號,10013,1001301,1001301-013,6鄰,崇右巷,,,,,,1號,120.49170950247,22.672554713412
屏東縣屏東市安樂里6鄰崇右巷2號,10013,1001301,1001301-013,6鄰,崇右巷,,,,,,2號,120.49165088826,22.672510456808
屏東縣屏東市安樂里6鄰崇右巷3號,10013,1001301,1001301-013,6鄰,崇右巷,,,,,,3號,120.49174271391,22.672547232886
屏東縣屏東市安樂里6鄰崇右巷4號,10013,1001301,1001301-013,6鄰,崇右巷,,,,,,4號,120.49169179435,22.672501104234
屏東縣屏東市安樂里6鄰崇右巷4之1號,10013,1001301,1001301-013,6鄰,崇右巷,,,,,,4之1號,120.4917403071,22.672487350669
屏東縣屏東市安樂里6鄰崇右巷4之2號,10013,1001301,1001301-013,6鄰,崇右巷,,,,,,4之2號,120.49178403523,22.672478007027
屏東縣屏東市安樂里6鄰崇右巷5之1號,10013,1001301,1001301-013,6鄰,崇右巷,,,,,,5之1號,120.49178124948,22.672758677208
