FULL_ADDR,COUNTY,TOWN,VILLAGE,NEIGHBORHOOD,ROAD,SECTION,LANE,ALLEY,SUB_ALLEY,TONG,NUMBER,X,Y
臺東縣臺東市新生里28鄰任六街102號,10014,1001401,1001401-007,28鄰,任六街,,,,,,102號,121.1412720648,22.769201307017
臺東縣臺東市新生里28鄰任六街102之1號,10014,1001401,1001401-007,28鄰,任六街,,,,,,102之1號,121.14120951398,22.76920045023
