FULL_ADDR,COUNTY,TOWN,VILLAGE,NEIGHBORHOOD,ROAD,SECTION,LANE,ALLEY,SUB_ALLEY,TONG,NUMBER,X,Y
嘉義縣水上鄉民生村25鄰自强街1巷7號,10010,1001012,1001012-019,25鄰,自强街,,1巷,,,,7號,120.43343875018,23.446706679851
嘉義縣水上鄉民生村25鄰自强街7號,10010,1001012,1001012-019,25鄰,自强街,,,,,,7號,120.43353441438,23.446420868928
嘉義縣水上鄉民生村25鄰自强街10號,10010,1001012,1001012-019,25鄰,自强街,,,,,,10號,120.43349393604,23.446503255476
嘉義縣水上鄉民生村25鄰自强街11號,10010,1001012,1001012-019,25鄰,自强街,,,,,,11號,120.43344908114,23.446395546298
嘉義縣水上鄉民生村25鄰自强街12號,10010,1001012,1001012-019,25鄰,自强街,,,,,,12號,120.43346550188,23.446492406655
