FULL_ADDR,COUNTY,TOWN,VILLAGE,NEIGHBORHOOD,ROAD,SECTION,LANE,ALLEY,SUB_ALLEY,TONG,NUMBER,X,Y
屏東縣屏東市慶春里1鄰酒泉一橫巷3號,10013,1001301,1001301-017,1鄰,酒泉一橫巷,,,,,,3號,120.49318275694,22.669342589786
屏東縣屏東市慶春里1鄰酒泉一橫巷4號,10013,1001301,1001301-017,1鄰,酒泉一橫巷,,,,,,4號,120.4932782455,22.669308935841
屏東縣屏東市慶春里1鄰酒泉一橫巷5號,10013,1001301,1001301-017,1鄰,酒泉一橫巷,,,,,,5號,120.49338983096,22.669264224787
屏東縣屏東市慶春里1鄰酒泉一橫巷20號,10013,1001301,1001301-017,1鄰,酒泉一橫巷,,,,,,20號,120.49377577158,22.669050781327
屏東縣屏東市慶春里1鄰酒泉一橫巷20之2號,10013,1001301,1001301-017,1鄰,酒泉一橫巷,,,,,,20之2號,120.49371423497,22.669060611102
屏東縣屏東市慶春里1鄰酒泉一橫巷22號,10013,1001301,1001301-017,1鄰,酒泉一橫巷,,,,,,22號,120.4936708953,22.669070498373
屏東縣屏東市慶春里1鄰酒泉一橫巷23號,10013,1001301,1001301-017,1鄰,酒泉一橫巷,,,,,,23號,120.49360190095,22.669070731817
