FULL_ADDR,COUNTY,TOWN,VILLAGE,NEIGHBORHOOD,ROAD,SECTION,LANE,ALLEY,SUB_ALLEY,TONG,NUMBER,X,Y
花蓮縣玉里鎮中城里2鄰城南三街11號,10015,1001503,1001503-001,2鄰,城南三街,,,,,,11號,121.32173659677,23.32625235286
花蓮縣玉里鎮中城里2鄰城南三街15號,10015,1001503,1001503-001,2鄰,城南三街,,,,,,15號,121.32163918499,23.326159514036
花蓮縣玉里鎮中城里2鄰城南三街17號,10015,1001503,1001503-001,2鄰,城南三街,,,,,,17號,121.32159237816,23.326144394115
花蓮縣玉里鎮中城里2鄰城南三街21號,10015,1001503,1001503-001,2鄰,城南三街,,,,,,21號,121.32141440766,23.326110922888
花蓮縣玉里鎮中城里3鄰城南三街27號,10015,1001503,1001503-001,3鄰,城南三街,,,,,,27號,121.32074860441,23.325953318452
花蓮縣玉里鎮中城里3鄰城南三街28號,10015,1001503,1001503-001,3鄰,城南三街,,,,,,28號,121.32070124686,23.326083505394
