FULL_ADDR,COUNTY,TOWN,VILLAGE,NEIGHBORHOOD,ROAD,SECTION,LANE,ALLEY,SUB_ALLEY,TONG,NUMBER,X,Y
基隆市中正區正砂里19鄰東海街1之6號,10017,1001701,1001701-010,19鄰,東海街,,,,,,1之6號,121.75798502797,25.141781001791
基隆市中正區正砂里19鄰東海街2號,10017,1001701,1001701-010,19鄰,東海街,,,,,,2號,121.75757776353,25.141269535105
基隆市中正區正砂里10鄰東海街3號,10017,1001701,1001701-010,10鄰,東海街,,,,,,3號,121.76064160896,25.142896299134
基隆市中正區正砂里19鄰東海街6號,10017,1001701,1001701-010,19鄰,東海街,,,,,,6號,121.75790428813,25.141239752734
基隆市中正區正砂里19鄰東海街8號,10017,1001701,1001701-010,19鄰,東海街,,,,,,8號,121.75932310392,25.14221641648
基隆市中正區正砂里19鄰東海街8之1號,10017,1001701,1001701-010,19鄰,東海街,,,,,,8之1號,121.75963962911,25.142336577418
基隆市中正區正砂里19鄰東海街9號,10017,1001701,1001701-010,19鄰,東海街,,,,,,9號,121.75969445491,25.142860625011
基隆市中正區正砂里19鄰東海街30號,10017,1001701,1001701-010,19鄰,東海街,,,,,,30號,121.75768440416,25.141329899651
