FULL_ADDR,COUNTY,TOWN,VILLAGE,NEIGHBORHOOD,ROAD,SECTION,LANE,ALLEY,SUB_ALLEY,TONG,NUMBER,X,Y
屏東縣三地門鄉大社村7鄰展望路二段27巷1號,10013,1001326,1001326-004,7鄰,展望路,2段,27巷,,,,1號,120.63835555153,22.694712539536
屏東縣三地門鄉大社村7鄰展望路二段27巷3號,10013,1001326,1001326-004,7鄰,展望路,2段,27巷,,,,3號,120.63840731195,22.694645737103
屏東縣三地門鄉大社村10鄰展望路二段55巷10號,10013,1001326,1001326-004,10鄰,展望路,2段,55巷,,,,10號,120.63650508375,22.692359576483
屏東縣三地門鄉大社村11鄰展望路二段57巷16號,10013,1001326,1001326-004,11鄰,展望路,2段,57巷,,,,16號,120.63647400738,22.692407279669
