FULL_ADDR,COUNTY,TOWN,VILLAGE,NEIGHBORHOOD,ROAD,SECTION,LANE,ALLEY,SUB_ALLEY,TONG,NUMBER,X,Y
嘉義縣阿里山鄉中山村6鄰自忠72號,10010,1001018,1001018-001,6鄰,自忠,,,,,,72號,120.83011049137,23.483821988946
嘉義縣阿里山鄉中山村6鄰自忠77號,10010,1001018,1001018-001,6鄰,自忠,,,,,,77號,120.83013894698,23.483848297703
嘉義縣阿里山鄉中山村6鄰自忠77之1號,10010,1001018,1001018-001,6鄰,自忠,,,,,,77之1號,120.82481766031,23.486481379588
嘉義縣阿里山鄉中山村6鄰自忠78號,10010,1001018,1001018-001,6鄰,自忠,,,,,,78號,120.82500162828,23.486475626344
嘉義縣阿里山鄉中山村6鄰自忠83號,10010,1001018,1001018-001,6鄰,自忠,,,,,,83號,120.88311206911,23.469188036599
