FULL_ADDR,COUNTY,TOWN,VILLAGE,NEIGHBORHOOD,ROAD,SECTION,LANE,ALLEY,SUB_ALLEY,TONG,NUMBER,X,Y
屏東縣恆春鎮墾丁里7鄰牧場路1號,10013,1001304,1001304-016,7鄰,牧場路,,,,,,1號,120.80158958431,21.947003059617
屏東縣恆春鎮墾丁里7鄰牧場路1之2號,10013,1001304,1001304-016,7鄰,牧場路,,,,,,1之2號,120.80676802184,21.949196841545
屏東縣恆春鎮墾丁里7鄰牧場路1之3號,10013,1001304,1001304-016,7鄰,牧場路,,,,,,1之3號,120.80702720616,21.949333979062
屏東縣恆春鎮墾丁里7鄰牧場路1之4號,10013,1001304,1001304-016,7鄰,牧場路,,,,,,1之4號,120.80717371013,21.948958966929
屏東縣恆春鎮墾丁里7鄰牧場路1之5號,10013,1001304,1001304-016,7鄰,牧場路,,,,,,1之5號,120.80744061533,21.949042282876
屏東縣恆春鎮墾丁里7鄰牧場路30號,10013,1001304,1001304-016,7鄰,牧場路,,,,,,30號,120.80067477598,21.947357989039
屏東縣恆春鎮墾丁里7鄰牧場路42號,10013,1001304,1001304-016,7鄰,牧場路,,,,,,42號,120.80006428194,21.947206595688
