FULL_ADDR,COUNTY,TOWN,VILLAGE,NEIGHBORHOOD,ROAD,SECTION,LANE,ALLEY,SUB_ALLEY,TONG,NUMBER,X,Y
花蓮縣壽豐鄉池南村20鄰白鮠12號,10015,1001506,1001506-009,20鄰,白鮠,,,,,,12號,121.49726148733,23.878487278688
花蓮縣壽豐鄉池南村20鄰白鮠16號,10015,1001506,1001506-009,20鄰,白鮠,,,,,,16號,121.4986317878,23.877515155152
