FULL_ADDR,COUNTY,TOWN,VILLAGE,NEIGHBORHOOD,ROAD,SECTION,LANE,ALLEY,SUB_ALLEY,TONG,NUMBER,X,Y
屏東縣東港鎮興東里14鄰明祥街22號,10013,1001303,1001303-019,14鄰,明祥街,,,,,,22號,120.46270883977,22.470673914431
屏東縣東港鎮興東里14鄰明祥街26號,10013,1001303,1001303-019,14鄰,明祥街,,,,,,26號,120.46246196066,22.470791127678
屏東縣東港鎮興東里14鄰明祥街46號,10013,1001303,1001303-019,14鄰,明祥街,,,,,,46號,120.46198850171,22.470650290255
屏東縣東港鎮興東里14鄰明祥街48號,10013,1001303,1001303-019,14鄰,明祥街,,,,,,48號,120.46192138361,22.470643202758
屏東縣東港鎮興東里14鄰明祥街50號,10013,1001303,1001303-019,14鄰,明祥街,,,,,,50號,120.46187173872,22.470640689057
屏東縣東港鎮興東里14鄰明祥街52號,10013,1001303,1001303-019,14鄰,明祥街,,,,,,52號,120.46179475306,22.470647386093
屏東縣東港鎮興東里27鄰明祥街76號,10013,1001303,1001303-019,27鄰,明祥街,,,,,,76號,120.46137104645,22.470682637745
