FULL_ADDR,COUNTY,TOWN,VILLAGE,NEIGHBORHOOD,ROAD,SECTION,LANE,ALLEY,SUB_ALLEY,TONG,NUMBER,X,Y
花蓮縣玉里鎮中城里4鄰城南十街1號,10015,1001503,1001503-001,4鄰,城南十街,,,,,,1號,121.31827247628,23.32576571594
花蓮縣玉里鎮中城里4鄰城南十街3號,10015,1001503,1001503-001,4鄰,城南十街,,,,,,3號,121.31826300393,23.325812123664
花蓮縣玉里鎮中城里4鄰城南十街29號,10015,1001503,1001503-001,4鄰,城南十街,,,,,,29號,121.31814979132,23.326901448894
花蓮縣玉里鎮中城里4鄰城南十街31號,10015,1001503,1001503-001,4鄰,城南十街,,,,,,31號,121.31820471011,23.326927163931
花蓮縣玉里鎮中城里4鄰城南十街33號,10015,1001503,1001503-001,4鄰,城南十街,,,,,,33號,121.31824719197,23.326945228484
花蓮縣玉里鎮中城里4鄰城南十街35號,10015,1001503,1001503-001,4鄰,城南十街,,,,,,35號,121.31828035932,23.326952836839
花蓮縣玉里鎮中城里4鄰城南十街37號,10015,1001503,1001503-001,4鄰,城南十街,,,,,,37號,121.31830933096,23.326964246422
花蓮縣玉里鎮中城里4鄰城南十街39號,10015,1001503,1001503-001,4鄰,城南十街,,,,,,39號,121.31835071892,23.326974637443
