FULL_ADDR,COUNTY,TOWN,VILLAGE,NEIGHBORHOOD,ROAD,SECTION,LANE,ALLEY,SUB_ALLEY,TONG,NUMBER,X,Y
嘉義縣鹿草鄉下麻村6鄰下半天農場1號,10010,1001011,1001011-015,6鄰,下半天農場,,,,,,1號,120.35203459545,23.427064271999
嘉義縣鹿草鄉下麻村6鄰下半天農場2號,10010,1001011,1001011-015,6鄰,下半天農場,,,,,,2號,120.35205062883,23.427308325043
嘉義縣鹿草鄉下麻村6鄰下半天農場4號,10010,1001011,1001011-015,6鄰,下半天農場,,,,,,4號,120.35199614223,23.427344579548
嘉義縣鹿草鄉下麻村6鄰下半天農場5號,10010,1001011,1001011-015,6鄰,下半天農場,,,,,,5號,120.35189284575,23.427296382983
嘉義縣鹿草鄉下麻村6鄰下半天農場6號,10010,1001011,1001011-015,6鄰,下半天農場,,,,,,6號,120.35180863344,23.427307952863
