FULL_ADDR,COUNTY,TOWN,VILLAGE,NEIGHBORHOOD,ROAD,SECTION,LANE,ALLEY,SUB_ALLEY,TONG,NUMBER,X,Y
臺東縣鹿野鄉龍田村馬背20號,10014,1001405,1001405-007,,馬背,,,,,,20號,121.11308322937,22.912898456715
臺東縣鹿野鄉龍田村馬背29之5號,10014,1001405,1001405-007,,馬背,,,,,,29之5號,121.11195482451,22.911811023522
