FULL_ADDR,COUNTY,TOWN,VILLAGE,NEIGHBORHOOD,ROAD,SECTION,LANE,ALLEY,SUB_ALLEY,TONG,NUMBER,X,Y
屏東縣高樹鄉新南村7鄰新一路8號,10013,1001311,1001311-019,7鄰,新一路,,,,,,8號,120.54835769986,22.775691800628
屏東縣高樹鄉新南村7鄰新一路50號,10013,1001311,1001311-019,7鄰,新一路,,,,,,50號,120.54915809363,22.777568495055
屏東縣高樹鄉新南村7鄰新一路300號,10013,1001311,1001311-019,7鄰,新一路,,,,,,300號,120.5555732844,22.772026766525
