FULL_ADDR,COUNTY,TOWN,VILLAGE,NEIGHBORHOOD,ROAD,SECTION,LANE,ALLEY,SUB_ALLEY,TONG,NUMBER,X,Y
嘉義縣番路鄉公興村6鄰竹湖1號,10010,1001016,1001016-010,6鄰,竹湖,,,,,,1號,120.63630176026,23.417099312495
嘉義縣番路鄉公興村6鄰竹湖3號,10010,1001016,1001016-010,6鄰,竹湖,,,,,,3號,120.63623075137,23.417195318076
嘉義縣番路鄉公興村6鄰竹湖5號,10010,1001016,1001016-010,6鄰,竹湖,,,,,,5號,120.63485676948,23.420102252647
嘉義縣番路鄉公興村6鄰竹湖7號,10010,1001016,1001016-010,6鄰,竹湖,,,,,,7號,120.63336566878,23.423372451353
嘉義縣番路鄉公興村6鄰竹湖8號,10010,1001016,1001016-010,6鄰,竹湖,,,,,,8號,120.63333574035,23.423899288793
嘉義縣番路鄉公興村6鄰竹湖10號,10010,1001016,1001016-010,6鄰,竹湖,,,,,,10號,120.63318981053,23.424086230884
嘉義縣番路鄉公興村6鄰竹湖15號,10010,1001016,1001016-010,6鄰,竹湖,,,,,,15號,120.63527390886,23.423174824881
