FULL_ADDR,COUNTY,TOWN,VILLAGE,NEIGHBORHOOD,ROAD,SECTION,LANE,ALLEY,SUB_ALLEY,TONG,NUMBER,X,Y
花蓮縣吉安鄉南華村1鄰華興一街16號,10015,1001505,1001505-008,1鄰,華興一街,,,,,,16號,121.55845689894,23.956828549266
花蓮縣吉安鄉南華村1鄰華興一街21號,10015,1001505,1001505-008,1鄰,華興一街,,,,,,21號,121.55857647005,23.95606170394
花蓮縣吉安鄉南華村1鄰華興一街103號,10015,1001505,1001505-008,1鄰,華興一街,,,,,,103號,121.55688875054,23.953121559583
花蓮縣吉安鄉南華村1鄰華興一街105號,10015,1001505,1001505-008,1鄰,華興一街,,,,,,105號,121.5566457689,23.953020661802
花蓮縣吉安鄉南華村1鄰華興一街248號,10015,1001505,1001505-008,1鄰,華興一街,,,,,,248號,121.5557027399,23.951841720449
花蓮縣吉安鄉南華村1鄰華興一街262號,10015,1001505,1001505-008,1鄰,華興一街,,,,,,262號,121.55571439689,23.952782969702
花蓮縣吉安鄉南華村1鄰華興一街268號,10015,1001505,1001505-008,1鄰,華興一街,,,,,,268號,121.55549570136,23.952234144594
