FULL_ADDR,COUNTY,TOWN,VILLAGE,NEIGHBORHOOD,ROAD,SECTION,LANE,ALLEY,SUB_ALLEY,TONG,NUMBER,X,Y
花蓮縣瑞穗鄉瑞祥村12鄰南六路2號,10015,1001509,1001509-004,12鄰,南六路,,,,,,2號,121.35315229677,23.492444366573
花蓮縣瑞穗鄉瑞祥村12鄰南六路2之5號,10015,1001509,1001509-004,12鄰,南六路,,,,,,2之5號,121.35322098176,23.49296740314
花蓮縣瑞穗鄉瑞祥村12鄰南六路280之1號,10015,1001509,1001509-004,12鄰,南六路,,,,,,280之1號,121.35545512947,23.487341764464
