FULL_ADDR,COUNTY,TOWN,VILLAGE,NEIGHBORHOOD,ROAD,SECTION,LANE,ALLEY,SUB_ALLEY,TONG,NUMBER,X,Y
屏東縣屏東市厚生里11鄰倉後巷9號,10013,1001301,1001301-033,11鄰,倉後巷,,,,,,9號,120.4816956556,22.668387124625
屏東縣屏東市厚生里11鄰倉後巷11號,10013,1001301,1001301-033,11鄰,倉後巷,,,,,,11號,120.48179457432,22.668373446834
屏東縣屏東市厚生里11鄰倉後巷13號,10013,1001301,1001301-033,11鄰,倉後巷,,,,,,13號,120.48167552534,22.668305962447
屏東縣屏東市厚生里11鄰倉後巷13之1號,10013,1001301,1001301-033,11鄰,倉後巷,,,,,,13之1號,120.48168896847,22.668353959764
屏東縣屏東市厚生里11鄰倉後巷15號,10013,1001301,1001301-033,11鄰,倉後巷,,,,,,15號,120.48166795259,22.668275413666
屏東縣屏東市厚生里11鄰倉後巷17號,10013,1001301,1001301-033,11鄰,倉後巷,,,,,,17號,120.48166593631,22.668242263918
屏東縣屏東市厚生里11鄰倉後巷19號,10013,1001301,1001301-033,11鄰,倉後巷,,,,,,19號,120.48156413097,22.668143678807
