FULL_ADDR,COUNTY,TOWN,VILLAGE,NEIGHBORHOOD,ROAD,SECTION,LANE,ALLEY,SUB_ALLEY,TONG,NUMBER,X,Y
嘉義縣民雄鄉東榮村26鄰下土庫仔20號,10010,1001005,1001005-001,26鄰,下土庫仔,,,,,,20號,120.42356267842,23.546725250442
嘉義縣民雄鄉中樂村22鄰下土庫仔1號,10010,1001005,1001005-002,22鄰,下土庫仔,,,,,,1號,120.42407161009,23.547577290675
嘉義縣民雄鄉中樂村22鄰下土庫仔2號,10010,1001005,1001005-002,22鄰,下土庫仔,,,,,,2號,120.42424263572,23.547799244048
嘉義縣民雄鄉中樂村22鄰下土庫仔4號,10010,1001005,1001005-002,22鄰,下土庫仔,,,,,,4號,120.42324963119,23.54818827115
嘉義縣民雄鄉中樂村22鄰下土庫仔5號,10010,1001005,1001005-002,22鄰,下土庫仔,,,,,,5號,120.42328872669,23.548454253198
嘉義縣民雄鄉中樂村22鄰下土庫仔21號,10010,1001005,1001005-002,22鄰,下土庫仔,,,,,,21號,120.4230926519,23.546745269823
