FULL_ADDR,COUNTY,TOWN,VILLAGE,NEIGHBORHOOD,ROAD,SECTION,LANE,ALLEY,SUB_ALLEY,TONG,NUMBER,X,Y
屏東縣佳冬鄉石光村7鄰頂巷1號,10013,1001321,1001321-005,7鄰,頂巷,,,,,,1號,120.56447114738,22.431729802597
屏東縣佳冬鄉石光村7鄰頂巷2號,10013,1001321,1001321-005,7鄰,頂巷,,,,,,2號,120.56473350395,22.431553498479
屏東縣佳冬鄉石光村8鄰頂巷2號,10013,1001321,1001321-005,8鄰,頂巷,,,,,,2號,120.56473350395,22.431553498479
屏東縣佳冬鄉石光村8鄰頂巷5號,10013,1001321,1001321-005,8鄰,頂巷,,,,,,5號,120.56433900519,22.431177369426
屏東縣佳冬鄉石光村8鄰頂巷8號,10013,1001321,1001321-005,8鄰,頂巷,,,,,,8號,120.56424659034,22.431560403925
