FULL_ADDR,COUNTY,TOWN,VILLAGE,NEIGHBORHOOD,ROAD,SECTION,LANE,ALLEY,SUB_ALLEY,TONG,NUMBER,X,Y
新竹市東區科園里22鄰研新三路1號,10018,1001801,1001801-047,22鄰,研新三路,,,,,,1號,120.98817489242,24.778218855532
新竹市東區科園里22鄰研新三路3號,10018,1001801,1001801-047,22鄰,研新三路,,,,,,3號,120.98956628776,24.779579215367
新竹市東區科園里22鄰研新三路4號,10018,1001801,1001801-047,22鄰,研新三路,,,,,,4號,120.99070280878,24.779015541367
