FULL_ADDR,COUNTY,TOWN,VILLAGE,NEIGHBORHOOD,ROAD,SECTION,LANE,ALLEY,SUB_ALLEY,TONG,NUMBER,X,Y
嘉義縣太保市港尾里6鄰白鴿厝農場1號,10010,1001001,1001001-012,6鄰,白鴿厝農場,,,,,,1號,120.3692436161,23.477118240693
嘉義縣太保市港尾里6鄰白鴿厝農場2號,10010,1001001,1001001-012,6鄰,白鴿厝農場,,,,,,2號,120.36904262764,23.476977284748
嘉義縣太保市港尾里6鄰白鴿厝農場6號,10010,1001001,1001001-012,6鄰,白鴿厝農場,,,,,,6號,120.36157967129,23.478243222816
嘉義縣太保市港尾里6鄰白鴿厝農場99號,10010,1001001,1001001-012,6鄰,白鴿厝農場,,,,,,99號,120.37451460223,23.486365326956
