FULL_ADDR,COUNTY,TOWN,VILLAGE,NEIGHBORHOOD,ROAD,SECTION,LANE,ALLEY,SUB_ALLEY,TONG,NUMBER,X,Y
屏東縣竹田鄉竹田村1鄰登龍巷3號,10013,1001314,1001314-001,1鄰,登龍巷,,,,,,3號,120.53988895698,22.581287073327
屏東縣竹田鄉竹田村1鄰登龍巷29之1號,10013,1001314,1001314-001,1鄰,登龍巷,,,,,,29之1號,120.54154816859,22.583069479097
屏東縣竹田鄉竹田村1鄰登龍巷29之2號,10013,1001314,1001314-001,1鄰,登龍巷,,,,,,29之2號,120.54118929563,22.583074595731
屏東縣竹田鄉竹田村1鄰登龍巷29之3號,10013,1001314,1001314-001,1鄰,登龍巷,,,,,,29之3號,120.54084771603,22.583202311694
