FULL_ADDR,COUNTY,TOWN,VILLAGE,NEIGHBORHOOD,ROAD,SECTION,LANE,ALLEY,SUB_ALLEY,TONG,NUMBER,X,Y
屏東縣竹田鄉六巷村1鄰東西十路5號,10013,1001314,1001314-012,1鄰,東西十路,,,,,,5號,120.51693196837,22.611884517229
屏東縣竹田鄉六巷村1鄰東西十路33之1號,10013,1001314,1001314-012,1鄰,東西十路,,,,,,33之1號,120.51373713601,22.611737147922
屏東縣竹田鄉六巷村1鄰東西十路35號,10013,1001314,1001314-012,1鄰,東西十路,,,,,,35號,120.5134537674,22.611797789911
屏東縣竹田鄉六巷村1鄰東西十路37號,10013,1001314,1001314-012,1鄰,東西十路,,,,,,37號,120.51328632701,22.611836025001
