FULL_ADDR,COUNTY,TOWN,VILLAGE,NEIGHBORHOOD,ROAD,SECTION,LANE,ALLEY,SUB_ALLEY,TONG,NUMBER,X,Y
臺東縣關山鎮新福里5鄰新政路2號,10014,1001403,1001403-003,5鄰,新政路,,,,,,2號,121.16700072418,23.043229301258
臺東縣關山鎮新福里5鄰新政路15號,10014,1001403,1001403-003,5鄰,新政路,,,,,,15號,121.1672055073,23.042764096169
臺東縣關山鎮新福里6鄰新政路17號,10014,1001403,1001403-003,6鄰,新政路,,,,,,17號,121.16721044408,23.043032274493
臺東縣關山鎮新福里新政路50號,10014,1001403,1001403-003,,新政路,,,,,,50號,121.16669996803,23.042726050798
