FULL_ADDR,COUNTY,TOWN,VILLAGE,NEIGHBORHOOD,ROAD,SECTION,LANE,ALLEY,SUB_ALLEY,TONG,NUMBER,X,Y
嘉義市東區長竹里13鄰幼獅路3號附1,10020,1002001,1002001-043,13鄰,幼獅路,,,,,,3號附1,120.48036999826,23.480170001475
嘉義市東區長竹里13鄰幼獅路3號附2,10020,1002001,1002001-043,13鄰,幼獅路,,,,,,3號附2,120.48044999885,23.480330007572
嘉義市東區長竹里13鄰幼獅路3號附3,10020,1002001,1002001-043,13鄰,幼獅路,,,,,,3號附3,120.48052000439,23.480540006132
嘉義市東區長竹里13鄰幼獅路3號附4,10020,1002001,1002001-043,13鄰,幼獅路,,,,,,3號附4,120.48059999561,23.480640008236
嘉義市東區長竹里13鄰幼獅路3號附7,10020,1002001,1002001-043,13鄰,幼獅路,,,,,,3號附7,120.48067000154,23.480810004139
嘉義市東區長竹里13鄰幼獅路10號附1,10020,1002001,1002001-043,13鄰,幼獅路,,,,,,10號附1,120.48099009497,23.481020004655
嘉義市東區長竹里13鄰幼獅路28號,10020,1002001,1002001-043,13鄰,幼獅路,,,,,,28號,120.48129000426,23.481470007071
嘉義市東區長竹里13鄰幼獅路29號,10020,1002001,1002001-043,13鄰,幼獅路,,,,,,29號,120.48094000303,23.481810001829
嘉義市東區長竹里13鄰幼獅路30號,10020,1002001,1002001-043,13鄰,幼獅路,,,,,,30號,120.48177842684,23.481311214775
