FULL_ADDR,COUNTY,TOWN,VILLAGE,NEIGHBORHOOD,ROAD,SECTION,LANE,ALLEY,SUB_ALLEY,TONG,NUMBER,X,Y
嘉義市西區福民里22鄰福州四街10號,10020,1002002,1002002-048,22鄰,福州四街,,,,,,10號,120.43244999969,23.462770006067
嘉義市西區福民里19鄰福州四街56號,10020,1002002,1002002-048,19鄰,福州四街,,,,,,56號,120.43282203605,23.463030427137
嘉義市西區福民里19鄰福州四街58號,10020,1002002,1002002-048,19鄰,福州四街,,,,,,58號,120.43290986404,23.463092872186
嘉義市西區福民里19鄰福州四街60號,10020,1002002,1002002-048,19鄰,福州四街,,,,,,60號,120.4330351725,23.463173431957
嘉義市西區福民里19鄰福州四街62號,10020,1002002,1002002-048,19鄰,福州四街,,,,,,62號,120.43308428065,23.463196311618
嘉義市西區福民里18鄰福州四街66號,10020,1002002,1002002-048,18鄰,福州四街,,,,,,66號,120.43333474475,23.463370433288
嘉義市西區福民里18鄰福州四街68號,10020,1002002,1002002-048,18鄰,福州四街,,,,,,68號,120.43338015289,23.463411693324
