FULL_ADDR,COUNTY,TOWN,VILLAGE,NEIGHBORHOOD,ROAD,SECTION,LANE,ALLEY,SUB_ALLEY,TONG,NUMBER,X,Y
嘉義市西區紅瓦里2鄰重慶三街150號,10020,1002002,1002002-067,2鄰,重慶三街,,,,,,150號,120.43451000136,23.456800005811
嘉義市西區紅瓦里2鄰重慶三街152號,10020,1002002,1002002-067,2鄰,重慶三街,,,,,,152號,120.43454999985,23.456870006166
嘉義市西區紅瓦里2鄰重慶三街201號,10020,1002002,1002002-067,2鄰,重慶三街,,,,,,201號,120.434580002,23.458090001439
嘉義市西區紅瓦里2鄰重慶三街350號,10020,1002002,1002002-067,2鄰,重慶三街,,,,,,350號,120.43563761886,23.460484797135
