FULL_ADDR,COUNTY,TOWN,VILLAGE,NEIGHBORHOOD,ROAD,SECTION,LANE,ALLEY,SUB_ALLEY,TONG,NUMBER,X,Y
嘉義市東區後湖里6鄰忠孝一街11號,10020,1002001,1002001-002,6鄰,忠孝一街,,,,,,11號,120.45239490768,23.505497135376
嘉義市東區後湖里17鄰忠孝一街62號,10020,1002001,1002001-002,17鄰,忠孝一街,,,,,,62號,120.45131999833,23.505720002593
嘉義市東區後湖里17鄰忠孝一街92號,10020,1002001,1002001-002,17鄰,忠孝一街,,,,,,92號,120.4502299961,23.505910003542
嘉義市東區後湖里17鄰忠孝一街98號,10020,1002001,1002001-002,17鄰,忠孝一街,,,,,,98號,120.4497518093,23.505947667242
嘉義市東區後湖里17鄰忠孝一街105號,10020,1002001,1002001-002,17鄰,忠孝一街,,,,,,105號,120.44936000362,23.505620006419
嘉義市東區後湖里6鄰忠孝一街135號,10020,1002001,1002001-002,6鄰,忠孝一街,,,,,,135號,120.44831000307,23.505710003097
