FULL_ADDR,COUNTY,TOWN,VILLAGE,NEIGHBORHOOD,ROAD,SECTION,LANE,ALLEY,SUB_ALLEY,TONG,NUMBER,X,Y
嘉義市西區福全里28鄰友諒街2號,10020,1002002,1002002-016,28鄰,友諒街,,,,,,2號,120.43461999905,23.481100008073
嘉義市西區福全里28鄰友諒街5號,10020,1002002,1002002-016,28鄰,友諒街,,,,,,5號,120.4345400371,23.481143675516
嘉義市西區福全里28鄰友諒街7號,10020,1002002,1002002-016,28鄰,友諒街,,,,,,7號,120.43451263427,23.481185384469
嘉義市西區福全里28鄰友諒街8號,10020,1002002,1002002-016,28鄰,友諒街,,,,,,8號,120.43462999571,23.48135000049
嘉義市西區福全里28鄰友諒街18號,10020,1002002,1002002-016,28鄰,友諒街,,,,,,18號,120.43462000305,23.481540007138
