FULL_ADDR,COUNTY,TOWN,VILLAGE,NEIGHBORHOOD,ROAD,SECTION,LANE,ALLEY,SUB_ALLEY,TONG,NUMBER,X,Y
嘉義市東區後湖里1鄰後湖22號,10020,1002001,1002001-002,1鄰,後湖,,,,,,22號,120.45335700694,23.500924037878
嘉義市東區後湖里1鄰後湖23號,10020,1002001,1002001-002,1鄰,後湖,,,,,,23號,120.45313427212,23.500920818118
嘉義市東區後湖里1鄰後湖38號,10020,1002001,1002001-002,1鄰,後湖,,,,,,38號,120.45354043772,23.501056066134
嘉義市東區後湖里1鄰後湖39號,10020,1002001,1002001-002,1鄰,後湖,,,,,,39號,120.45323456579,23.501102761002
