FULL_ADDR,COUNTY,TOWN,VILLAGE,NEIGHBORHOOD,ROAD,SECTION,LANE,ALLEY,SUB_ALLEY,TONG,NUMBER,X,Y
嘉義市東區頂寮里7鄰角仔寮89號,10020,1002001,1002001-051,7鄰,角仔寮,,,,,,89號,120.45743852907,23.467689031669
嘉義市東區頂寮里7鄰角仔寮90號,10020,1002001,1002001-051,7鄰,角仔寮,,,,,,90號,120.4573799975,23.46747000595
嘉義市東區頂寮里7鄰角仔寮91號,10020,1002001,1002001-051,7鄰,角仔寮,,,,,,91號,120.45735999754,23.467480004727
