FULL_ADDR,COUNTY,TOWN,VILLAGE,NEIGHBORHOOD,ROAD,SECTION,LANE,ALLEY,SUB_ALLEY,TONG,NUMBER,X,Y
嘉義市東區後湖里9鄰工業街180號,10020,1002001,1002001-002,9鄰,工業街,,,,,,180號,120.45683298719,23.509561444442
嘉義市東區後湖里9鄰工業街201號,10020,1002001,1002001-002,9鄰,工業街,,,,,,201號,120.45601523091,23.512624140979
嘉義市東區後湖里9鄰工業街260號附1,10020,1002001,1002001-002,9鄰,工業街,,,,,,260號附1,120.44607272473,23.513049164978
嘉義市東區後湖里9鄰工業街280號附1,10020,1002001,1002001-002,9鄰,工業街,,,,,,280號附1,120.44452425699,23.512852577678
