FULL_ADDR,COUNTY,TOWN,VILLAGE,NEIGHBORHOOD,ROAD,SECTION,LANE,ALLEY,SUB_ALLEY,TONG,NUMBER,X,Y
嘉義市西區劉厝里20鄰自立街55號,10020,1002002,1002002-021,20鄰,自立街,,,,,,55號,120.42412649812,23.465578613785
嘉義市西區劉厝里20鄰自立街57號,10020,1002002,1002002-021,20鄰,自立街,,,,,,57號,120.42405527826,23.46557835081
嘉義市西區劉厝里20鄰自立街59號,10020,1002002,1002002-021,20鄰,自立街,,,,,,59號,120.42399054349,23.465576910778
嘉義市西區劉厝里20鄰自立街61號,10020,1002002,1002002-021,20鄰,自立街,,,,,,61號,120.42392966929,23.465579078874
嘉義市西區劉厝里20鄰自立街63號,10020,1002002,1002002-021,20鄰,自立街,,,,,,63號,120.4237950482,23.465567827001
嘉義市西區劉厝里20鄰自立街65號附1,10020,1002002,1002002-021,20鄰,自立街,,,,,,65號附1,120.42371999898,23.465550004654
