FULL_ADDR,COUNTY,TOWN,VILLAGE,NEIGHBORHOOD,ROAD,SECTION,LANE,ALLEY,SUB_ALLEY,TONG,NUMBER,X,Y
臺北市中正區龍福里9鄰湖口街1號,63,6300500,6300500-020,9鄰,湖口街,,,,,,1號,121.51477780363,25.033165143449
臺北市中正區龍福里9鄰湖口街1之1號,63,6300500,6300500-020,9鄰,湖口街,,,,,,1之1號,121.51501562146,25.032826930127
臺北市中正區龍福里9鄰湖口街1之2號,63,6300500,6300500-020,9鄰,湖口街,,,,,,1之2號,121.5150377972,25.032745952411
臺北市中正區龍福里9鄰湖口街1之3號,63,6300500,6300500-020,9鄰,湖口街,,,,,,1之3號,121.51502947153,25.032776351816
臺北市中正區龍福里9鄰湖口街2號,63,6300500,6300500-020,9鄰,湖口街,,,,,,2號,121.51502424586,25.033034230716
