FULL_ADDR,COUNTY,TOWN,VILLAGE,NEIGHBORHOOD,ROAD,SECTION,LANE,ALLEY,SUB_ALLEY,TONG,NUMBER,X,Y
臺北市中山區圓山里11鄰玉門街1號,63,6300400,6300400-012,11鄰,玉門街,,,,,,1號,121.52049687411,25.070359471935
臺北市中山區圓山里11鄰玉門街9號,63,6300400,6300400-012,11鄰,玉門街,,,,,,9號,121.52096160934,25.072029819615
臺北市中山區圓山里11鄰玉門街11號,63,6300400,6300400-012,11鄰,玉門街,,,,,,11號,121.52059712633,25.072047601554
臺北市中山區圓山里11鄰玉門街33號,63,6300400,6300400-012,11鄰,玉門街,,,,,,33號,121.52072250669,25.07263090676
