FULL_ADDR,COUNTY,TOWN,VILLAGE,NEIGHBORHOOD,ROAD,SECTION,LANE,ALLEY,SUB_ALLEY,TONG,NUMBER,X,Y
臺北市中正區黎明里4鄰青島西路3號,63,6300500,6300500-024,4鄰,青島西路,,,,,,3號,121.51878075717,25.044768027694
臺北市中正區黎明里4鄰青島西路7號,63,6300500,6300500-024,4鄰,青島西路,,,,,,7號,121.51818266579,25.044914122023
臺北市中正區黎明里4鄰青島西路10號,63,6300500,6300500-024,4鄰,青島西路,,,,,,10號,121.51787669142,25.04468377188
臺北市中正區黎明里4鄰青島西路11號,63,6300500,6300500-024,4鄰,青島西路,,,,,,11號,121.51776659639,25.044987580689
臺北市中正區黎明里4鄰青島西路13號,63,6300500,6300500-024,4鄰,青島西路,,,,,,13號,121.51759919779,25.045024168017
