FULL_ADDR,COUNTY,TOWN,VILLAGE,NEIGHBORHOOD,ROAD,SECTION,LANE,ALLEY,SUB_ALLEY,TONG,NUMBER,X,Y
高雄市大社區三奶里15鄰三中路351號,64,6401600,6401600-005,15鄰,三中路,,,,,,351號,120.34291051683,22.728789387816
高雄市大社區中里里9鄰三中路200巷10之1號,64,6401600,6401600-008,9鄰,三中路,,200巷,,,,10之1號,120.34665673849,22.720990354545
