FULL_ADDR,COUNTY,TOWN,VILLAGE,NEIGHBORHOOD,ROAD,SECTION,LANE,ALLEY,SUB_ALLEY,TONG,NUMBER,X,Y
高雄市小港區港口里24鄰亞太路4號,64,6401100,6401100-002,24鄰,亞太路,,,,,,4號,120.32228322517,22.566974566654
高雄市小港區港口里24鄰亞太路10號,64,6401100,6401100-002,24鄰,亞太路,,,,,,10號,120.32543766753,22.564181428548
高雄市小港區港口里24鄰亞太路11號,64,6401100,6401100-002,24鄰,亞太路,,,,,,11號,120.32821669522,22.564472748829
高雄市小港區港口里24鄰亞太路35號,64,6401100,6401100-002,24鄰,亞太路,,,,,,35號,120.327440329,22.563658808876
高雄市小港區港口里24鄰亞太路51號,64,6401100,6401100-002,24鄰,亞太路,,,,,,51號,120.32558210608,22.563052644437
高雄市小港區港口里24鄰亞太路53號,64,6401100,6401100-002,24鄰,亞太路,,,,,,53號,120.3248668048,22.563321649472
高雄市小港區港口里24鄰亞太路61號,64,6401100,6401100-002,24鄰,亞太路,,,,,,61號,120.3241584101,22.560217410755
高雄市小港區港口里24鄰亞太路63號,64,6401100,6401100-002,24鄰,亞太路,,,,,,63號,120.32133504561,22.560958776
