FULL_ADDR,COUNTY,TOWN,VILLAGE,NEIGHBORHOOD,ROAD,SECTION,LANE,ALLEY,SUB_ALLEY,TONG,NUMBER,X,Y
高雄市前鎮區鎮北里1鄰中一路1號,64,6400900,6400900-023,1鄰,中一路,,,,,,1號,120.29172889727,22.601268844283
高雄市前鎮區鎮北里1鄰中一路2號,64,6400900,6400900-023,1鄰,中一路,,,,,,2號,120.29222312487,22.60110765838
高雄市前鎮區鎮北里1鄰中一路4號,64,6400900,6400900-023,1鄰,中一路,,,,,,4號,120.29240137559,22.600675512294
高雄市前鎮區鎮北里1鄰中一路5號,64,6400900,6400900-023,1鄰,中一路,,,,,,5號,120.29173246101,22.600439299978
高雄市前鎮區鎮北里1鄰中一路6號,64,6400900,6400900-023,1鄰,中一路,,,,,,6號,120.29254204289,22.600346330975
