FULL_ADDR,COUNTY,TOWN,VILLAGE,NEIGHBORHOOD,ROAD,SECTION,LANE,ALLEY,SUB_ALLEY,TONG,NUMBER,X,Y
高雄市鳥松區仁美里19鄰仁聖路3號,64,6401800,6401800-005,19鄰,仁聖路,,,,,,3號,120.39688890972,22.650262455286
高雄市鳥松區仁美里19鄰仁聖路7號,64,6401800,6401800-005,19鄰,仁聖路,,,,,,7號,120.3963250665,22.650442664139
高雄市鳥松區仁美里19鄰仁聖路15號,64,6401800,6401800-005,19鄰,仁聖路,,,,,,15號,120.39678710755,22.650581129608
