FULL_ADDR,COUNTY,TOWN,VILLAGE,NEIGHBORHOOD,ROAD,SECTION,LANE,ALLEY,SUB_ALLEY,TONG,NUMBER,X,Y
高雄市前鎮區鎮北里1鄰中三路1號,64,6400900,6400900-023,1鄰,中三路,,,,,,1號,120.28980428259,22.600381926744
高雄市前鎮區鎮北里1鄰中三路2號,64,6400900,6400900-023,1鄰,中三路,,,,,,2號,120.29062534259,22.599852293617
高雄市前鎮區鎮北里1鄰中三路6號,64,6400900,6400900-023,1鄰,中三路,,,,,,6號,120.29022664843,22.600521422229
