FULL_ADDR,COUNTY,TOWN,VILLAGE,NEIGHBORHOOD,ROAD,SECTION,LANE,ALLEY,SUB_ALLEY,TONG,NUMBER,X,Y
高雄市左營區頂西里2鄰中央市場甲3號,64,6400300,6400300-021,2鄰,中央市場甲,,,,,,3號,120.29041622935,22.685442074058
高雄市左營區頂西里2鄰中央市場甲7號,64,6400300,6400300-021,2鄰,中央市場甲,,,,,,7號,120.29046289191,22.68537635747
高雄市左營區頂西里2鄰中央市場甲8號,64,6400300,6400300-021,2鄰,中央市場甲,,,,,,8號,120.29048313242,22.685357844133
高雄市左營區頂西里2鄰中央市場甲9號,64,6400300,6400300-021,2鄰,中央市場甲,,,,,,9號,120.29050015447,22.685340671119
高雄市左營區頂西里2鄰中央市場甲10號,64,6400300,6400300-021,2鄰,中央市場甲,,,,,,10號,120.29051726593,22.685325033703
高雄市左營區頂西里2鄰中央市場甲11號,64,6400300,6400300-021,2鄰,中央市場甲,,,,,,11號,120.29053282077,22.68530929908
高雄市左營區頂西里2鄰中央市場甲12號,64,6400300,6400300-021,2鄰,中央市場甲,,,,,,12號,120.29050967974,22.68526738483
