FULL_ADDR,COUNTY,TOWN,VILLAGE,NEIGHBORHOOD,ROAD,SECTION,LANE,ALLEY,SUB_ALLEY,TONG,NUMBER,X,Y
高雄市橋頭區白樹里33鄰仁樹街137號,64,6402000,6402000-008,33鄰,仁樹街,,,,,,137號,120.30454072887,22.757217540748
高雄市橋頭區白樹里33鄰仁樹街139號,64,6402000,6402000-008,33鄰,仁樹街,,,,,,139號,120.30446989478,22.757476499146
