FULL_ADDR,COUNTY,TOWN,VILLAGE,NEIGHBORHOOD,ROAD,SECTION,LANE,ALLEY,SUB_ALLEY,TONG,NUMBER,X,Y
高雄市三民區德西里5鄰中峰街13號,64,6400500,6400500-079,5鄰,中峰街,,,,,,13號,120.28865066986,22.641815686152
高雄市三民區德西里5鄰中峰街15號,64,6400500,6400500-079,5鄰,中峰街,,,,,,15號,120.28866581727,22.641897029202
高雄市三民區德西里5鄰中峰街16號,64,6400500,6400500-079,5鄰,中峰街,,,,,,16號,120.28896857007,22.641880310825
高雄市三民區德西里5鄰中峰街17號,64,6400500,6400500-079,5鄰,中峰街,,,,,,17號,120.2887103833,22.641933349518
高雄市三民區德西里5鄰中峰街18號,64,6400500,6400500-079,5鄰,中峰街,,,,,,18號,120.28898269832,22.641970679978
高雄市三民區德西里5鄰中峰街19號,64,6400500,6400500-079,5鄰,中峰街,,,,,,19號,120.28873516647,22.642032796607
