FULL_ADDR,COUNTY,TOWN,VILLAGE,NEIGHBORHOOD,ROAD,SECTION,LANE,ALLEY,SUB_ALLEY,TONG,NUMBER,X,Y
高雄市小港區山明里1鄰世全路1號,64,6401100,6401100-022,1鄰,世全路,,,,,,1號,120.37478670116,22.550376142583
高雄市小港區山明里1鄰世全路1之1號,64,6401100,6401100-022,1鄰,世全路,,,,,,1之1號,120.37463848724,22.550363735956
高雄市小港區山明里1鄰世全路2號,64,6401100,6401100-022,1鄰,世全路,,,,,,2號,120.37225367403,22.548548183441
高雄市小港區山明里1鄰世全路3號,64,6401100,6401100-022,1鄰,世全路,,,,,,3號,120.37145639104,22.547912909648
高雄市小港區山明里1鄰世全路3之3號,64,6401100,6401100-022,1鄰,世全路,,,,,,3之3號,120.37104448912,22.547604250316
高雄市小港區山明里1鄰世全路4號,64,6401100,6401100-022,1鄰,世全路,,,,,,4號,120.37030425031,22.547041440867
高雄市小港區山明里1鄰世全路5號,64,6401100,6401100-022,1鄰,世全路,,,,,,5號,120.36926655807,22.54623362882
