FULL_ADDR,COUNTY,TOWN,VILLAGE,NEIGHBORHOOD,ROAD,SECTION,LANE,ALLEY,SUB_ALLEY,TONG,NUMBER,X,Y
高雄市三民區德西里6鄰德旺街285號,64,6400500,6400500-079,6鄰,德旺街,,,,,,285號,120.2897446232,22.647655418159
高雄市三民區德西里6鄰德旺街368號,64,6400500,6400500-079,6鄰,德旺街,,,,,,368號,120.29010373604,22.647806195169
高雄市三民區德西里6鄰德旺街448號,64,6400500,6400500-079,6鄰,德旺街,,,,,,448號,120.29016027786,22.648958033326
高雄市三民區德西里6鄰德旺街456號,64,6400500,6400500-079,6鄰,德旺街,,,,,,456號,120.2901617868,22.649099821113
