FULL_ADDR,COUNTY,TOWN,VILLAGE,NEIGHBORHOOD,ROAD,SECTION,LANE,ALLEY,SUB_ALLEY,TONG,NUMBER,X,Y
高雄市鳳山區忠義里14鄰忠水街3號,64,6401200,6401200-019,14鄰,忠水街,,,,,,3號,120.35050259324,22.627955816071
高雄市鳳山區忠義里18鄰忠水街21號,64,6401200,6401200-019,18鄰,忠水街,,,,,,21號,120.35049811653,22.628535933108
高雄市鳳山區忠義里18鄰忠水街23號,64,6401200,6401200-019,18鄰,忠水街,,,,,,23號,120.35049911481,22.628613330646
高雄市鳳山區忠義里18鄰忠水街25號,64,6401200,6401200-019,18鄰,忠水街,,,,,,25號,120.35049737696,22.62869333602
高雄市鳳山區忠義里18鄰忠水街27號,64,6401200,6401200-019,18鄰,忠水街,,,,,,27號,120.35049549262,22.628783816466
