FULL_ADDR,COUNTY,TOWN,VILLAGE,NEIGHBORHOOD,ROAD,SECTION,LANE,ALLEY,SUB_ALLEY,TONG,NUMBER,X,Y
高雄市岡山區大遼里2鄰友情路6號,64,6401900,6401900-006,2鄰,友情路,,,,,,6號,120.31428419282,22.778520826835
高雄市岡山區大遼里1鄰友情路15號,64,6401900,6401900-006,1鄰,友情路,,,,,,15號,120.31339993396,22.779648098724
高雄市岡山區大遼里1鄰友情路37之1號,64,6401900,6401900-006,1鄰,友情路,,,,,,37之1號,120.31239006442,22.782225939344
高雄市岡山區大遼里1鄰友情路45之1號,64,6401900,6401900-006,1鄰,友情路,,,,,,45之1號,120.31342297179,22.782731581413
高雄市岡山區大遼里1鄰友情路51號,64,6401900,6401900-006,1鄰,友情路,,,,,,51號,120.31292568138,22.784699811016
高雄市岡山區大遼里1鄰友情路61之1號,64,6401900,6401900-006,1鄰,友情路,,,,,,61之1號,120.31325830941,22.785275584403
高雄市岡山區大遼里1鄰友情路66號,64,6401900,6401900-006,1鄰,友情路,,,,,,66號,120.31375819348,22.783975985146
高雄市岡山區大遼里1鄰友情路66之1號,64,6401900,6401900-006,1鄰,友情路,,,,,,66之1號,120.31385841809,22.783019812539
高雄市岡山區大遼里1鄰友情路66之8號,64,6401900,6401900-006,1鄰,友情路,,,,,,66之8號,120.31375217947,22.784613604666
