FULL_ADDR,COUNTY,TOWN,VILLAGE,NEIGHBORHOOD,ROAD,SECTION,LANE,ALLEY,SUB_ALLEY,TONG,NUMBER,X,Y
高雄市茄萣區光定里4鄰內灣路161之58號,64,6402600,6402600-008,4鄰,內灣路,,,,,,161之58號,120.19186191208,22.892745503777
高雄市茄萣區大定里9鄰內灣路161號,64,6402600,6402600-009,9鄰,內灣路,,,,,,161號,120.19418124523,22.894521062794
高雄市茄萣區吉定里17鄰內灣路161之100號,64,6402600,6402600-010,17鄰,內灣路,,,,,,161之100號,120.20484846292,22.890701439091
