FULL_ADDR,COUNTY,TOWN,VILLAGE,NEIGHBORHOOD,ROAD,SECTION,LANE,ALLEY,SUB_ALLEY,TONG,NUMBER,X,Y
高雄市林園區中汕里21鄰占岸路1號,64,6401300,6401300-024,21鄰,占岸路,,,,,,1號,120.40027211237,22.484533129048
高雄市林園區中汕里21鄰占岸路1之1號,64,6401300,6401300-024,21鄰,占岸路,,,,,,1之1號,120.40046923404,22.484614147545
高雄市林園區中汕里21鄰占岸路1之2號,64,6401300,6401300-024,21鄰,占岸路,,,,,,1之2號,120.40061706914,22.484676378771
高雄市林園區中汕里21鄰占岸路2號,64,6401300,6401300-024,21鄰,占岸路,,,,,,2號,120.39947660024,22.484058480305
高雄市林園區中汕里21鄰占岸路3號,64,6401300,6401300-024,21鄰,占岸路,,,,,,3號,120.39947646058,22.48411338806
高雄市林園區中汕里21鄰占岸路3之1號,64,6401300,6401300-024,21鄰,占岸路,,,,,,3之1號,120.39947839361,22.484160898144
