FULL_ADDR,COUNTY,TOWN,VILLAGE,NEIGHBORHOOD,ROAD,SECTION,LANE,ALLEY,SUB_ALLEY,TONG,NUMBER,X,Y
高雄市仁武區大灣里14鄰大正一街9號,64,6401700,6401700-001,14鄰,大正一街,,,,,,9號,120.33723295316,22.673796391891
高雄市仁武區大灣里14鄰大正一街13號,64,6401700,6401700-001,14鄰,大正一街,,,,,,13號,120.33716571309,22.673917305331
高雄市仁武區大灣里14鄰大正一街17號,64,6401700,6401700-001,14鄰,大正一街,,,,,,17號,120.33711514687,22.674031243824
高雄市仁武區大灣里14鄰大正一街18號,64,6401700,6401700-001,14鄰,大正一街,,,,,,18號,120.33738782216,22.67396933806
高雄市仁武區大灣里15鄰大正一街83號,64,6401700,6401700-001,15鄰,大正一街,,,,,,83號,120.33613223854,22.673617360384
高雄市仁武區大灣里15鄰大正一街102號,64,6401700,6401700-001,15鄰,大正一街,,,,,,102號,120.33590365767,22.673878934522
高雄市仁武區大灣里15鄰大正一街132之1號,64,6401700,6401700-001,15鄰,大正一街,,,,,,132之1號,120.33562898608,22.673405671543
