FULL_ADDR,COUNTY,TOWN,VILLAGE,NEIGHBORHOOD,ROAD,SECTION,LANE,ALLEY,SUB_ALLEY,TONG,NUMBER,X,Y
高雄市前鎮區鎮北里1鄰國華二街2號,64,6400900,6400900-023,1鄰,國華二街,,,,,,2號,120.29960122299,22.585762867651
高雄市前鎮區鎮北里1鄰國華二街2之2號,64,6400900,6400900-023,1鄰,國華二街,,,,,,2之2號,120.29841216294,22.585356805082
高雄市前鎮區鎮北里1鄰國華二街2之3號,64,6400900,6400900-023,1鄰,國華二街,,,,,,2之3號,120.29979605433,22.585177803407
高雄市前鎮區鎮北里1鄰國華二街2之5號,64,6400900,6400900-023,1鄰,國華二街,,,,,,2之5號,120.29980160588,22.585368556569
