FULL_ADDR,COUNTY,TOWN,VILLAGE,NEIGHBORHOOD,ROAD,SECTION,LANE,ALLEY,SUB_ALLEY,TONG,NUMBER,X,Y
高雄市楠梓區藍田里10鄰大學一街10號,64,6400400,6400400-035,10鄰,大學一街,,,,,,10號,120.29460178099,22.727109544448
高雄市楠梓區藍田里10鄰大學一街12號,64,6400400,6400400-035,10鄰,大學一街,,,,,,12號,120.29461040169,22.727174963763
高雄市楠梓區藍田里10鄰大學一街16號,64,6400400,6400400-035,10鄰,大學一街,,,,,,16號,120.29461892922,22.727239569915
高雄市楠梓區藍田里10鄰大學一街18號,64,6400400,6400400-035,10鄰,大學一街,,,,,,18號,120.29462754993,22.727304989229
高雄市楠梓區藍田里10鄰大學一街82號,64,6400400,6400400-035,10鄰,大學一街,,,,,,82號,120.29473463889,22.728367455852
高雄市楠梓區藍田里10鄰大學一街86號,64,6400400,6400400-035,10鄰,大學一街,,,,,,86號,120.29474324676,22.728435403654
