FULL_ADDR,COUNTY,TOWN,VILLAGE,NEIGHBORHOOD,ROAD,SECTION,LANE,ALLEY,SUB_ALLEY,TONG,NUMBER,X,Y
高雄市田寮區三和里2鄰後山2號,64,6402200,6402200-008,2鄰,後山,,,,,,2號,120.40473335285,22.870996888936
高雄市田寮區三和里2鄰後山3號,64,6402200,6402200-008,2鄰,後山,,,,,,3號,120.40484187367,22.870603924585
高雄市田寮區三和里2鄰後山3之26號,64,6402200,6402200-008,2鄰,後山,,,,,,3之26號,120.40272071577,22.870893079621
