FULL_ADDR,COUNTY,TOWN,VILLAGE,NEIGHBORHOOD,ROAD,SECTION,LANE,ALLEY,SUB_ALLEY,TONG,NUMBER,X,Y
高雄市燕巢區深水里9鄰師大路99號,64,6402100,6402100-011,9鄰,師大路,,,,,,99號,120.40422268037,22.792242138081
高雄市燕巢區深水里9鄰師大路100號,64,6402100,6402100-011,9鄰,師大路,,,,,,100號,120.40468410538,22.792678234125
