FULL_ADDR,COUNTY,TOWN,VILLAGE,NEIGHBORHOOD,ROAD,SECTION,LANE,ALLEY,SUB_ALLEY,TONG,NUMBER,X,Y
高雄市燕巢區角宿里17鄰寶頂東街1號,64,6402100,6402100-004,17鄰,寶頂東街,,,,,,1號,120.32289045128,22.773519072294
高雄市燕巢區角宿里17鄰寶頂東街3號,64,6402100,6402100-004,17鄰,寶頂東街,,,,,,3號,120.3229561586,22.773544094735
高雄市燕巢區角宿里17鄰寶頂東街5號,64,6402100,6402100-004,17鄰,寶頂東街,,,,,,5號,120.32279930159,22.773696587402
高雄市燕巢區角宿里17鄰寶頂東街7號,64,6402100,6402100-004,17鄰,寶頂東街,,,,,,7號,120.32286569377,22.773720980649
