FULL_ADDR,COUNTY,TOWN,VILLAGE,NEIGHBORHOOD,ROAD,SECTION,LANE,ALLEY,SUB_ALLEY,TONG,NUMBER,X,Y
高雄市旗山區大林里15鄰合和街2號,64,6403000,6403000-006,15鄰,合和街,,,,,,2號,120.50824404413,22.951182254891
高雄市旗山區大林里15鄰合和街4號,64,6403000,6403000-006,15鄰,合和街,,,,,,4號,120.50817615641,22.951106729589
高雄市旗山區大林里15鄰合和街6號,64,6403000,6403000-006,15鄰,合和街,,,,,,6號,120.50814899623,22.950824350098
高雄市旗山區大林里15鄰合和街8號,64,6403000,6403000-006,15鄰,合和街,,,,,,8號,120.50814941837,22.950680584894
高雄市旗山區大林里15鄰合和街10號,64,6403000,6403000-006,15鄰,合和街,,,,,,10號,120.50796055663,22.950675664621
高雄市旗山區大林里15鄰合和街14號,64,6403000,6403000-006,15鄰,合和街,,,,,,14號,120.50800475301,22.950426377616
高雄市旗山區大林里15鄰合和街16號,64,6403000,6403000-006,15鄰,合和街,,,,,,16號,120.50828017354,22.950358870113
