FULL_ADDR,COUNTY,TOWN,VILLAGE,NEIGHBORHOOD,ROAD,SECTION,LANE,ALLEY,SUB_ALLEY,TONG,NUMBER,X,Y
高雄市岡山區大莊里7鄰崗德路1號,64,6401900,6401900-029,7鄰,崗德路,,,,,,1號,120.31992380222,22.811142434246
高雄市岡山區大莊里7鄰崗德路2巷36號,64,6401900,6401900-029,7鄰,崗德路,,2巷,,,,36號,120.32429829902,22.811155799663
高雄市岡山區大莊里7鄰崗德路2巷38之1號,64,6401900,6401900-029,7鄰,崗德路,,2巷,,,,38之1號,120.32461689811,22.81114161738
