FULL_ADDR,COUNTY,TOWN,VILLAGE,NEIGHBORHOOD,ROAD,SECTION,LANE,ALLEY,SUB_ALLEY,TONG,NUMBER,X,Y
高雄市鳳山區南成里41鄰寶陽路101巷16號,64,6401200,6401200-055,41鄰,寶陽路,,101巷,,,,16號,120.34842305596,22.588787271702
高雄市鳳山區南成里41鄰寶陽路143號,64,6401200,6401200-055,41鄰,寶陽路,,,,,,143號,120.34746133453,22.589094658848
高雄市鳳山區南成里41鄰寶陽路167之1號,64,6401200,6401200-055,41鄰,寶陽路,,,,,,167之1號,120.34734182215,22.589112867013
高雄市鳳山區南成里41鄰寶陽路167之2號,64,6401200,6401200-055,41鄰,寶陽路,,,,,,167之2號,120.34727366064,22.589110151731
