FULL_ADDR,COUNTY,TOWN,VILLAGE,NEIGHBORHOOD,ROAD,SECTION,LANE,ALLEY,SUB_ALLEY,TONG,NUMBER,X,Y
高雄市前鎮區鎮北里1鄰大華二路1號,64,6400900,6400900-023,1鄰,大華二路,,,,,,1號,120.29228984958,22.603636818939
高雄市前鎮區鎮北里1鄰大華二路6號,64,6400900,6400900-023,1鄰,大華二路,,,,,,6號,120.2908504657,22.606236996414
高雄市前鎮區鎮北里1鄰大華二路10號,64,6400900,6400900-023,1鄰,大華二路,,,,,,10號,120.29092356476,22.606966818593
高雄市前鎮區鎮北里1鄰大華二路100號,64,6400900,6400900-023,1鄰,大華二路,,,,,,100號,120.28575174495,22.608731875078
