FULL_ADDR,COUNTY,TOWN,VILLAGE,NEIGHBORHOOD,ROAD,SECTION,LANE,ALLEY,SUB_ALLEY,TONG,NUMBER,X,Y
高雄市新興區黎明里5鄰南華橫ㄧ路18號,64,6400600,6400600-020,5鄰,南華橫ㄧ路,,,,,,18號,120.30382368887,22.633768135248
高雄市新興區黎明里5鄰南華橫ㄧ路20號,64,6400600,6400600-020,5鄰,南華橫ㄧ路,,,,,,20號,120.3037849708,22.633767967172
高雄市新興區黎明里5鄰南華橫ㄧ路22號,64,6400600,6400600-020,5鄰,南華橫ㄧ路,,,,,,22號,120.30374399432,22.633771943395
