FULL_ADDR,COUNTY,TOWN,VILLAGE,NEIGHBORHOOD,ROAD,SECTION,LANE,ALLEY,SUB_ALLEY,TONG,NUMBER,X,Y
高雄市路竹區北嶺里5鄰北嶺一路2號,64,6402400,6402400-005,5鄰,北嶺一路,,,,,,2號,120.27831687305,22.820695304062
高雄市路竹區北嶺里5鄰北嶺一路122巷115號,64,6402400,6402400-005,5鄰,北嶺一路,,122巷,,,,115號,120.28232373262,22.821892866141
