FULL_ADDR,COUNTY,TOWN,VILLAGE,NEIGHBORHOOD,ROAD,SECTION,LANE,ALLEY,SUB_ALLEY,TONG,NUMBER,X,Y
高雄市田寮區新興里2鄰崙尾1之1號,64,6402200,6402200-010,2鄰,崙尾,,,,,,1之1號,120.39058204681,22.839857471944
高雄市田寮區新興里2鄰崙尾1之10號,64,6402200,6402200-010,2鄰,崙尾,,,,,,1之10號,120.39175549359,22.840407674933
高雄市田寮區新興里2鄰崙尾1之15號,64,6402200,6402200-010,2鄰,崙尾,,,,,,1之15號,120.39090092724,22.840647691894
高雄市田寮區新興里2鄰崙尾1之30號,64,6402200,6402200-010,2鄰,崙尾,,,,,,1之30號,120.39081656316,22.839616711432
高雄市田寮區新興里2鄰崙尾1之31號,64,6402200,6402200-010,2鄰,崙尾,,,,,,1之31號,120.39006783934,22.839740905556
高雄市田寮區新興里2鄰崙尾1之32號,64,6402200,6402200-010,2鄰,崙尾,,,,,,1之32號,120.39070707051,22.839415452898
