FULL_ADDR,COUNTY,TOWN,VILLAGE,NEIGHBORHOOD,ROAD,SECTION,LANE,ALLEY,SUB_ALLEY,TONG,NUMBER,X,Y
高雄市仁武區大灣里2鄰大智三街33號,64,6401700,6401700-001,2鄰,大智三街,,,,,,33號,120.34037653395,22.677356982723
高雄市仁武區大灣里2鄰大智三街39號,64,6401700,6401700-001,2鄰,大智三街,,,,,,39號,120.34040701596,22.677169179844
高雄市仁武區大灣里2鄰大智三街41號,64,6401700,6401700-001,2鄰,大智三街,,,,,,41號,120.34040075917,22.677134476263
