FULL_ADDR,COUNTY,TOWN,VILLAGE,NEIGHBORHOOD,ROAD,SECTION,LANE,ALLEY,SUB_ALLEY,TONG,NUMBER,X,Y
高雄市仁武區文武里40鄰文教一街7號,64,6401700,6401700-007,40鄰,文教一街,,,,,,7號,120.35005405152,22.698362089002
高雄市仁武區文武里40鄰文教一街8號,64,6401700,6401700-007,40鄰,文教一街,,,,,,8號,120.34986324143,22.698288797627
高雄市仁武區文武里40鄰文教一街9號,64,6401700,6401700-007,40鄰,文教一街,,,,,,9號,120.35006775139,22.698325841359
