FULL_ADDR,COUNTY,TOWN,VILLAGE,NEIGHBORHOOD,ROAD,SECTION,LANE,ALLEY,SUB_ALLEY,TONG,NUMBER,X,Y
高雄市楠梓區瑞屏里1鄰楠梓加工出口區經六路51號,64,6400400,6400400-013,1鄰,楠梓加工出口區經六路,,,,,,51號,120.30040767169,22.721162235873
高雄市楠梓區瑞屏里1鄰楠梓加工出口區經六路55號,64,6400400,6400400-013,1鄰,楠梓加工出口區經六路,,,,,,55號,120.30018111457,22.721647541025
高雄市楠梓區瑞屏里1鄰楠梓加工出口區經六路57號,64,6400400,6400400-013,1鄰,楠梓加工出口區經六路,,,,,,57號,120.30006764312,22.721947130396
高雄市楠梓區瑞屏里1鄰楠梓加工出口區經六路61號,64,6400400,6400400-013,1鄰,楠梓加工出口區經六路,,,,,,61號,120.29989689435,22.722521901431
高雄市楠梓區瑞屏里1鄰楠梓加工出口區經六路66號,64,6400400,6400400-013,1鄰,楠梓加工出口區經六路,,,,,,66號,120.30048314243,22.721922669752
