FULL_ADDR,COUNTY,TOWN,VILLAGE,NEIGHBORHOOD,ROAD,SECTION,LANE,ALLEY,SUB_ALLEY,TONG,NUMBER,X,Y
高雄市小港區山明里1鄰永光街1號,64,6401100,6401100-022,1鄰,永光街,,,,,,1號,120.36977559375,22.552340664738
高雄市小港區山明里1鄰永光街1之1號,64,6401100,6401100-022,1鄰,永光街,,,,,,1之1號,120.36924047806,22.551886211461
高雄市小港區山明里1鄰永光街2號,64,6401100,6401100-022,1鄰,永光街,,,,,,2號,120.36935262092,22.552348037592
高雄市小港區山明里1鄰永光街2之2號,64,6401100,6401100-022,1鄰,永光街,,,,,,2之2號,120.36891725359,22.552066373368
高雄市小港區山明里1鄰永光街2之3號,64,6401100,6401100-022,1鄰,永光街,,,,,,2之3號,120.36975929999,22.553080950343
高雄市小港區山明里1鄰永光街3號,64,6401100,6401100-022,1鄰,永光街,,,,,,3號,120.36845636515,22.551432404467
高雄市小港區山明里1鄰永光街5號,64,6401100,6401100-022,1鄰,永光街,,,,,,5號,120.36755301181,22.550796695037
高雄市小港區山明里1鄰永光街7號,64,6401100,6401100-022,1鄰,永光街,,,,,,7號,120.3668548553,22.550322266782
高雄市小港區山明里1鄰永光街8之1號,64,6401100,6401100-022,1鄰,永光街,,,,,,8之1號,120.36791270277,22.551404530849
