FULL_ADDR,COUNTY,TOWN,VILLAGE,NEIGHBORHOOD,ROAD,SECTION,LANE,ALLEY,SUB_ALLEY,TONG,NUMBER,X,Y
高雄市前鎮區明正里18鄰明道一街26號,64,6400900,6400900-003,18鄰,明道一街,,,,,,26號,120.32657733169,22.581080714012
高雄市前鎮區明正里18鄰明道一街28號,64,6400900,6400900-003,18鄰,明道一街,,,,,,28號,120.32654341445,22.581056188775
高雄市前鎮區明正里18鄰明道一街30號,64,6400900,6400900-003,18鄰,明道一街,,,,,,30號,120.32650646155,22.581035985576
高雄市前鎮區明正里18鄰明道一街32號,64,6400900,6400900-003,18鄰,明道一街,,,,,,32號,120.32647883057,22.581018620983
高雄市前鎮區明正里18鄰明道一街46號,64,6400900,6400900-003,18鄰,明道一街,,,,,,46號,120.32628951754,22.580893112376
高雄市前鎮區明正里18鄰明道一街48號,64,6400900,6400900-003,18鄰,明道一街,,,,,,48號,120.32625411361,22.580874360537
高雄市前鎮區明正里18鄰明道一街50號,64,6400900,6400900-003,18鄰,明道一街,,,,,,50號,120.3262172236,22.580841243538
