FULL_ADDR,COUNTY,TOWN,VILLAGE,NEIGHBORHOOD,ROAD,SECTION,LANE,ALLEY,SUB_ALLEY,TONG,NUMBER,X,Y
高雄市岡山區本洲里10鄰本工環東路3號,64,6401900,6401900-025,10鄰,本工環東路,,,,,,3號,120.27551764481,22.813069402231
高雄市岡山區本洲里10鄰本工環東路5號,64,6401900,6401900-025,10鄰,本工環東路,,,,,,5號,120.27532879022,22.812825534567
高雄市岡山區本洲里10鄰本工環東路9號,64,6401900,6401900-025,10鄰,本工環東路,,,,,,9號,120.27647251649,22.809996886647
