FULL_ADDR,COUNTY,TOWN,VILLAGE,NEIGHBORHOOD,ROAD,SECTION,LANE,ALLEY,SUB_ALLEY,TONG,NUMBER,X,Y
高雄市旗山區三協里14鄰成功三街1號,64,6403000,6403000-016,14鄰,成功三街,,,,,,1號,120.46528012841,22.880123955665
高雄市旗山區三協里14鄰成功三街2號,64,6403000,6403000-016,14鄰,成功三街,,,,,,2號,120.46532936741,22.880018914758
高雄市旗山區三協里14鄰成功三街3號,64,6403000,6403000-016,14鄰,成功三街,,,,,,3號,120.46537634639,22.879918562145
高雄市旗山區三協里14鄰成功三街4號,64,6403000,6403000-016,14鄰,成功三街,,,,,,4號,120.46542194886,22.879821275293
高雄市旗山區三協里14鄰成功三街5號,64,6403000,6403000-016,14鄰,成功三街,,,,,,5號,120.46546971444,22.879719119173
高雄市旗山區三協里14鄰成功三街6號,64,6403000,6403000-016,14鄰,成功三街,,,,,,6號,120.46551649618,22.879619307686
高雄市旗山區三協里14鄰成功三街7號,64,6403000,6403000-016,14鄰,成功三街,,,,,,7號,120.4655644576,22.879516881273
高雄市旗山區三協里14鄰成功三街8號,64,6403000,6403000-016,14鄰,成功三街,,,,,,8號,120.46561133736,22.87941688947
高雄市旗山區三協里14鄰成功三街9號,64,6403000,6403000-016,14鄰,成功三街,,,,,,9號,120.46565959383,22.879313741567
