FULL_ADDR,COUNTY,TOWN,VILLAGE,NEIGHBORHOOD,ROAD,SECTION,LANE,ALLEY,SUB_ALLEY,TONG,NUMBER,X,Y
高雄市左營區新光里22鄰文寧街330巷1號,64,6400300,6400300-042,22鄰,文寧街,,330巷,,,,1號,120.30293111096,22.681571353452
高雄市左營區新光里22鄰文寧街330巷3號,64,6400300,6400300-042,22鄰,文寧街,,330巷,,,,3號,120.302990358,22.68153666286
高雄市左營區新光里22鄰文寧街332號,64,6400300,6400300-042,22鄰,文寧街,,,,,,332號,120.30278146452,22.681662091802
高雄市左營區新光里22鄰文寧街336號,64,6400300,6400300-042,22鄰,文寧街,,,,,,336號,120.30281307292,22.681704492763
高雄市左營區新光里22鄰文寧街338號,64,6400300,6400300-042,22鄰,文寧街,,,,,,338號,120.3028402336,22.681741185058
高雄市左營區新光里22鄰文寧街340號,64,6400300,6400300-042,22鄰,文寧街,,,,,,340號,120.30287188496,22.681775097408
高雄市左營區新光里22鄰文寧街346號,64,6400300,6400300-042,22鄰,文寧街,,,,,,346號,120.30287814854,22.681845112021
高雄市左營區新光里22鄰文寧街348號,64,6400300,6400300-042,22鄰,文寧街,,,,,,348號,120.30291341345,22.681895746752
高雄市左營區新光里21鄰文寧街356號,64,6400300,6400300-042,21鄰,文寧街,,,,,,356號,120.30458099153,22.678993510432
