FULL_ADDR,COUNTY,TOWN,VILLAGE,NEIGHBORHOOD,ROAD,SECTION,LANE,ALLEY,SUB_ALLEY,TONG,NUMBER,X,Y
高雄市楠梓區瑞屏里1鄰楠梓加工出口區新開發路1號,64,6400400,6400400-013,1鄰,楠梓加工出口區新開發路,,,,,,1號,120.30995587419,22.723495600417
高雄市楠梓區瑞屏里1鄰楠梓加工出口區新開發路6號,64,6400400,6400400-013,1鄰,楠梓加工出口區新開發路,,,,,,6號,120.31062200962,22.724080676067
高雄市楠梓區瑞屏里1鄰楠梓加工出口區新開發路8號,64,6400400,6400400-013,1鄰,楠梓加工出口區新開發路,,,,,,8號,120.31039846222,22.724010447396
高雄市楠梓區瑞屏里1鄰楠梓加工出口區新開發路10號,64,6400400,6400400-013,1鄰,楠梓加工出口區新開發路,,,,,,10號,120.31014188738,22.723906753044
高雄市楠梓區瑞屏里1鄰楠梓加工出口區新開發路12號,64,6400400,6400400-013,1鄰,楠梓加工出口區新開發路,,,,,,12號,120.30938376224,22.723709503056
