FULL_ADDR,COUNTY,TOWN,VILLAGE,NEIGHBORHOOD,ROAD,SECTION,LANE,ALLEY,SUB_ALLEY,TONG,NUMBER,X,Y
高雄市鳳山區南成里38鄰智成街76號,64,6401200,6401200-055,38鄰,智成街,,,,,,76號,120.34614724223,22.586109697388
高雄市鳳山區南成里37鄰智成街150號,64,6401200,6401200-055,37鄰,智成街,,,,,,150號,120.346224551,22.587388410278
