FULL_ADDR,COUNTY,TOWN,VILLAGE,NEIGHBORHOOD,ROAD,SECTION,LANE,ALLEY,SUB_ALLEY,TONG,NUMBER,X,Y
高雄市鼓山區龍井里12鄰清泉街130巷18號,64,6400200,6400200-010,12鄰,清泉街,,130巷,,,,18號,120.27406063118,22.654529162309
高雄市鼓山區龍井里8鄰清泉街142巷28號,64,6400200,6400200-010,8鄰,清泉街,,142巷,,,,28號,120.2743855982,22.655271144426
