FULL_ADDR,COUNTY,TOWN,VILLAGE,NEIGHBORHOOD,ROAD,SECTION,LANE,ALLEY,SUB_ALLEY,TONG,NUMBER,X,Y
高雄市仁武區仁和里8鄰澄合二街13號,64,6401700,6401700-014,8鄰,澄合二街,,,,,,13號,120.35244904206,22.677669319933
高雄市仁武區仁和里8鄰澄合二街15號,64,6401700,6401700-014,8鄰,澄合二街,,,,,,15號,120.35239254046,22.677640373836
高雄市仁武區仁和里8鄰澄合二街21號,64,6401700,6401700-014,8鄰,澄合二街,,,,,,21號,120.35213157384,22.677426193867
高雄市仁武區仁和里8鄰澄合二街27號,64,6401700,6401700-014,8鄰,澄合二街,,,,,,27號,120.35174387684,22.677445485786
高雄市仁武區仁和里8鄰澄合二街29號,64,6401700,6401700-014,8鄰,澄合二街,,,,,,29號,120.35172094972,22.677478535618
高雄市仁武區仁和里8鄰澄合二街31號,64,6401700,6401700-014,8鄰,澄合二街,,,,,,31號,120.35170164781,22.677506362319
高雄市仁武區仁和里8鄰澄合二街33號,64,6401700,6401700-014,8鄰,澄合二街,,,,,,33號,120.35168232381,22.677538884889
高雄市仁武區仁和里8鄰澄合二街35號,64,6401700,6401700-014,8鄰,澄合二街,,,,,,35號,120.35157984115,22.677603039407
