FULL_ADDR,COUNTY,TOWN,VILLAGE,NEIGHBORHOOD,ROAD,SECTION,LANE,ALLEY,SUB_ALLEY,TONG,NUMBER,X,Y
高雄市大寮區潮寮里12鄰潮忠路2號,64,6401400,6401400-014,12鄰,潮忠路,,,,,,2號,120.43302126752,22.567769862194
高雄市大寮區潮寮里12鄰潮忠路6號,64,6401400,6401400-014,12鄰,潮忠路,,,,,,6號,120.43298031939,22.567772427032
高雄市大寮區潮寮里13鄰潮忠路17號,64,6401400,6401400-014,13鄰,潮忠路,,,,,,17號,120.43251129548,22.567615891768
高雄市大寮區潮寮里12鄰潮忠路18號,64,6401400,6401400-014,12鄰,潮忠路,,,,,,18號,120.43273018581,22.567804687953
高雄市大寮區潮寮里12鄰潮忠路20號,64,6401400,6401400-014,12鄰,潮忠路,,,,,,20號,120.43263094135,22.567843260917
