FULL_ADDR,COUNTY,TOWN,VILLAGE,NEIGHBORHOOD,ROAD,SECTION,LANE,ALLEY,SUB_ALLEY,TONG,NUMBER,X,Y
高雄市楠梓區瑞屏里1鄰楠梓加工出口區經三路10號,64,6400400,6400400-013,1鄰,楠梓加工出口區經三路,,,,,,10號,120.30697084211,22.719645322415
高雄市楠梓區瑞屏里1鄰楠梓加工出口區經三路21號,64,6400400,6400400-013,1鄰,楠梓加工出口區經三路,,,,,,21號,120.30622014527,22.720644823436
高雄市楠梓區瑞屏里1鄰楠梓加工出口區經三路26號,64,6400400,6400400-013,1鄰,楠梓加工出口區經三路,,,,,,26號,120.30631240582,22.721247925015
高雄市楠梓區瑞屏里1鄰楠梓加工出口區經三路27號,64,6400400,6400400-013,1鄰,楠梓加工出口區經三路,,,,,,27號,120.30603307821,22.721005596311
高雄市楠梓區瑞屏里1鄰楠梓加工出口區經三路27之1號,64,6400400,6400400-013,1鄰,楠梓加工出口區經三路,,,,,,27之1號,120.3059948785,22.720897785938
高雄市楠梓區瑞屏里1鄰楠梓加工出口區經三路31號,64,6400400,6400400-013,1鄰,楠梓加工出口區經三路,,,,,,31號,120.30583484785,22.721379234203
高雄市楠梓區瑞屏里1鄰楠梓加工出口區經三路42號,64,6400400,6400400-013,1鄰,楠梓加工出口區經三路,,,,,,42號,120.30509386008,22.724037869972
高雄市楠梓區瑞屏里1鄰楠梓加工出口區經三路67號,64,6400400,6400400-013,1鄰,楠梓加工出口區經三路,,,,,,67號,120.30429904981,22.724974948223
高雄市楠梓區瑞屏里1鄰楠梓加工出口區經三路80號,64,6400400,6400400-013,1鄰,楠梓加工出口區經三路,,,,,,80號,120.30525855169,22.723463518293
