FULL_ADDR,COUNTY,TOWN,VILLAGE,NEIGHBORHOOD,ROAD,SECTION,LANE,ALLEY,SUB_ALLEY,TONG,NUMBER,X,Y
高雄市岡山區本洲里10鄰本工東一路1號,64,6401900,6401900-025,10鄰,本工東一路,,,,,,1號,120.27412875631,22.808641327697
高雄市岡山區本洲里10鄰本工東一路3號,64,6401900,6401900-025,10鄰,本工東一路,,,,,,3號,120.27358178607,22.808040659677
高雄市岡山區本洲里10鄰本工東一路6號,64,6401900,6401900-025,10鄰,本工東一路,,,,,,6號,120.27492265923,22.808321650646
高雄市岡山區本洲里10鄰本工東一路8號,64,6401900,6401900-025,10鄰,本工東一路,,,,,,8號,120.27431494507,22.807069703969
