FULL_ADDR,COUNTY,TOWN,VILLAGE,NEIGHBORHOOD,ROAD,SECTION,LANE,ALLEY,SUB_ALLEY,TONG,NUMBER,X,Y
高雄市彌陀區南寮里4鄰漁港一街51之1號,64,6402800,6402800-012,4鄰,漁港一街,,,,,,51之1號,120.23682247863,22.762690655237
高雄市彌陀區南寮里9鄰漁港一街60號,64,6402800,6402800-012,9鄰,漁港一街,,,,,,60號,120.23562827987,22.762411952527
高雄市彌陀區南寮里9鄰漁港一街60之6號,64,6402800,6402800-012,9鄰,漁港一街,,,,,,60之6號,120.23487199215,22.761570756976
高雄市彌陀區南寮里4鄰漁港一街61號,64,6402800,6402800-012,4鄰,漁港一街,,,,,,61號,120.23672351132,22.76208387833
高雄市彌陀區南寮里9鄰漁港一街62號,64,6402800,6402800-012,9鄰,漁港一街,,,,,,62號,120.23393031397,22.761637762882
高雄市彌陀區南寮里12鄰漁港一街91號,64,6402800,6402800-012,12鄰,漁港一街,,,,,,91號,120.23471906582,22.761265337076
