FULL_ADDR,COUNTY,TOWN,VILLAGE,NEIGHBORHOOD,ROAD,SECTION,LANE,ALLEY,SUB_ALLEY,TONG,NUMBER,X,Y
高雄市旗津區南汕里3鄰旗港路10號,64,6401000,6401000-009,3鄰,旗港路,,,,,,10號,120.28564790625,22.589574604769
高雄市旗津區南汕里3鄰旗港路11號,64,6401000,6401000-009,3鄰,旗港路,,,,,,11號,120.28488279322,22.590069875517
高雄市旗津區南汕里3鄰旗港路12號,64,6401000,6401000-009,3鄰,旗港路,,,,,,12號,120.28563715238,22.589585484092
高雄市旗津區南汕里3鄰旗港路13號,64,6401000,6401000-009,3鄰,旗港路,,,,,,13號,120.28506798221,22.590179068343
高雄市旗津區南汕里3鄰旗港路15號,64,6401000,6401000-009,3鄰,旗港路,,,,,,15號,120.28526562767,22.590324439198
高雄市旗津區南汕里3鄰旗港路16號,64,6401000,6401000-009,3鄰,旗港路,,,,,,16號,120.28579243206,22.589459744775
高雄市旗津區南汕里3鄰旗港路33號,64,6401000,6401000-009,3鄰,旗港路,,,,,,33號,120.28511285073,22.590209972438
