FULL_ADDR,COUNTY,TOWN,VILLAGE,NEIGHBORHOOD,ROAD,SECTION,LANE,ALLEY,SUB_ALLEY,TONG,NUMBER,X,Y
高雄市鳳山區武慶里16鄰武林路3號,64,6401200,6401200-064,16鄰,武林路,,,,,,3號,120.33656343016,22.614022682517
高雄市鳳山區武慶里16鄰武林路5號,64,6401200,6401200-064,16鄰,武林路,,,,,,5號,120.33664475983,22.613979671131
高雄市鳳山區武慶里16鄰武林路51號,64,6401200,6401200-064,16鄰,武林路,,,,,,51號,120.33520125051,22.614206239678
