FULL_ADDR,COUNTY,TOWN,VILLAGE,NEIGHBORHOOD,ROAD,SECTION,LANE,ALLEY,SUB_ALLEY,TONG,NUMBER,X,Y
高雄市永安區維新里13鄰永工九路1號,64,6402700,6402700-006,13鄰,永工九路,,,,,,1號,120.25077309087,22.815808709285
高雄市永安區維新里13鄰永工九路2號,64,6402700,6402700-006,13鄰,永工九路,,,,,,2號,120.25130583281,22.816272576079
高雄市永安區維新里13鄰永工九路2之2號,64,6402700,6402700-006,13鄰,永工九路,,,,,,2之2號,120.25082711826,22.816456443096
高雄市永安區維新里13鄰永工九路3之1號,64,6402700,6402700-006,13鄰,永工九路,,,,,,3之1號,120.25081817483,22.815526992042
高雄市永安區維新里13鄰永工九路6號,64,6402700,6402700-006,13鄰,永工九路,,,,,,6號,120.25022056594,22.816485919547
高雄市永安區維新里13鄰永工九路6之2號,64,6402700,6402700-006,13鄰,永工九路,,,,,,6之2號,120.24944988131,22.816798446269
