FULL_ADDR,COUNTY,TOWN,VILLAGE,NEIGHBORHOOD,ROAD,SECTION,LANE,ALLEY,SUB_ALLEY,TONG,NUMBER,X,Y
高雄市楠梓區瑞屏里1鄰楠梓加工出口區新建南路1號,64,6400400,6400400-013,1鄰,楠梓加工出口區新建南路,,,,,,1號,120.3106935911,22.721956448238
高雄市楠梓區瑞屏里1鄰楠梓加工出口區新建南路2號,64,6400400,6400400-013,1鄰,楠梓加工出口區新建南路,,,,,,2號,120.31096001132,22.722212349547
高雄市楠梓區瑞屏里1鄰楠梓加工出口區新建南路2之2號,64,6400400,6400400-013,1鄰,楠梓加工出口區新建南路,,,,,,2之2號,120.31096001132,22.722212349547
高雄市楠梓區瑞屏里1鄰楠梓加工出口區新建南路2之3號,64,6400400,6400400-013,1鄰,楠梓加工出口區新建南路,,,,,,2之3號,120.31096001132,22.722212349547
