FULL_ADDR,COUNTY,TOWN,VILLAGE,NEIGHBORHOOD,ROAD,SECTION,LANE,ALLEY,SUB_ALLEY,TONG,NUMBER,X,Y
高雄市楠梓區東寧里17鄰東寧路137號,64,6400400,6400400-002,17鄰,東寧路,,,,,,137號,120.33149992916,22.732624425597
高雄市楠梓區東寧里17鄰東寧路139號,64,6400400,6400400-002,17鄰,東寧路,,,,,,139號,120.33132759378,22.73278851327
