FULL_ADDR,COUNTY,TOWN,VILLAGE,NEIGHBORHOOD,ROAD,SECTION,LANE,ALLEY,SUB_ALLEY,TONG,NUMBER,X,Y
高雄市旗山區圓富里9鄰泰山路1號,64,6403000,6403000-004,9鄰,泰山路,,,,,,1號,120.49265542785,22.92271480996
高雄市旗山區圓富里9鄰泰山路65號,64,6403000,6403000-004,9鄰,泰山路,,,,,,65號,120.49382333394,22.922672661503
高雄市旗山區圓富里9鄰泰山路89號,64,6403000,6403000-004,9鄰,泰山路,,,,,,89號,120.49528239015,22.923145540902
高雄市旗山區圓富里9鄰泰山路89之1號,64,6403000,6403000-004,9鄰,泰山路,,,,,,89之1號,120.49544401115,22.922861320339
