FULL_ADDR,COUNTY,TOWN,VILLAGE,NEIGHBORHOOD,ROAD,SECTION,LANE,ALLEY,SUB_ALLEY,TONG,NUMBER,X,Y
高雄市仁武區文武里32鄰文學六街9號,64,6401700,6401700-007,32鄰,文學六街,,,,,,9號,120.35518838497,22.700133095167
高雄市仁武區文武里32鄰文學六街11號,64,6401700,6401700-007,32鄰,文學六街,,,,,,11號,120.35522011139,22.700050682666
高雄市仁武區文武里32鄰文學六街33號,64,6401700,6401700-007,32鄰,文學六街,,,,,,33號,120.35548266027,22.699458244554
高雄市仁武區文武里32鄰文學六街35號,64,6401700,6401700-007,32鄰,文學六街,,,,,,35號,120.35551091351,22.699389996151
高雄市仁武區文武里32鄰文學六街37號,64,6401700,6401700-007,32鄰,文學六街,,,,,,37號,120.35554063341,22.699320308741
