FULL_ADDR,COUNTY,TOWN,VILLAGE,NEIGHBORHOOD,ROAD,SECTION,LANE,ALLEY,SUB_ALLEY,TONG,NUMBER,X,Y
高雄市小港區山明里1鄰沿海二路2號,64,6401100,6401100-022,1鄰,沿海二路,,,,,,2號,120.37083806034,22.543169198527
高雄市小港區山明里1鄰沿海二路2之1號,64,6401100,6401100-022,1鄰,沿海二路,,,,,,2之1號,120.37098909199,22.542879807965
高雄市小港區山明里1鄰沿海二路4號,64,6401100,6401100-022,1鄰,沿海二路,,,,,,4號,120.36934763032,22.545294737058
高雄市小港區山明里1鄰沿海二路10號,64,6401100,6401100-022,1鄰,沿海二路,,,,,,10號,120.3662855242,22.549635666573
高雄市小港區山明里1鄰沿海二路12號,64,6401100,6401100-022,1鄰,沿海二路,,,,,,12號,120.36570903721,22.55047335383
高雄市小港區山明里1鄰沿海二路20號,64,6401100,6401100-022,1鄰,沿海二路,,,,,,20號,120.36375978954,22.552967290236
