FULL_ADDR,COUNTY,TOWN,VILLAGE,NEIGHBORHOOD,ROAD,SECTION,LANE,ALLEY,SUB_ALLEY,TONG,NUMBER,X,Y
高雄市仁武區仁慈里10鄰慈安街12號,64,6401700,6401700-016,10鄰,慈安街,,,,,,12號,120.36071281545,22.670228076921
高雄市仁武區仁慈里10鄰慈安街16號,64,6401700,6401700-016,10鄰,慈安街,,,,,,16號,120.36080275692,22.670264287795
高雄市仁武區仁慈里10鄰慈安街18號,64,6401700,6401700-016,10鄰,慈安街,,,,,,18號,120.36085927118,22.670290250841
高雄市仁武區仁慈里10鄰慈安街20號,64,6401700,6401700-016,10鄰,慈安街,,,,,,20號,120.36094068766,22.670318209673
