FULL_ADDR,COUNTY,TOWN,VILLAGE,NEIGHBORHOOD,ROAD,SECTION,LANE,ALLEY,SUB_ALLEY,TONG,NUMBER,X,Y
高雄市三民區達勇里6鄰恆豐街28號,64,6400500,6400500-051,6鄰,恆豐街,,,,,,28號,120.30521833973,22.639845146647
高雄市三民區立業里2鄰恆豐街332巷18號,64,6400500,6400500-067,2鄰,恆豐街,,332巷,,,,18號,120.29679885608,22.640684146526
高雄市三民區立業里2鄰恆豐街332巷20號,64,6400500,6400500-067,2鄰,恆豐街,,332巷,,,,20號,120.29680165224,22.640727325353
高雄市三民區立業里2鄰恆豐街332巷24號,64,6400500,6400500-067,2鄰,恆豐街,,332巷,,,,24號,120.29681225273,22.640842783703
高雄市三民區立業里2鄰恆豐街332巷26號,64,6400500,6400500-067,2鄰,恆豐街,,332巷,,,,26號,120.29681394227,22.640912236902
高雄市三民區立業里2鄰恆豐街332巷28號,64,6400500,6400500-067,2鄰,恆豐街,,332巷,,,,28號,120.29682379715,22.640963935508
高雄市三民區立業里2鄰恆豐街332巷31之2號,64,6400500,6400500-067,2鄰,恆豐街,,332巷,,,,31之2號,120.29662062395,22.6409133757
高雄市三民區立業里2鄰恆豐街331號,64,6400500,6400500-067,2鄰,恆豐街,,,,,,331號,120.29672841798,22.640225712095
