FULL_ADDR,COUNTY,TOWN,VILLAGE,NEIGHBORHOOD,ROAD,SECTION,LANE,ALLEY,SUB_ALLEY,TONG,NUMBER,X,Y
高雄市仁武區文武里32鄰文學四街35之1號,64,6401700,6401700-007,32鄰,文學四街,,,,,,35之1號,120.35375743115,22.699114351944
高雄市仁武區文武里52鄰文學四街83號,64,6401700,6401700-007,52鄰,文學四街,,,,,,83號,120.35398553624,22.698478971813
高雄市仁武區文武里52鄰文學四街106號,64,6401700,6401700-007,52鄰,文學四街,,,,,,106號,120.35366662247,22.697371607176
高雄市仁武區文武里52鄰文學四街108之1號,64,6401700,6401700-007,52鄰,文學四街,,,,,,108之1號,120.35399755272,22.697493864154
