FULL_ADDR,COUNTY,TOWN,VILLAGE,NEIGHBORHOOD,ROAD,SECTION,LANE,ALLEY,SUB_ALLEY,TONG,NUMBER,X,Y
高雄市小港區二苓里22鄰立憲街1號,64,6401100,6401100-012,22鄰,立憲街,,,,,,1號,120.35146430926,22.563836807738
高雄市小港區二苓里22鄰立憲街22號,64,6401100,6401100-012,22鄰,立憲街,,,,,,22號,120.35158598346,22.564162498332
高雄市小港區二苓里22鄰立憲街26號,64,6401100,6401100-012,22鄰,立憲街,,,,,,26號,120.35156833065,22.564194667156
高雄市小港區二苓里22鄰立憲街28號,64,6401100,6401100-012,22鄰,立憲街,,,,,,28號,120.35155108842,22.5642430028
