FULL_ADDR,COUNTY,TOWN,VILLAGE,NEIGHBORHOOD,ROAD,SECTION,LANE,ALLEY,SUB_ALLEY,TONG,NUMBER,X,Y
高雄市林園區北汕里1鄰石化四路1號,64,6401300,6401300-011,1鄰,石化四路,,,,,,1號,120.40855525097,22.486051583954
高雄市林園區北汕里1鄰石化四路2號,64,6401300,6401300-011,1鄰,石化四路,,,,,,2號,120.41035077125,22.485640117708
高雄市林園區北汕里1鄰石化四路4號,64,6401300,6401300-011,1鄰,石化四路,,,,,,4號,120.40947445159,22.48610679164
高雄市林園區北汕里1鄰石化四路6號,64,6401300,6401300-011,1鄰,石化四路,,,,,,6號,120.40891804331,22.487375862064
