FULL_ADDR,COUNTY,TOWN,VILLAGE,NEIGHBORHOOD,ROAD,SECTION,LANE,ALLEY,SUB_ALLEY,TONG,NUMBER,X,Y
高雄市鳥松區仁美里13鄰美勝二街91號,64,6401800,6401800-005,13鄰,美勝二街,,,,,,91號,120.39094883648,22.651017182785
高雄市鳥松區仁美里13鄰美勝二街93號,64,6401800,6401800-005,13鄰,美勝二街,,,,,,93號,120.39101463715,22.65098880526
高雄市鳥松區仁美里13鄰美勝二街95號,64,6401800,6401800-005,13鄰,美勝二街,,,,,,95號,120.39108294676,22.65096513324
高雄市鳥松區仁美里13鄰美勝二街97號,64,6401800,6401800-005,13鄰,美勝二街,,,,,,97號,120.39115130374,22.650930714752
