FULL_ADDR,COUNTY,TOWN,VILLAGE,NEIGHBORHOOD,ROAD,SECTION,LANE,ALLEY,SUB_ALLEY,TONG,NUMBER,X,Y
高雄市苓雅區奏捷里8鄰福成街2號,64,6400800,6400800-038,8鄰,福成街,,,,,,2號,120.32498193801,22.625604514256
高雄市苓雅區奏捷里8鄰福成街2之1號,64,6400800,6400800-038,8鄰,福成街,,,,,,2之1號,120.32503975435,22.625617671447
高雄市苓雅區奏捷里8鄰福成街2之2號,64,6400800,6400800-038,8鄰,福成街,,,,,,2之2號,120.32509511366,22.62563596579
高雄市苓雅區奏捷里8鄰福成街2之3號,64,6400800,6400800-038,8鄰,福成街,,,,,,2之3號,120.32516121747,22.625645274595
高雄市苓雅區奏捷里8鄰福成街2之4號,64,6400800,6400800-038,8鄰,福成街,,,,,,2之4號,120.32521458721,22.625672591244
高雄市苓雅區奏捷里8鄰福成街2之5號,64,6400800,6400800-038,8鄰,福成街,,,,,,2之5號,120.32509400573,22.625464377509
高雄市苓雅區奏捷里8鄰福成街2之6號,64,6400800,6400800-038,8鄰,福成街,,,,,,2之6號,120.32520180598,22.625500953861
高雄市苓雅區奏捷里8鄰福成街2之7號,64,6400800,6400800-038,8鄰,福成街,,,,,,2之7號,120.32528727683,22.625528405511
