FULL_ADDR,COUNTY,TOWN,VILLAGE,NEIGHBORHOOD,ROAD,SECTION,LANE,ALLEY,SUB_ALLEY,TONG,NUMBER,X,Y
高雄市橋頭區德松里5鄰瑞祥二街52號,64,6402000,6402000-016,5鄰,瑞祥二街,,,,,,52號,120.30269073781,22.764647474945
高雄市橋頭區德松里5鄰瑞祥二街56號,64,6402000,6402000-016,5鄰,瑞祥二街,,,,,,56號,120.30273015623,22.764574499789
高雄市橋頭區德松里5鄰瑞祥二街70號,64,6402000,6402000-016,5鄰,瑞祥二街,,,,,,70號,120.30302226589,22.764194506141
