FULL_ADDR,COUNTY,TOWN,VILLAGE,NEIGHBORHOOD,ROAD,SECTION,LANE,ALLEY,SUB_ALLEY,TONG,NUMBER,X,Y
高雄市內門區瑞山里9鄰田子墘1號,64,6403500,6403500-017,9鄰,田子墘,,,,,,1號,120.42051914134,22.906278701954
高雄市內門區瑞山里9鄰田子墘2號,64,6403500,6403500-017,9鄰,田子墘,,,,,,2號,120.4175133728,22.908336241227
高雄市內門區瑞山里9鄰田子墘3號,64,6403500,6403500-017,9鄰,田子墘,,,,,,3號,120.42842318522,22.906165642404
高雄市內門區瑞山里9鄰田子墘5號,64,6403500,6403500-017,9鄰,田子墘,,,,,,5號,120.41464472209,22.913719168936
高雄市內門區瑞山里9鄰田子墘6號,64,6403500,6403500-017,9鄰,田子墘,,,,,,6號,120.41483920584,22.912719124884
高雄市內門區瑞山里9鄰田子墘7號,64,6403500,6403500-017,9鄰,田子墘,,,,,,7號,120.41784132731,22.910315125563
高雄市內門區瑞山里9鄰田子墘9號,64,6403500,6403500-017,9鄰,田子墘,,,,,,9號,120.41742252612,22.909384621617
高雄市內門區瑞山里9鄰田子墘11號,64,6403500,6403500-017,9鄰,田子墘,,,,,,11號,120.41958385414,22.908312211669
