FULL_ADDR,COUNTY,TOWN,VILLAGE,NEIGHBORHOOD,ROAD,SECTION,LANE,ALLEY,SUB_ALLEY,TONG,NUMBER,X,Y
高雄市鳳山區福誠里11鄰福誠二街1號,64,6401200,6401200-049,11鄰,福誠二街,,,,,,1號,120.32493665631,22.593377335181
高雄市鳳山區福誠里11鄰福誠二街3號,64,6401200,6401200-049,11鄰,福誠二街,,,,,,3號,120.32501899461,22.593285206352
高雄市鳳山區福誠里11鄰福誠二街5號,64,6401200,6401200-049,11鄰,福誠二街,,,,,,5號,120.32490523886,22.593238490764
高雄市鳳山區福誠里11鄰福誠二街7號,64,6401200,6401200-049,11鄰,福誠二街,,,,,,7號,120.32483256516,22.59332316464
高雄市鳳山區福誠里11鄰福誠二街168號,64,6401200,6401200-049,11鄰,福誠二街,,,,,,168號,120.32286593341,22.592234807163
高雄市鳳山區福誠里11鄰福誠二街188號,64,6401200,6401200-049,11鄰,福誠二街,,,,,,188號,120.32208880743,22.591154431256
