FULL_ADDR,COUNTY,TOWN,VILLAGE,NEIGHBORHOOD,ROAD,SECTION,LANE,ALLEY,SUB_ALLEY,TONG,NUMBER,X,Y
高雄市前鎮區明孝里19鄰豐漁三路1號,64,6400900,6400900-002,19鄰,豐漁三路,,,,,,1號,120.31380286885,22.573188058417
高雄市前鎮區明孝里19鄰豐漁三路3之1號,64,6400900,6400900-002,19鄰,豐漁三路,,,,,,3之1號,120.31379694978,22.573224788337
高雄市前鎮區明孝里19鄰豐漁三路5號,64,6400900,6400900-002,19鄰,豐漁三路,,,,,,5號,120.31373755603,22.573279532056
高雄市前鎮區明孝里19鄰豐漁三路27巷5號,64,6400900,6400900-002,19鄰,豐漁三路,,27巷,,,,5號,120.31309293985,22.573417567702
高雄市前鎮區明孝里19鄰豐漁三路7號,64,6400900,6400900-002,19鄰,豐漁三路,,,,,,7號,120.31367558462,22.573324601832
高雄市前鎮區明孝里19鄰豐漁三路12號,64,6400900,6400900-002,19鄰,豐漁三路,,,,,,12號,120.3138579596,22.57345253366
高雄市前鎮區明孝里19鄰豐漁三路32號,64,6400900,6400900-002,19鄰,豐漁三路,,,,,,32號,120.31334555014,22.574226990395
高雄市前鎮區明孝里19鄰豐漁三路36號,64,6400900,6400900-002,19鄰,豐漁三路,,,,,,36號,120.31359951531,22.573820878404
