FULL_ADDR,COUNTY,TOWN,VILLAGE,NEIGHBORHOOD,ROAD,SECTION,LANE,ALLEY,SUB_ALLEY,TONG,NUMBER,X,Y
高雄市大社區三奶里15鄰興工路1號,64,6401600,6401600-005,15鄰,興工路,,,,,,1號,120.34132379355,22.724152314014
高雄市大社區三奶里15鄰興工路1之1號,64,6401600,6401600-005,15鄰,興工路,,,,,,1之1號,120.33993637064,22.727138889592
高雄市大社區三奶里15鄰興工路1之3號,64,6401600,6401600-005,15鄰,興工路,,,,,,1之3號,120.33997452891,22.726956899468
高雄市大社區三奶里15鄰興工路2號,64,6401600,6401600-005,15鄰,興工路,,,,,,2號,120.34007550467,22.72512545414
高雄市大社區三奶里15鄰興工路3號,64,6401600,6401600-005,15鄰,興工路,,,,,,3號,120.34298031043,22.719393123105
高雄市大社區三奶里15鄰興工路3之1號,64,6401600,6401600-005,15鄰,興工路,,,,,,3之1號,120.34306300484,22.718281701211
高雄市大社區三奶里15鄰興工路4號,64,6401600,6401600-005,15鄰,興工路,,,,,,4號,120.34150737959,22.721490208391
高雄市大社區三奶里15鄰興工路5號,64,6401600,6401600-005,15鄰,興工路,,,,,,5號,120.34335586964,22.717331797279
