FULL_ADDR,COUNTY,TOWN,VILLAGE,NEIGHBORHOOD,ROAD,SECTION,LANE,ALLEY,SUB_ALLEY,TONG,NUMBER,X,Y
高雄市鳥松區夢裡里9鄰育德一街30號,64,6401800,6401800-002,9鄰,育德一街,,,,,,30號,120.36005303139,22.667883055866
高雄市鳥松區夢裡里9鄰育德一街32號,64,6401800,6401800-002,9鄰,育德一街,,,,,,32號,120.35997405481,22.667958778956
高雄市鳥松區夢裡里9鄰育德一街33號,64,6401800,6401800-002,9鄰,育德一街,,,,,,33號,120.35987732194,22.667729825055
高雄市鳥松區夢裡里9鄰育德一街36號,64,6401800,6401800-002,9鄰,育德一街,,,,,,36號,120.36005336348,22.667937331787
高雄市鳥松區夢裡里9鄰育德一街42號,64,6401800,6401800-002,9鄰,育德一街,,,,,,42號,120.36021229796,22.668140796492
高雄市鳥松區夢裡里7鄰育德一街65號,64,6401800,6401800-002,7鄰,育德一街,,,,,,65號,120.36027930906,22.668546994728
