FULL_ADDR,COUNTY,TOWN,VILLAGE,NEIGHBORHOOD,ROAD,SECTION,LANE,ALLEY,SUB_ALLEY,TONG,NUMBER,X,Y
高雄市路竹區北嶺里10鄰路科一路3號,64,6402400,6402400-005,10鄰,路科一路,,,,,,3號,120.26254687751,22.83058427632
高雄市路竹區北嶺里10鄰路科一路5號,64,6402400,6402400-005,10鄰,路科一路,,,,,,5號,120.26234177557,22.831511290819
高雄市路竹區北嶺里10鄰路科一路7號,64,6402400,6402400-005,10鄰,路科一路,,,,,,7號,120.26224811165,22.832097110697
高雄市路竹區竹南里23鄰路科一路6號,64,6402400,6402400-019,23鄰,路科一路,,,,,,6號,120.26291958809,22.834966919793
高雄市路竹區竹南里23鄰路科一路8號,64,6402400,6402400-019,23鄰,路科一路,,,,,,8號,120.26312521643,22.836529678604
高雄市路竹區竹南里23鄰路科一路9號,64,6402400,6402400-019,23鄰,路科一路,,,,,,9號,120.26201801726,22.833827804578
高雄市路竹區竹南里23鄰路科一路10號,64,6402400,6402400-019,23鄰,路科一路,,,,,,10號,120.26283171787,22.838546072011
高雄市路竹區竹南里23鄰路科一路12號,64,6402400,6402400-019,23鄰,路科一路,,,,,,12號,120.26258900004,22.839671309308
高雄市路竹區竹南里23鄰路科一路16號,64,6402400,6402400-019,23鄰,路科一路,,,,,,16號,120.26254592527,22.840378279877
