FULL_ADDR,COUNTY,TOWN,VILLAGE,NEIGHBORHOOD,ROAD,SECTION,LANE,ALLEY,SUB_ALLEY,TONG,NUMBER,X,Y
高雄市前鎮區信義里18鄰衙義二街1號,64,6400900,6400900-010,18鄰,衙義二街,,,,,,1號,120.31496912562,22.584254625279
高雄市前鎮區信義里18鄰衙義二街2號,64,6400900,6400900-010,18鄰,衙義二街,,,,,,2號,120.31506815337,22.584366938493
高雄市前鎮區信義里7鄰衙義二街6號,64,6400900,6400900-010,7鄰,衙義二街,,,,,,6號,120.31503307012,22.584421154022
高雄市前鎮區信義里7鄰衙義二街8號,64,6400900,6400900-010,7鄰,衙義二街,,,,,,8號,120.31501149714,22.584457185036
高雄市前鎮區信義里7鄰衙義二街10號,64,6400900,6400900-010,7鄰,衙義二街,,,,,,10號,120.31498700674,22.584493203607
