FULL_ADDR,COUNTY,TOWN,VILLAGE,NEIGHBORHOOD,ROAD,SECTION,LANE,ALLEY,SUB_ALLEY,TONG,NUMBER,X,Y
高雄市大寮區過溪里9鄰華七街1之1號,64,6401400,6401400-013,9鄰,華七街,,,,,,1之1號,120.41852054739,22.58224722433
高雄市大寮區過溪里9鄰華七街2號,64,6401400,6401400-013,9鄰,華七街,,,,,,2號,120.41826514468,22.582508375881
高雄市大寮區過溪里9鄰華七街20之1號,64,6401400,6401400-013,9鄰,華七街,,,,,,20之1號,120.41829353931,22.581582362006
高雄市大寮區過溪里9鄰華七街27號,64,6401400,6401400-013,9鄰,華七街,,,,,,27號,120.41863908136,22.580511918044
高雄市大寮區過溪里9鄰華七街66號,64,6401400,6401400-013,9鄰,華七街,,,,,,66號,120.41817278955,22.580022833545
高雄市大寮區過溪里9鄰華七街128號,64,6401400,6401400-013,9鄰,華七街,,,,,,128號,120.41780931375,22.578509927933
