FULL_ADDR,COUNTY,TOWN,VILLAGE,NEIGHBORHOOD,ROAD,SECTION,LANE,ALLEY,SUB_ALLEY,TONG,NUMBER,X,Y
高雄市左營區莒光里13鄰莒光新村16之1號,64,6400300,6400300-015,13鄰,莒光新村,,,,,,16之1號,120.29325354167,22.70505219352
高雄市左營區莒光里11鄰莒光新村283之1號,64,6400300,6400300-015,11鄰,莒光新村,,,,,,283之1號,120.29301883356,22.704888605958
高雄市左營區莒光里11鄰莒光新村285之1號,64,6400300,6400300-015,11鄰,莒光新村,,,,,,285之1號,120.29311528494,22.704870880677
高雄市左營區莒光里13鄰莒光新村327之1號,64,6400300,6400300-015,13鄰,莒光新村,,,,,,327之1號,120.29345812819,22.704845303389
高雄市左營區莒光里13鄰莒光新村328之1號,64,6400300,6400300-015,13鄰,莒光新村,,,,,,328之1號,120.2934733306,22.704917615217
高雄市左營區莒光里13鄰莒光新村329之1號,64,6400300,6400300-015,13鄰,莒光新村,,,,,,329之1號,120.29350600592,22.704999125096
高雄市左營區莒光里13鄰莒光新村330之1號,64,6400300,6400300-015,13鄰,莒光新村,,,,,,330之1號,120.29352704827,22.705071462707
