FULL_ADDR,COUNTY,TOWN,VILLAGE,NEIGHBORHOOD,ROAD,SECTION,LANE,ALLEY,SUB_ALLEY,TONG,NUMBER,X,Y
高雄市前鎮區信義里22鄰衙信一街25巷12之1號,64,6400900,6400900-010,22鄰,衙信一街,,25巷,,,,12之1號,120.31471649781,22.585488051125
高雄市前鎮區信義里22鄰衙信一街15之1號,64,6400900,6400900-010,22鄰,衙信一街,,,,,,15之1號,120.31466893091,22.58527418072
