FULL_ADDR,COUNTY,TOWN,VILLAGE,NEIGHBORHOOD,ROAD,SECTION,LANE,ALLEY,SUB_ALLEY,TONG,NUMBER,X,Y
高雄市前鎮區明道里11鄰衙松二街5號,64,6400900,6400900-012,11鄰,衙松二街,,,,,,5號,120.32120468673,22.584483472456
高雄市前鎮區明道里12鄰衙松二街13之1號,64,6400900,6400900-012,12鄰,衙松二街,,,,,,13之1號,120.32110412039,22.584604691799
高雄市前鎮區明道里12鄰衙松二街15之1號,64,6400900,6400900-012,12鄰,衙松二街,,,,,,15之1號,120.3210872239,22.584639298501
