FULL_ADDR,COUNTY,TOWN,VILLAGE,NEIGHBORHOOD,ROAD,SECTION,LANE,ALLEY,SUB_ALLEY,TONG,NUMBER,X,Y
高雄市鳥松區華美里18鄰華山二街1號,64,6401800,6401800-007,18鄰,華山二街,,,,,,1號,120.39294889426,22.659819564616
高雄市鳥松區華美里18鄰華山二街3號,64,6401800,6401800-007,18鄰,華山二街,,,,,,3號,120.39296408085,22.659884282417
高雄市鳥松區華美里18鄰華山二街5號,64,6401800,6401800-007,18鄰,華山二街,,,,,,5號,120.39297289836,22.659936965172
高雄市鳥松區華美里18鄰華山二街7號,64,6401800,6401800-007,18鄰,華山二街,,,,,,7號,120.39298044579,22.659990817113
