FULL_ADDR,COUNTY,TOWN,VILLAGE,NEIGHBORHOOD,ROAD,SECTION,LANE,ALLEY,SUB_ALLEY,TONG,NUMBER,X,Y
高雄市鳥松區夢裡里10鄰育成三街3號,64,6401800,6401800-002,10鄰,育成三街,,,,,,3號,120.36075163437,22.666449509802
高雄市鳥松區夢裡里10鄰育成三街5號,64,6401800,6401800-002,10鄰,育成三街,,,,,,5號,120.36067163501,22.666431219428
高雄市鳥松區夢裡里10鄰育成三街6號,64,6401800,6401800-002,10鄰,育成三街,,,,,,6號,120.36075817999,22.666716935449
高雄市鳥松區夢裡里10鄰育成三街8號,64,6401800,6401800-002,10鄰,育成三街,,,,,,8號,120.36071180481,22.666708171207
高雄市鳥松區夢裡里10鄰育成三街26號,64,6401800,6401800-002,10鄰,育成三街,,,,,,26號,120.36041109546,22.666651341682
高雄市鳥松區夢裡里10鄰育成三街28號,64,6401800,6401800-002,10鄰,育成三街,,,,,,28號,120.3603625183,22.666634802132
高雄市鳥松區夢裡里10鄰育成三街30號,64,6401800,6401800-002,10鄰,育成三街,,,,,,30號,120.36031578745,22.666618811783
高雄市鳥松區夢裡里10鄰育成三街32號,64,6401800,6401800-002,10鄰,育成三街,,,,,,32號,120.36024542678,22.666599385691
