FULL_ADDR,COUNTY,TOWN,VILLAGE,NEIGHBORHOOD,ROAD,SECTION,LANE,ALLEY,SUB_ALLEY,TONG,NUMBER,X,Y
高雄市小港區坪頂里11鄰高坪二十七南街67號,64,6401100,6401100-027,11鄰,高坪二十七南街,,,,,,67號,120.38573264474,22.553555283151
高雄市小港區坪頂里11鄰高坪二十七南街69號,64,6401100,6401100-027,11鄰,高坪二十七南街,,,,,,69號,120.38570909159,22.553604592063
高雄市小港區坪頂里11鄰高坪二十七南街71號,64,6401100,6401100-027,11鄰,高坪二十七南街,,,,,,71號,120.38568563725,22.553653540114
高雄市小港區坪頂里11鄰高坪二十七南街73號,64,6401100,6401100-027,11鄰,高坪二十七南街,,,,,,73號,120.38566208407,22.553702849018
