FULL_ADDR,COUNTY,TOWN,VILLAGE,NEIGHBORHOOD,ROAD,SECTION,LANE,ALLEY,SUB_ALLEY,TONG,NUMBER,X,Y
高雄市燕巢區鳳雄里20鄰高鐵總廠路59號,64,6402100,6402100-005,20鄰,高鐵總廠路,,,,,,59號,120.35686748513,22.760109270886
高雄市燕巢區鳳雄里20鄰高鐵總廠路110之1號,64,6402100,6402100-005,20鄰,高鐵總廠路,,,,,,110之1號,120.35329276317,22.760778630767
高雄市燕巢區鳳雄里20鄰高鐵總廠路500號,64,6402100,6402100-005,20鄰,高鐵總廠路,,,,,,500號,120.34698919346,22.760770044532
高雄市燕巢區鳳雄里20鄰高鐵總廠路600號,64,6402100,6402100-005,20鄰,高鐵總廠路,,,,,,600號,120.34558509402,22.760231491287
高雄市燕巢區鳳雄里20鄰高鐵總廠路699之9號,64,6402100,6402100-005,20鄰,高鐵總廠路,,,,,,699之9號,120.34203690365,22.75880705491
