FULL_ADDR,COUNTY,TOWN,VILLAGE,NEIGHBORHOOD,ROAD,SECTION,LANE,ALLEY,SUB_ALLEY,TONG,NUMBER,X,Y
高雄市永安區鹽田里8鄰鹽保路20號,64,6402700,6402700-004,8鄰,鹽保路,,,,,,20號,120.222846399,22.836809159332
高雄市永安區鹽田里8鄰鹽保路21號,64,6402700,6402700-004,8鄰,鹽保路,,,,,,21號,120.22465430968,22.834664957013
高雄市永安區保寧里1鄰鹽保路12號,64,6402700,6402700-005,1鄰,鹽保路,,,,,,12號,120.23397744227,22.8363764405
高雄市永安區保寧里1鄰鹽保路16號,64,6402700,6402700-005,1鄰,鹽保路,,,,,,16號,120.23388492358,22.836509193218
高雄市永安區保寧里1鄰鹽保路16之3號,64,6402700,6402700-005,1鄰,鹽保路,,,,,,16之3號,120.23387594691,22.836737798614
高雄市永安區保寧里1鄰鹽保路101之1號,64,6402700,6402700-005,1鄰,鹽保路,,,,,,101之1號,120.23066386432,22.836171914961
