FULL_ADDR,COUNTY,TOWN,VILLAGE,NEIGHBORHOOD,ROAD,SECTION,LANE,ALLEY,SUB_ALLEY,TONG,NUMBER,X,Y
高雄市前鎮區興化里15鄰鎮港路1號,64,6400900,6400900-013,15鄰,鎮港路,,,,,,1號,120.30906031291,22.582355622568
高雄市前鎮區興化里15鄰鎮港路3號,64,6400900,6400900-013,15鄰,鎮港路,,,,,,3號,120.30811381348,22.582080627019
高雄市前鎮區興化里15鄰鎮港路7號,64,6400900,6400900-013,15鄰,鎮港路,,,,,,7號,120.30691743416,22.581447382399
高雄市前鎮區興化里15鄰鎮港路18號,64,6400900,6400900-013,15鄰,鎮港路,,,,,,18號,120.3086091677,22.580838232674
