FULL_ADDR,COUNTY,TOWN,VILLAGE,NEIGHBORHOOD,ROAD,SECTION,LANE,ALLEY,SUB_ALLEY,TONG,NUMBER,X,Y
高雄市小港區坪頂里15鄰高坪十六街2號,64,6401100,6401100-027,15鄰,高坪十六街,,,,,,2號,120.38407981871,22.548000212023
高雄市小港區坪頂里15鄰高坪十六街6號,64,6401100,6401100-027,15鄰,高坪十六街,,,,,,6號,120.38369980027,22.548080485903
高雄市小港區坪頂里15鄰高坪十六街53之1號,64,6401100,6401100-027,15鄰,高坪十六街,,,,,,53之1號,120.38318217501,22.547862031734
