FULL_ADDR,COUNTY,TOWN,VILLAGE,NEIGHBORHOOD,ROAD,SECTION,LANE,ALLEY,SUB_ALLEY,TONG,NUMBER,X,Y
高雄市仁武區高楠里2鄰霞海南一街21號,64,6401700,6401700-010,2鄰,霞海南一街,,,,,,21號,120.32279212452,22.681301684152
高雄市仁武區高楠里2鄰霞海南一街23號,64,6401700,6401700-010,2鄰,霞海南一街,,,,,,23號,120.32283485097,22.681261226924
高雄市仁武區高楠里2鄰霞海南一街25號,64,6401700,6401700-010,2鄰,霞海南一街,,,,,,25號,120.32287231615,22.681222011726
高雄市仁武區高楠里2鄰霞海南一街27號,64,6401700,6401700-010,2鄰,霞海南一街,,,,,,27號,120.32291757852,22.681180391215
高雄市仁武區高楠里2鄰霞海南一街29號,64,6401700,6401700-010,2鄰,霞海南一街,,,,,,29號,120.32295511215,22.68114704621
高雄市仁武區高楠里2鄰霞海南一街31號,64,6401700,6401700-010,2鄰,霞海南一街,,,,,,31號,120.3229925715,22.681109004942
高雄市仁武區高楠里2鄰霞海南一街33號,64,6401700,6401700-010,2鄰,霞海南一街,,,,,,33號,120.32303276187,22.681069710921
高雄市仁武區高楠里2鄰霞海南一街35號,64,6401700,6401700-010,2鄰,霞海南一街,,,,,,35號,120.32307024468,22.681026883487
