FULL_ADDR,COUNTY,TOWN,VILLAGE,NEIGHBORHOOD,ROAD,SECTION,LANE,ALLEY,SUB_ALLEY,TONG,NUMBER,X,Y
新北市中和區中原里5鄰中原六街1號,65,6500300,6500300-001,5鄰,中原六街,,,,,,1號,121.4847611914,25.012359497067
新北市中和區中原里5鄰中原六街2號,65,6500300,6500300-001,5鄰,中原六街,,,,,,2號,121.48490870887,25.012208796582
新北市中和區中原里5鄰中原六街3號,65,6500300,6500300-001,5鄰,中原六街,,,,,,3號,121.48487115783,25.012415402039
新北市中和區中原里5鄰中原六街5號,65,6500300,6500300-001,5鄰,中原六街,,,,,,5號,121.48499722322,25.012478603345
新北市中和區中原里5鄰中原六街6號,65,6500300,6500300-001,5鄰,中原六街,,,,,,6號,121.48503745756,25.012281712435
新北市中和區中原里6鄰中原六街36號,65,6500300,6500300-001,6鄰,中原六街,,,,,,36號,121.48545856892,25.012505338065
新北市中和區中原里6鄰中原六街38號,65,6500300,6500300-001,6鄰,中原六街,,,,,,38號,121.4856248662,25.012592846712
