FULL_ADDR,COUNTY,TOWN,VILLAGE,NEIGHBORHOOD,ROAD,SECTION,LANE,ALLEY,SUB_ALLEY,TONG,NUMBER,X,Y
新北市新莊區中原里1鄰中智街50號,65,6500500,6500500-053,1鄰,中智街,,,,,,50號,121.44888968421,25.055248848244
新北市新莊區中原里1鄰中智街52號,65,6500500,6500500-053,1鄰,中智街,,,,,,52號,121.44862745878,25.055249640553
新北市新莊區中原里1鄰中智街56號,65,6500500,6500500-053,1鄰,中智街,,,,,,56號,121.44838619633,25.055247976658
新北市新莊區中原里1鄰中智街58號,65,6500500,6500500-053,1鄰,中智街,,,,,,58號,121.44817379352,25.055248617745
