FULL_ADDR,COUNTY,TOWN,VILLAGE,NEIGHBORHOOD,ROAD,SECTION,LANE,ALLEY,SUB_ALLEY,TONG,NUMBER,X,Y
新北市新莊區立人里3鄰中港路五守新村6號,65,6500500,6500500-026,3鄰,中港路五守新村,,,,,,6號,121.45496123538,25.038647871019
新北市新莊區立人里3鄰中港路五守新村8號,65,6500500,6500500-026,3鄰,中港路五守新村,,,,,,8號,121.45483276541,25.038650656768
新北市新莊區立人里3鄰中港路五守新村10號,65,6500500,6500500-026,3鄰,中港路五守新村,,,,,,10號,121.45480126257,25.038640000663
新北市新莊區立人里3鄰中港路五守新村12號,65,6500500,6500500-026,3鄰,中港路五守新村,,,,,,12號,121.45476196746,25.038647289281
