FULL_ADDR,COUNTY,TOWN,VILLAGE,NEIGHBORHOOD,ROAD,SECTION,LANE,ALLEY,SUB_ALLEY,TONG,NUMBER,X,Y
新北市三峽區竹崙里4鄰三德路1號,65,6500900,6500900-022,4鄰,三德路,,,,,,1號,121.44723756544,24.900566176294
新北市三峽區竹崙里4鄰三德路1之1號,65,6500900,6500900-022,4鄰,三德路,,,,,,1之1號,121.4471864511,24.90058890032
新北市三峽區竹崙里4鄰三德路2號,65,6500900,6500900-022,4鄰,三德路,,,,,,2號,121.44657809529,24.900883357599
新北市三峽區竹崙里4鄰三德路3號,65,6500900,6500900-022,4鄰,三德路,,,,,,3號,121.44648237958,24.900315229757
新北市三峽區竹崙里4鄰三德路5號,65,6500900,6500900-022,4鄰,三德路,,,,,,5號,121.44673837106,24.900133996273
新北市三峽區竹崙里4鄰三德路6號,65,6500900,6500900-022,4鄰,三德路,,,,,,6號,121.44509485658,24.90090007749
新北市三峽區竹崙里4鄰三德路9號,65,6500900,6500900-022,4鄰,三德路,,,,,,9號,121.44610503045,24.898954607015
新北市三峽區竹崙里4鄰三德路13號,65,6500900,6500900-022,4鄰,三德路,,,,,,13號,121.44558363338,24.899589294545
新北市三峽區竹崙里4鄰三德路15號,65,6500900,6500900-022,4鄰,三德路,,,,,,15號,121.44560505023,24.89955238598
新北市三峽區竹崙里5鄰三德路16號,65,6500900,6500900-022,5鄰,三德路,,,,,,16號,121.44418131633,24.897848128392
新北市三峽區竹崙里4鄰三德路17號,65,6500900,6500900-022,4鄰,三德路,,,,,,17號,121.44561555614,24.899476146495
新北市三峽區竹崙里4鄰三德路19號,65,6500900,6500900-022,4鄰,三德路,,,,,,19號,121.44564500727,24.899424506784
新北市三峽區竹崙里4鄰三德路21號,65,6500900,6500900-022,4鄰,三德路,,,,,,21號,121.44562478977,24.89929643715
新北市三峽區竹崙里4鄰三德路23號,65,6500900,6500900-022,4鄰,三德路,,,,,,23號,121.44565727994,24.899225558022
新北市三峽區竹崙里4鄰三德路25號,65,6500900,6500900-022,4鄰,三德路,,,,,,25號,121.44548421175,24.898141483756
新北市三峽區竹崙里4鄰三德路27號,65,6500900,6500900-022,4鄰,三德路,,,,,,27號,121.44575542542,24.897910975013
新北市三峽區竹崙里4鄰三德路31號,65,6500900,6500900-022,4鄰,三德路,,,,,,31號,121.44478022969,24.900208200078
新北市三峽區竹崙里4鄰三德路35號,65,6500900,6500900-022,4鄰,三德路,,,,,,35號,121.44456919195,24.89825229104
