FULL_ADDR,COUNTY,TOWN,VILLAGE,NEIGHBORHOOD,ROAD,SECTION,LANE,ALLEY,SUB_ALLEY,TONG,NUMBER,X,Y
新北市林口區南勢里20鄰井泉街58號,65,6501700,6501700-008,20鄰,井泉街,,,,,,58號,121.35786895991,25.069039762854
新北市林口區南勢里20鄰井泉街60號,65,6501700,6501700-008,20鄰,井泉街,,,,,,60號,121.35791567517,25.069022225843
新北市林口區南勢里20鄰井泉街62號,65,6501700,6501700-008,20鄰,井泉街,,,,,,62號,121.35796533198,25.069003869189
新北市林口區南勢里20鄰井泉街64號,65,6501700,6501700-008,20鄰,井泉街,,,,,,64號,121.35802446221,25.068984577827
