FULL_ADDR,COUNTY,TOWN,VILLAGE,NEIGHBORHOOD,ROAD,SECTION,LANE,ALLEY,SUB_ALLEY,TONG,NUMBER,X,Y
新北市淡水區興仁里14鄰大牛稠3號,65,6501000,6501000-004,14鄰,大牛稠,,,,,,3號,121.46922089991,25.219949766517
新北市淡水區興仁里14鄰大牛稠4號,65,6501000,6501000-004,14鄰,大牛稠,,,,,,4號,121.46967263115,25.219978764997
新北市淡水區興仁里14鄰大牛稠5號,65,6501000,6501000-004,14鄰,大牛稠,,,,,,5號,121.46985258715,25.219965003304
新北市淡水區興仁里14鄰大牛稠5之1號,65,6501000,6501000-004,14鄰,大牛稠,,,,,,5之1號,121.46993450597,25.220131055236
新北市淡水區興仁里14鄰大牛稠5之2號,65,6501000,6501000-004,14鄰,大牛稠,,,,,,5之2號,121.46952252806,25.220887170737
新北市淡水區興仁里14鄰大牛稠6號,65,6501000,6501000-004,14鄰,大牛稠,,,,,,6號,121.47014687717,25.218390356512
