FULL_ADDR,COUNTY,TOWN,VILLAGE,NEIGHBORHOOD,ROAD,SECTION,LANE,ALLEY,SUB_ALLEY,TONG,NUMBER,X,Y
新北市瑞芳區上天里6鄰尫子上天路1號,65,6501200,6501200-010,6鄰,尫子上天路,,,,,,1號,121.78761287333,25.087099400798
新北市瑞芳區上天里6鄰尫子上天路1之1號,65,6501200,6501200-010,6鄰,尫子上天路,,,,,,1之1號,121.78760983674,25.086854196772
新北市瑞芳區上天里6鄰尫子上天路1之2號,65,6501200,6501200-010,6鄰,尫子上天路,,,,,,1之2號,121.78769114932,25.087231160224
新北市瑞芳區上天里6鄰尫子上天路1之3號,65,6501200,6501200-010,6鄰,尫子上天路,,,,,,1之3號,121.78735410202,25.086974647785
新北市瑞芳區上天里6鄰尫子上天路7之1號,65,6501200,6501200-010,6鄰,尫子上天路,,,,,,7之1號,121.78518958393,25.089491908252
新北市瑞芳區上天里6鄰尫子上天路7之2號,65,6501200,6501200-010,6鄰,尫子上天路,,,,,,7之2號,121.78455803669,25.090665721094
新北市瑞芳區上天里6鄰尫子上天路7之3號,65,6501200,6501200-010,6鄰,尫子上天路,,,,,,7之3號,121.78530591428,25.089731998852
新北市瑞芳區上天里6鄰尫子上天路11號,65,6501200,6501200-010,6鄰,尫子上天路,,,,,,11號,121.78435662185,25.089432397758
新北市瑞芳區上天里6鄰尫子上天路11之1號,65,6501200,6501200-010,6鄰,尫子上天路,,,,,,11之1號,121.78415507455,25.089344260118
新北市瑞芳區上天里6鄰尫子上天路11之2號,65,6501200,6501200-010,6鄰,尫子上天路,,,,,,11之2號,121.78448703796,25.089661662543
新北市瑞芳區上天里6鄰尫子上天路17號,65,6501200,6501200-010,6鄰,尫子上天路,,,,,,17號,121.78286702641,25.091076423688
新北市瑞芳區上天里6鄰尫子上天路19號,65,6501200,6501200-010,6鄰,尫子上天路,,,,,,19號,121.78382835442,25.090632374648
新北市瑞芳區上天里6鄰尫子上天路19之1號,65,6501200,6501200-010,6鄰,尫子上天路,,,,,,19之1號,121.78349319335,25.09048084512
