FULL_ADDR,COUNTY,TOWN,VILLAGE,NEIGHBORHOOD,ROAD,SECTION,LANE,ALLEY,SUB_ALLEY,TONG,NUMBER,X,Y
新北市汐止區東山里16鄰內曾路6號,65,6501100,6501100-023,16鄰,內曾路,,,,,,6號,121.69838045584,25.048374769899
新北市汐止區東山里14鄰內曾路16號,65,6501100,6501100-023,14鄰,內曾路,,,,,,16號,121.704174205,25.046149010991
新北市汐止區東山里14鄰內曾路30號,65,6501100,6501100-023,14鄰,內曾路,,,,,,30號,121.70635603735,25.045119124943
新北市汐止區東山里14鄰內曾路31號,65,6501100,6501100-023,14鄰,內曾路,,,,,,31號,121.70584026184,25.045292392981
新北市汐止區東山里14鄰內曾路32號,65,6501100,6501100-023,14鄰,內曾路,,,,,,32號,121.70623741611,25.045346036019
新北市汐止區東山里14鄰內曾路33號,65,6501100,6501100-023,14鄰,內曾路,,,,,,33號,121.70580825882,25.04535755483
新北市汐止區東山里14鄰內曾路52號,65,6501100,6501100-023,14鄰,內曾路,,,,,,52號,121.70593585484,25.046041957361
新北市汐止區東山里14鄰內曾路56號,65,6501100,6501100-023,14鄰,內曾路,,,,,,56號,121.70594449842,25.046224026762
新北市汐止區東山里14鄰內曾路58號,65,6501100,6501100-023,14鄰,內曾路,,,,,,58號,121.70580511269,25.046320935329
