FULL_ADDR,COUNTY,TOWN,VILLAGE,NEIGHBORHOOD,ROAD,SECTION,LANE,ALLEY,SUB_ALLEY,TONG,NUMBER,X,Y
新北市石碇區烏塗里8鄰半路店1號,65,6501900,6501900-004,8鄰,半路店,,,,,,1號,121.64791486781,24.969602016793
新北市石碇區烏塗里8鄰半路店1之1號,65,6501900,6501900-004,8鄰,半路店,,,,,,1之1號,121.64870517652,24.969918746147
新北市石碇區烏塗里8鄰半路店2號,65,6501900,6501900-004,8鄰,半路店,,,,,,2號,121.64798577248,24.968666312389
新北市石碇區烏塗里8鄰半路店2之2號,65,6501900,6501900-004,8鄰,半路店,,,,,,2之2號,121.6495304481,24.963416669612
新北市石碇區烏塗里8鄰半路店3之1號,65,6501900,6501900-004,8鄰,半路店,,,,,,3之1號,121.64542862472,24.965616070063
新北市石碇區烏塗里8鄰半路店5號,65,6501900,6501900-004,8鄰,半路店,,,,,,5號,121.64519062041,24.965812044233
