FULL_ADDR,COUNTY,TOWN,VILLAGE,NEIGHBORHOOD,ROAD,SECTION,LANE,ALLEY,SUB_ALLEY,TONG,NUMBER,X,Y
新北市林口區東林里20鄰工二工業區工七路7號,65,6501700,6501700-001,20鄰,工二工業區工七路,,,,,,7號,121.39971773687,25.078943917988
新北市林口區東林里20鄰工二工業區工七路8號,65,6501700,6501700-001,20鄰,工二工業區工七路,,,,,,8號,121.40009125118,25.079072023092
新北市林口區東林里20鄰工二工業區工七路10號,65,6501700,6501700-001,20鄰,工二工業區工七路,,,,,,10號,121.39985559577,25.079221008626
