FULL_ADDR,COUNTY,TOWN,VILLAGE,NEIGHBORHOOD,ROAD,SECTION,LANE,ALLEY,SUB_ALLEY,TONG,NUMBER,X,Y
新北市金山區重和里3鄰名路1號,65,6502700,6502700-007,3鄰,名路,,,,,,1號,121.59549729074,25.197427788153
新北市金山區重和里3鄰名路1之2號,65,6502700,6502700-007,3鄰,名路,,,,,,1之2號,121.59421099907,25.201163982204
新北市金山區重和里3鄰名路1之6號,65,6502700,6502700-007,3鄰,名路,,,,,,1之6號,121.59487883597,25.202051441005
新北市金山區重和里3鄰名路1之8號,65,6502700,6502700-007,3鄰,名路,,,,,,1之8號,121.59557513517,25.202882529562
新北市金山區重和里3鄰名路2號,65,6502700,6502700-007,3鄰,名路,,,,,,2號,121.59698028243,25.203183024541
