FULL_ADDR,COUNTY,TOWN,VILLAGE,NEIGHBORHOOD,ROAD,SECTION,LANE,ALLEY,SUB_ALLEY,TONG,NUMBER,X,Y
新北市三芝區錫板里9鄰山猪堀35號,65,6502100,6502100-008,9鄰,山猪堀,,,,,,35號,121.49384050674,25.250614457357
新北市三芝區錫板里9鄰山猪堀38號,65,6502100,6502100-008,9鄰,山猪堀,,,,,,38號,121.49374089739,25.25368329712
新北市三芝區錫板里9鄰山猪堀40號,65,6502100,6502100-008,9鄰,山猪堀,,,,,,40號,121.49361478744,25.253902933183
新北市三芝區錫板里9鄰山猪堀42號,65,6502100,6502100-008,9鄰,山猪堀,,,,,,42號,121.49162399615,25.254210499921
新北市三芝區錫板里9鄰山猪堀44號,65,6502100,6502100-008,9鄰,山猪堀,,,,,,44號,121.49085629229,25.255826675374
