FULL_ADDR,COUNTY,TOWN,VILLAGE,NEIGHBORHOOD,ROAD,SECTION,LANE,ALLEY,SUB_ALLEY,TONG,NUMBER,X,Y
新北市石碇區烏塗里9鄰外楒仔腳1號,65,6501900,6501900-004,9鄰,外楒仔腳,,,,,,1號,121.64453983374,24.976903453228
新北市石碇區烏塗里9鄰外楒仔腳1之1號,65,6501900,6501900-004,9鄰,外楒仔腳,,,,,,1之1號,121.64229336048,24.976639044717
新北市石碇區烏塗里9鄰外楒仔腳2號,65,6501900,6501900-004,9鄰,外楒仔腳,,,,,,2號,121.64455645967,24.976613824889
新北市石碇區烏塗里9鄰外楒仔腳3號,65,6501900,6501900-004,9鄰,外楒仔腳,,,,,,3號,121.64440147622,24.976565103464
新北市石碇區烏塗里9鄰外楒仔腳5號,65,6501900,6501900-004,9鄰,外楒仔腳,,,,,,5號,121.64332972991,24.976490833986
新北市石碇區烏塗里9鄰外楒仔腳5之1號,65,6501900,6501900-004,9鄰,外楒仔腳,,,,,,5之1號,121.64331730605,24.97642732123
