FULL_ADDR,COUNTY,TOWN,VILLAGE,NEIGHBORHOOD,ROAD,SECTION,LANE,ALLEY,SUB_ALLEY,TONG,NUMBER,X,Y
新北市石碇區烏塗里10鄰員山子1號,65,6501900,6501900-004,10鄰,員山子,,,,,,1號,121.65489254243,24.964697954424
新北市石碇區烏塗里10鄰員山子1之1號,65,6501900,6501900-004,10鄰,員山子,,,,,,1之1號,121.65221363889,24.967587500251
新北市石碇區烏塗里10鄰員山子1之2號,65,6501900,6501900-004,10鄰,員山子,,,,,,1之2號,121.65170229747,24.967422973142
新北市石碇區烏塗里10鄰員山子1之3號,65,6501900,6501900-004,10鄰,員山子,,,,,,1之3號,121.65099908814,24.967482032169
新北市石碇區烏塗里10鄰員山子1之5號,65,6501900,6501900-004,10鄰,員山子,,,,,,1之5號,121.6518898068,24.966405946672
新北市石碇區烏塗里10鄰員山子2號,65,6501900,6501900-004,10鄰,員山子,,,,,,2號,121.65497418231,24.965022460459
新北市石碇區烏塗里10鄰員山子3號,65,6501900,6501900-004,10鄰,員山子,,,,,,3號,121.65646530176,24.963755904784
