FULL_ADDR,COUNTY,TOWN,VILLAGE,NEIGHBORHOOD,ROAD,SECTION,LANE,ALLEY,SUB_ALLEY,TONG,NUMBER,X,Y
新北市中和區平河里4鄰建二路15號,65,6500300,6500300-002,4鄰,建二路,,,,,,15號,121.4853023189,25.004044906399
新北市中和區平河里4鄰建二路56號,65,6500300,6500300-002,4鄰,建二路,,,,,,56號,121.48582756822,25.003634721324
新北市中和區平河里4鄰建二路64號,65,6500300,6500300-002,4鄰,建二路,,,,,,64號,121.48559505315,25.003828963249
新北市中和區碧河里19鄰建二路111號,65,6500300,6500300-084,19鄰,建二路,,,,,,111號,121.48641701188,25.003816057712
新北市中和區碧河里19鄰建二路113號,65,6500300,6500300-084,19鄰,建二路,,,,,,113號,121.48692738758,25.003954116776
新北市中和區碧河里19鄰建二路151號,65,6500300,6500300-084,19鄰,建二路,,,,,,151號,121.48693682029,25.004019783867
新北市中和區碧河里19鄰建二路153號,65,6500300,6500300-084,19鄰,建二路,,,,,,153號,121.48729500462,25.003785711249
新北市中和區碧河里19鄰建二路155號,65,6500300,6500300-084,19鄰,建二路,,,,,,155號,121.48745752553,25.003787571199
新北市中和區碧河里19鄰建二路157號,65,6500300,6500300-084,19鄰,建二路,,,,,,157號,121.48759383295,25.003789507875
