FULL_ADDR,COUNTY,TOWN,VILLAGE,NEIGHBORHOOD,ROAD,SECTION,LANE,ALLEY,SUB_ALLEY,TONG,NUMBER,X,Y
新北市淡水區水源里21鄰大溪6號,65,6501000,6501000-013,21鄰,大溪,,,,,,6號,121.49398026033,25.191804040293
新北市淡水區水源里21鄰大溪6之1號,65,6501000,6501000-013,21鄰,大溪,,,,,,6之1號,121.49462003879,25.191637368511
新北市淡水區水源里21鄰大溪7號,65,6501000,6501000-013,21鄰,大溪,,,,,,7號,121.49679497873,25.190976792472
新北市淡水區水源里21鄰大溪7之2號,65,6501000,6501000-013,21鄰,大溪,,,,,,7之2號,121.49712581,25.191810629392
新北市淡水區水源里21鄰大溪7之3號,65,6501000,6501000-013,21鄰,大溪,,,,,,7之3號,121.49651486455,25.191168818075
新北市淡水區水源里21鄰大溪7之5號,65,6501000,6501000-013,21鄰,大溪,,,,,,7之5號,121.49744953009,25.19201138768
新北市淡水區水源里21鄰大溪7之6號,65,6501000,6501000-013,21鄰,大溪,,,,,,7之6號,121.49691978895,25.191835417112
新北市淡水區水源里21鄰大溪8號,65,6501000,6501000-013,21鄰,大溪,,,,,,8號,121.49589668941,25.190489508245
