FULL_ADDR,COUNTY,TOWN,VILLAGE,NEIGHBORHOOD,ROAD,SECTION,LANE,ALLEY,SUB_ALLEY,TONG,NUMBER,X,Y
新北市三芝區新庄里10鄰光隆街1號,65,6502100,6502100-004,10鄰,光隆街,,,,,,1號,121.51913989123,25.264186315288
新北市三芝區新庄里10鄰光隆街2號,65,6502100,6502100-004,10鄰,光隆街,,,,,,2號,121.51915905818,25.264418831701
新北市三芝區新庄里10鄰光隆街3號,65,6502100,6502100-004,10鄰,光隆街,,,,,,3號,121.51923881799,25.264187411827
新北市三芝區新庄里10鄰光隆街4號,65,6502100,6502100-004,10鄰,光隆街,,,,,,4號,121.51923523484,25.264423348539
新北市三芝區新庄里10鄰光隆街5號,65,6502100,6502100-004,10鄰,光隆街,,,,,,5號,121.51932660966,25.264208137849
新北市三芝區新庄里10鄰光隆街6號,65,6502100,6502100-004,10鄰,光隆街,,,,,,6號,121.51932458028,25.264424207883
新北市三芝區新庄里10鄰光隆街7號,65,6502100,6502100-004,10鄰,光隆街,,,,,,7號,121.51941053431,25.264206668978
新北市三芝區新庄里10鄰光隆街8號,65,6502100,6502100-004,10鄰,光隆街,,,,,,8號,121.5195344993,25.264375703068
新北市三芝區新庄里10鄰光隆街9號,65,6502100,6502100-004,10鄰,光隆街,,,,,,9號,121.51951452145,25.264202421113
