FULL_ADDR,COUNTY,TOWN,VILLAGE,NEIGHBORHOOD,ROAD,SECTION,LANE,ALLEY,SUB_ALLEY,TONG,NUMBER,X,Y
新北市瑞芳區上天里2鄰大寮路瑞芳工業區152號,65,6501200,6501200-010,2鄰,大寮路瑞芳工業區,,,,,,152號,121.78273960853,25.097268354968
新北市瑞芳區上天里2鄰大寮路瑞芳工業區154之1號,65,6501200,6501200-010,2鄰,大寮路瑞芳工業區,,,,,,154之1號,121.78213085044,25.096639625449
新北市瑞芳區上天里2鄰大寮路瑞芳工業區157號,65,6501200,6501200-010,2鄰,大寮路瑞芳工業區,,,,,,157號,121.7816114937,25.096037505403
新北市瑞芳區上天里2鄰大寮路瑞芳工業區158號,65,6501200,6501200-010,2鄰,大寮路瑞芳工業區,,,,,,158號,121.78128285176,25.095804515815
