FULL_ADDR,COUNTY,TOWN,VILLAGE,NEIGHBORHOOD,ROAD,SECTION,LANE,ALLEY,SUB_ALLEY,TONG,NUMBER,X,Y
新北市平溪區平湖里5鄰坑頭3號,65,6502400,6502400-010,5鄰,坑頭,,,,,,3號,121.78335616727,25.025908739948
新北市平溪區平湖里5鄰坑頭4號,65,6502400,6502400-010,5鄰,坑頭,,,,,,4號,121.78322024256,25.026151970158
新北市平溪區平湖里5鄰坑頭5號,65,6502400,6502400-010,5鄰,坑頭,,,,,,5號,121.78337716939,25.026115754206
新北市平溪區平湖里5鄰坑頭10號,65,6502400,6502400-010,5鄰,坑頭,,,,,,10號,121.78698164529,25.025303089208
新北市平溪區平湖里5鄰坑頭11號,65,6502400,6502400-010,5鄰,坑頭,,,,,,11號,121.79088386142,25.028568179334
新北市萬里區雙興里11鄰坑頭6號,65,6502800,6502800-006,11鄰,坑頭,,,,,,6號,121.6388060889,25.175447006702
新北市萬里區雙興里11鄰坑頭12號,65,6502800,6502800-006,11鄰,坑頭,,,,,,12號,121.63690136326,25.173414280017
新北市萬里區雙興里11鄰坑頭12之1號,65,6502800,6502800-006,11鄰,坑頭,,,,,,12之1號,121.63765102421,25.1736912124
