FULL_ADDR,COUNTY,TOWN,VILLAGE,NEIGHBORHOOD,ROAD,SECTION,LANE,ALLEY,SUB_ALLEY,TONG,NUMBER,X,Y
新北市烏來區忠治里4鄰天仁1號,65,6502900,6502900-002,4鄰,天仁,,,,,,1號,121.54196166421,24.884015985262
新北市烏來區忠治里4鄰天仁2號,65,6502900,6502900-002,4鄰,天仁,,,,,,2號,121.54201213783,24.884432681909
新北市烏來區忠治里4鄰天仁8號,65,6502900,6502900-002,4鄰,天仁,,,,,,8號,121.53950543963,24.886208494596
新北市烏來區忠治里4鄰天仁10號,65,6502900,6502900-002,4鄰,天仁,,,,,,10號,121.53946082833,24.886219128623
