FULL_ADDR,COUNTY,TOWN,VILLAGE,NEIGHBORHOOD,ROAD,SECTION,LANE,ALLEY,SUB_ALLEY,TONG,NUMBER,X,Y
新北市林口區東林里20鄰工四路12號,65,6501700,6501700-001,20鄰,工四路,,,,,,12號,121.40152321228,25.078113971546
新北市林口區東林里8鄰工四路20號,65,6501700,6501700-001,8鄰,工四路,,,,,,20號,121.4028010354,25.079637411967
新北市林口區東林里8鄰工四路20之1號,65,6501700,6501700-001,8鄰,工四路,,,,,,20之1號,121.40372324432,25.079649983257
新北市林口區東林里8鄰工四路38號,65,6501700,6501700-001,8鄰,工四路,,,,,,38號,121.4019803502,25.083162309077
新北市林口區東林里8鄰工四路39號,65,6501700,6501700-001,8鄰,工四路,,,,,,39號,121.40179270041,25.082995589036
新北市林口區東林里8鄰工四路41號,65,6501700,6501700-001,8鄰,工四路,,,,,,41號,121.40156648174,25.083133808226
新北市林口區東林里8鄰工四路43號,65,6501700,6501700-001,8鄰,工四路,,,,,,43號,121.40125281279,25.083283097315
新北市林口區東林里8鄰工四路45號,65,6501700,6501700-001,8鄰,工四路,,,,,,45號,121.40125281279,25.083283097315
