FULL_ADDR,COUNTY,TOWN,VILLAGE,NEIGHBORHOOD,ROAD,SECTION,LANE,ALLEY,SUB_ALLEY,TONG,NUMBER,X,Y
新北市八里區龍源里10鄰坪子頂1號,65,6502300,6502300-001,10鄰,坪子頂,,,,,,1號,121.44177827204,25.125824832876
新北市八里區龍源里10鄰坪子頂2號,65,6502300,6502300-001,10鄰,坪子頂,,,,,,2號,121.44156510774,25.125733102023
新北市八里區龍源里10鄰坪子頂4號,65,6502300,6502300-001,10鄰,坪子頂,,,,,,4號,121.44163676637,25.125553753813
新北市八里區龍源里10鄰坪子頂5號,65,6502300,6502300-001,10鄰,坪子頂,,,,,,5號,121.44181682991,25.125403333379
新北市八里區龍源里10鄰坪子頂6號,65,6502300,6502300-001,10鄰,坪子頂,,,,,,6號,121.43885521583,25.125861774274
