FULL_ADDR,COUNTY,TOWN,VILLAGE,NEIGHBORHOOD,ROAD,SECTION,LANE,ALLEY,SUB_ALLEY,TONG,NUMBER,X,Y
新北市新店區下城里10鄰安一路一段1號,65,6500600,6500600-013,10鄰,安一路,1段,,,,,1號,121.51973045116,24.962902485615
新北市新店區德安里19鄰安一路二段200號,65,6500600,6500600-017,19鄰,安一路,2段,,,,,200號,121.50419729163,24.954640754119
