FULL_ADDR,COUNTY,TOWN,VILLAGE,NEIGHBORHOOD,ROAD,SECTION,LANE,ALLEY,SUB_ALLEY,TONG,NUMBER,X,Y
新北市萬里區崁脚里14鄰崁?172號,65,6502800,6502800-008,14鄰,崁?,,,,,,172號,121.64365431137,25.155349368168
新北市萬里區崁脚里14鄰崁?173之1號,65,6502800,6502800-008,14鄰,崁?,,,,,,173之1號,121.64627370404,25.154778541896
新北市萬里區崁脚里14鄰崁?173之2號,65,6502800,6502800-008,14鄰,崁?,,,,,,173之2號,121.64526457527,25.154769806823
