FULL_ADDR,COUNTY,TOWN,VILLAGE,NEIGHBORHOOD,ROAD,SECTION,LANE,ALLEY,SUB_ALLEY,TONG,NUMBER,X,Y
新北市泰山區同榮里12鄰吳厝窠1號,65,6501600,6501600-006,12鄰,吳厝窠,,,,,,1號,121.42795232708,25.058486268769
新北市泰山區同榮里16鄰吳厝窠4號,65,6501600,6501600-006,16鄰,吳厝窠,,,,,,4號,121.42734873039,25.05930567733
新北市泰山區同榮里16鄰吳厝窠9號,65,6501600,6501600-006,16鄰,吳厝窠,,,,,,9號,121.42714630236,25.058949340874
