FULL_ADDR,COUNTY,TOWN,VILLAGE,NEIGHBORHOOD,ROAD,SECTION,LANE,ALLEY,SUB_ALLEY,TONG,NUMBER,X,Y
新北市雙溪區上林里18鄰后番子坑1號,65,6502500,6502500-009,18鄰,后番子坑,,,,,,1號,121.83098274509,25.040471561234
新北市雙溪區上林里18鄰后番子坑2號,65,6502500,6502500-009,18鄰,后番子坑,,,,,,2號,121.82600964375,25.040858902363
新北市雙溪區上林里18鄰后番子坑3號,65,6502500,6502500-009,18鄰,后番子坑,,,,,,3號,121.82445048832,25.040757225324
新北市雙溪區上林里17鄰后番子坑4號,65,6502500,6502500-009,17鄰,后番子坑,,,,,,4號,121.82858811746,25.032332742618
新北市雙溪區上林里17鄰后番子坑5號,65,6502500,6502500-009,17鄰,后番子坑,,,,,,5號,121.82812941485,25.033886318053
新北市雙溪區上林里17鄰后番子坑5之5號,65,6502500,6502500-009,17鄰,后番子坑,,,,,,5之5號,121.82865096947,25.032914003859
新北市雙溪區上林里20鄰后番子坑8號,65,6502500,6502500-009,20鄰,后番子坑,,,,,,8號,121.82644789118,25.032451918408
新北市雙溪區上林里20鄰后番子坑10號,65,6502500,6502500-009,20鄰,后番子坑,,,,,,10號,121.8240893802,25.031828225768
新北市雙溪區上林里20鄰后番子坑11號,65,6502500,6502500-009,20鄰,后番子坑,,,,,,11號,121.8264329801,25.031079559609
