FULL_ADDR,COUNTY,TOWN,VILLAGE,NEIGHBORHOOD,ROAD,SECTION,LANE,ALLEY,SUB_ALLEY,TONG,NUMBER,X,Y
新北市林口區東林里26鄰工二工業區工九路1之1號,65,6501700,6501700-001,26鄰,工二工業區工九路,,,,,,1之1號,121.40143658481,25.076171980818
新北市林口區東林里26鄰工二工業區工九路2號,65,6501700,6501700-001,26鄰,工二工業區工九路,,,,,,2號,121.40101962322,25.075755691493
新北市林口區東林里26鄰工二工業區工九路6號,65,6501700,6501700-001,26鄰,工二工業區工九路,,,,,,6號,121.40150307426,25.075550059548
新北市林口區東林里26鄰工二工業區工九路9號,65,6501700,6501700-001,26鄰,工二工業區工九路,,,,,,9號,121.40233011431,25.075700594494
新北市林口區東林里26鄰工二工業區工九路10號,65,6501700,6501700-001,26鄰,工二工業區工九路,,,,,,10號,121.40215719309,25.075526892075
新北市林口區東林里26鄰工二工業區工九路20號,65,6501700,6501700-001,26鄰,工二工業區工九路,,,,,,20號,121.4035460711,25.075589660128
新北市林口區東林里26鄰工二工業區工九路28號,65,6501700,6501700-001,26鄰,工二工業區工九路,,,,,,28號,121.40508377754,25.075654365435
新北市林口區東林里26鄰工二工業區工九路28之1號,65,6501700,6501700-001,26鄰,工二工業區工九路,,,,,,28之1號,121.40552731977,25.075697762397
