FULL_ADDR,COUNTY,TOWN,VILLAGE,NEIGHBORHOOD,ROAD,SECTION,LANE,ALLEY,SUB_ALLEY,TONG,NUMBER,X,Y
新北市樹林區中山里3鄰德和街6號,65,6500700,6500700-036,3鄰,德和街,,,,,,6號,121.39193989273,24.973463314273
新北市樹林區中山里4鄰德和街17巷7之1號,65,6500700,6500700-036,4鄰,德和街,,17巷,,,,7之1號,121.3914574475,24.975184000943
新北市樹林區中山里3鄰德和街8號,65,6500700,6500700-036,3鄰,德和街,,,,,,8號,121.39199268411,24.973594545755
新北市樹林區中山里3鄰德和街10號,65,6500700,6500700-036,3鄰,德和街,,,,,,10號,121.39198544544,24.97378571151
新北市樹林區中山里3鄰德和街12號,65,6500700,6500700-036,3鄰,德和街,,,,,,12號,121.39210360178,24.973871358593
新北市樹林區中山里3鄰德和街14號,65,6500700,6500700-036,3鄰,德和街,,,,,,14號,121.3920752653,24.974002812713
新北市樹林區中山里3鄰德和街18號,65,6500700,6500700-036,3鄰,德和街,,,,,,18號,121.3919791753,24.974282518005
新北市樹林區中山里4鄰德和街62號,65,6500700,6500700-036,4鄰,德和街,,,,,,62號,121.38994573563,24.978089574847
