FULL_ADDR,COUNTY,TOWN,VILLAGE,NEIGHBORHOOD,ROAD,SECTION,LANE,ALLEY,SUB_ALLEY,TONG,NUMBER,X,Y
新北市鶯歌區中鶯里10鄰公有市場3號,65,6500800,6500800-005,10鄰,公有市場,,,,,,3號,121.35299186399,24.954447414353
新北市鶯歌區中鶯里10鄰公有市場6號,65,6500800,6500800-005,10鄰,公有市場,,,,,,6號,121.35300220903,24.954380119775
新北市鶯歌區中鶯里10鄰公有市場11號,65,6500800,6500800-005,10鄰,公有市場,,,,,,11號,121.35303008933,24.954301317664
新北市鶯歌區中鶯里10鄰公有市場41號,65,6500800,6500800-005,10鄰,公有市場,,,,,,41號,121.35316973359,24.954405724271
新北市鶯歌區中鶯里10鄰公有市場46號,65,6500800,6500800-005,10鄰,公有市場,,,,,,46號,121.35316973359,24.954405724271
新北市鶯歌區中鶯里10鄰公有市場47號,65,6500800,6500800-005,10鄰,公有市場,,,,,,47號,121.35316973359,24.954405724271
新北市鶯歌區中鶯里10鄰公有市場56號,65,6500800,6500800-005,10鄰,公有市場,,,,,,56號,121.35316973359,24.954405724271
新北市鶯歌區中鶯里10鄰公有市場59號,65,6500800,6500800-005,10鄰,公有市場,,,,,,59號,121.35316973359,24.954405724271
