FULL_ADDR,COUNTY,TOWN,VILLAGE,NEIGHBORHOOD,ROAD,SECTION,LANE,ALLEY,SUB_ALLEY,TONG,NUMBER,X,Y
新北市五股區成州里3鄰成洲一路15號,65,6501500,6501500-005,3鄰,成洲一路,,,,,,15號,121.44926315911,25.095671352009
新北市五股區成州里3鄰成洲一路17號,65,6501500,6501500-005,3鄰,成洲一路,,,,,,17號,121.44937045259,25.095809806798
新北市五股區成州里3鄰成洲一路19號,65,6501500,6501500-005,3鄰,成洲一路,,,,,,19號,121.44945359906,25.095984690771
新北市五股區成州里3鄰成洲一路21號,65,6501500,6501500-005,3鄰,成洲一路,,,,,,21號,121.44942409424,25.095566906114
新北市五股區成州里3鄰成洲一路23號,65,6501500,6501500-005,3鄰,成洲一路,,,,,,23號,121.44950724429,25.095756361386
新北市五股區成州里3鄰成洲一路25號,65,6501500,6501500-005,3鄰,成洲一路,,,,,,25號,121.44957429991,25.095931257935
