FULL_ADDR,COUNTY,TOWN,VILLAGE,NEIGHBORHOOD,ROAD,SECTION,LANE,ALLEY,SUB_ALLEY,TONG,NUMBER,X,Y
新北市樹林區東山里12鄰東佳路7號,65,6500700,6500700-018,12鄰,東佳路,,,,,,7號,121.40541605882,24.98015483657
新北市樹林區東山里12鄰東佳路18號,65,6500700,6500700-018,12鄰,東佳路,,,,,,18號,121.40686615343,24.981194736217
新北市樹林區東山里12鄰東佳路20之1號,65,6500700,6500700-018,12鄰,東佳路,,,,,,20之1號,121.40543791125,24.980415179158
新北市樹林區東山里12鄰東佳路20之2號,65,6500700,6500700-018,12鄰,東佳路,,,,,,20之2號,121.40539602332,24.98044869781
新北市樹林區東山里12鄰東佳路106號,65,6500700,6500700-018,12鄰,東佳路,,,,,,106號,121.40148316709,24.976987240257
新北市樹林區東昇里8鄰東佳路6號,65,6500700,6500700-020,8鄰,東佳路,,,,,,6號,121.41052414342,24.981826528856
新北市樹林區東昇里8鄰東佳路16號,65,6500700,6500700-020,8鄰,東佳路,,,,,,16號,121.41002899584,24.981717875397
