FULL_ADDR,COUNTY,TOWN,VILLAGE,NEIGHBORHOOD,ROAD,SECTION,LANE,ALLEY,SUB_ALLEY,TONG,NUMBER,X,Y
新北市新店區新德里12鄰新祥街1號,65,6500600,6500600-039,12鄰,新祥街,,,,,,1號,121.54133767997,24.968434563497
新北市新店區新德里12鄰新祥街3號,65,6500600,6500600-039,12鄰,新祥街,,,,,,3號,121.54129860126,24.968487249458
新北市新店區新德里12鄰新祥街4號,65,6500600,6500600-039,12鄰,新祥街,,,,,,4號,121.54136208684,24.968623181355
新北市新店區新德里12鄰新祥街5號,65,6500600,6500600-039,12鄰,新祥街,,,,,,5號,121.54125431474,24.968547131726
新北市新店區新德里12鄰新祥街6號,65,6500600,6500600-039,12鄰,新祥街,,,,,,6號,121.54131782116,24.968687830433
新北市新店區新德里12鄰新祥街7號,65,6500600,6500600-039,12鄰,新祥街,,,,,,7號,121.54120483079,24.968616584666
新北市新店區新德里12鄰新祥街9號,65,6500600,6500600-039,12鄰,新祥街,,,,,,9號,121.54114746213,24.968681281321
