FULL_ADDR,COUNTY,TOWN,VILLAGE,NEIGHBORHOOD,ROAD,SECTION,LANE,ALLEY,SUB_ALLEY,TONG,NUMBER,X,Y
新北市五股區水碓里31鄰水碓二路1號,65,6501500,6501500-019,31鄰,水碓二路,,,,,,1號,121.43046094789,25.071275205465
新北市五股區水碓里31鄰水碓二路9號,65,6501500,6501500-019,31鄰,水碓二路,,,,,,9號,121.43015575068,25.071560774188
新北市五股區水碓里31鄰水碓二路11號,65,6501500,6501500-019,31鄰,水碓二路,,,,,,11號,121.43008923205,25.071641326317
新北市五股區水碓里32鄰水碓二路18號,65,6501500,6501500-019,32鄰,水碓二路,,,,,,18號,121.43016675876,25.072019145656
新北市五股區水碓里32鄰水碓二路20號,65,6501500,6501500-019,32鄰,水碓二路,,,,,,20號,121.43002330182,25.072100462366
新北市五股區水碓里32鄰水碓二路21號,65,6501500,6501500-019,32鄰,水碓二路,,,,,,21號,121.42974846263,25.071971054543
新北市五股區水碓里32鄰水碓二路23號,65,6501500,6501500-019,32鄰,水碓二路,,,,,,23號,121.42979276081,25.071919736793
