FULL_ADDR,COUNTY,TOWN,VILLAGE,NEIGHBORHOOD,ROAD,SECTION,LANE,ALLEY,SUB_ALLEY,TONG,NUMBER,X,Y
新北市三芝區興華里19鄰楓林六街1號,65,6502100,6502100-013,19鄰,楓林六街,,,,,,1號,121.49467211328,25.195106691597
新北市三芝區興華里19鄰楓林六街2號,65,6502100,6502100-013,19鄰,楓林六街,,,,,,2號,121.49487404265,25.195111432937
新北市三芝區興華里19鄰楓林六街3號,65,6502100,6502100-013,19鄰,楓林六街,,,,,,3號,121.49467616083,25.195035267141
新北市三芝區興華里19鄰楓林六街4號,65,6502100,6502100-013,19鄰,楓林六街,,,,,,4號,121.49487264723,25.195050950481
新北市三芝區興華里19鄰楓林六街5號,65,6502100,6502100-013,19鄰,楓林六街,,,,,,5號,121.49466263933,25.194930308512
新北市三芝區興華里19鄰楓林六街6號,65,6502100,6502100-013,19鄰,楓林六街,,,,,,6號,121.49487141146,25.194946492446
新北市三芝區興華里19鄰楓林六街7號,65,6502100,6502100-013,19鄰,楓林六街,,,,,,7號,121.49466136538,25.194877761195
新北市三芝區興華里19鄰楓林六街8號,65,6502100,6502100-013,19鄰,楓林六街,,,,,,8號,121.49487707412,25.194869636796
新北市三芝區興華里19鄰楓林六街10號,65,6502100,6502100-013,19鄰,楓林六街,,,,,,10號,121.49487638352,25.194821511215
