FULL_ADDR,COUNTY,TOWN,VILLAGE,NEIGHBORHOOD,ROAD,SECTION,LANE,ALLEY,SUB_ALLEY,TONG,NUMBER,X,Y
新北市淡水區水源里9鄰水梘頭40之2號,65,6501000,6501000-013,9鄰,水梘頭,,,,,,40之2號,121.47754665111,25.185138135975
新北市淡水區水源里9鄰水梘頭41號,65,6501000,6501000-013,9鄰,水梘頭,,,,,,41號,121.47828574282,25.184834178932
新北市淡水區水源里9鄰水梘頭42號,65,6501000,6501000-013,9鄰,水梘頭,,,,,,42號,121.47828394125,25.185046179209
新北市淡水區水源里9鄰水梘頭42之1號,65,6501000,6501000-013,9鄰,水梘頭,,,,,,42之1號,121.47859341392,25.184972322944
新北市淡水區水源里9鄰水梘頭44號,65,6501000,6501000-013,9鄰,水梘頭,,,,,,44號,121.47655765073,25.185472767974
