FULL_ADDR,COUNTY,TOWN,VILLAGE,NEIGHBORHOOD,ROAD,SECTION,LANE,ALLEY,SUB_ALLEY,TONG,NUMBER,X,Y
新北市鶯歌區大湖里7鄰欣欣街八棟1號,65,6500800,6500800-014,7鄰,欣欣街八棟,,,,,,1號,121.33614937158,24.978209492528
新北市鶯歌區大湖里7鄰欣欣街八棟3號,65,6500800,6500800-014,7鄰,欣欣街八棟,,,,,,3號,121.33623774433,24.9781694781
新北市鶯歌區大湖里7鄰欣欣街八棟5號,65,6500800,6500800-014,7鄰,欣欣街八棟,,,,,,5號,121.33627773977,24.978096249427
