FULL_ADDR,COUNTY,TOWN,VILLAGE,NEIGHBORHOOD,ROAD,SECTION,LANE,ALLEY,SUB_ALLEY,TONG,NUMBER,X,Y
新北市烏來區孝義里6鄰桶後1號,65,6502900,6502900-005,6鄰,桶後,,,,,,1號,121.64446719175,24.835027344392
新北市烏來區孝義里6鄰桶後2號,65,6502900,6502900-005,6鄰,桶後,,,,,,2號,121.6478624039,24.836540655514
新北市烏來區孝義里6鄰桶後3號,65,6502900,6502900-005,6鄰,桶後,,,,,,3號,121.64815318222,24.837798594558
