FULL_ADDR,COUNTY,TOWN,VILLAGE,NEIGHBORHOOD,ROAD,SECTION,LANE,ALLEY,SUB_ALLEY,TONG,NUMBER,X,Y
新北市樹林區坡內里2鄰海明街2號,65,6500700,6500700-012,2鄰,海明街,,,,,,2號,121.41058534785,24.989286087091
新北市樹林區坡內里2鄰海明街6號,65,6500700,6500700-012,2鄰,海明街,,,,,,6號,121.41064341994,24.989400594597
新北市樹林區坡內里2鄰海明街7號,65,6500700,6500700-012,2鄰,海明街,,,,,,7號,121.41050749136,24.98951085241
新北市樹林區坡內里2鄰海明街8號,65,6500700,6500700-012,2鄰,海明街,,,,,,8號,121.41068299392,24.989484095965
新北市樹林區坡內里2鄰海明街9號,65,6500700,6500700-012,2鄰,海明街,,,,,,9號,121.41056521441,24.989520263102
新北市樹林區坡內里2鄰海明街9之1號,65,6500700,6500700-012,2鄰,海明街,,,,,,9之1號,121.41066693603,24.98976720285
新北市樹林區坡內里2鄰海明街10號,65,6500700,6500700-012,2鄰,海明街,,,,,,10號,121.41072256976,24.989565159691
新北市樹林區坡內里2鄰海明街20號,65,6500700,6500700-012,2鄰,海明街,,,,,,20號,121.40996670751,24.99163951502
新北市樹林區坡內里2鄰海明街22號,65,6500700,6500700-012,2鄰,海明街,,,,,,22號,121.4103100375,24.992399360629
