FULL_ADDR,COUNTY,TOWN,VILLAGE,NEIGHBORHOOD,ROAD,SECTION,LANE,ALLEY,SUB_ALLEY,TONG,NUMBER,X,Y
新北市林口區南勢里20鄰惠民街28號,65,6501700,6501700-008,20鄰,惠民街,,,,,,28號,121.35703670337,25.066680272773
新北市林口區南勢里20鄰惠民街39號,65,6501700,6501700-008,20鄰,惠民街,,,,,,39號,121.35666926531,25.066770580106
新北市林口區南勢里20鄰惠民街41號,65,6501700,6501700-008,20鄰,惠民街,,,,,,41號,121.3566779775,25.066814887584
新北市林口區南勢里20鄰惠民街56號,65,6501700,6501700-008,20鄰,惠民街,,,,,,56號,121.35740181741,25.06758605912
