FULL_ADDR,COUNTY,TOWN,VILLAGE,NEIGHBORHOOD,ROAD,SECTION,LANE,ALLEY,SUB_ALLEY,TONG,NUMBER,X,Y
新北市坪林區漁光里9鄰枋山坑2號,65,6502000,6502000-007,9鄰,枋山坑,,,,,,2號,121.77216684526,24.972968953161
新北市坪林區漁光里9鄰枋山坑3號,65,6502000,6502000-007,9鄰,枋山坑,,,,,,3號,121.77305358836,24.975408884868
新北市坪林區漁光里9鄰枋山坑3之1號,65,6502000,6502000-007,9鄰,枋山坑,,,,,,3之1號,121.77303646057,24.975243564992
新北市坪林區漁光里9鄰枋山坑7號,65,6502000,6502000-007,9鄰,枋山坑,,,,,,7號,121.77417390244,24.977335570228
新北市坪林區漁光里9鄰枋山坑9號,65,6502000,6502000-007,9鄰,枋山坑,,,,,,9號,121.77756586813,24.975122374903
新北市坪林區漁光里9鄰枋山坑10號,65,6502000,6502000-007,9鄰,枋山坑,,,,,,10號,121.77778114973,24.975371530004
