FULL_ADDR,COUNTY,TOWN,VILLAGE,NEIGHBORHOOD,ROAD,SECTION,LANE,ALLEY,SUB_ALLEY,TONG,NUMBER,X,Y
新北市平溪區新寮里4鄰月桃寮1之5號,65,6502400,6502400-012,4鄰,月桃寮,,,,,,1之5號,121.78392548801,25.049006294072
新北市平溪區新寮里4鄰月桃寮3之7號,65,6502400,6502400-012,4鄰,月桃寮,,,,,,3之7號,121.78552572861,25.050898737425
新北市平溪區新寮里4鄰月桃寮4之2號,65,6502400,6502400-012,4鄰,月桃寮,,,,,,4之2號,121.78324081375,25.05554095889
新北市平溪區新寮里4鄰月桃寮5號,65,6502400,6502400-012,4鄰,月桃寮,,,,,,5號,121.78479952214,25.058459812157
新北市平溪區新寮里4鄰月桃寮5之2號,65,6502400,6502400-012,4鄰,月桃寮,,,,,,5之2號,121.78319725743,25.051311776224
新北市平溪區新寮里4鄰月桃寮8號,65,6502400,6502400-012,4鄰,月桃寮,,,,,,8號,121.78382107529,25.058731506522
新北市平溪區新寮里4鄰月桃寮8之1號,65,6502400,6502400-012,4鄰,月桃寮,,,,,,8之1號,121.78436046807,25.059375561052
新北市平溪區新寮里4鄰月桃寮10號,65,6502400,6502400-012,4鄰,月桃寮,,,,,,10號,121.78626938415,25.054338409406
新北市平溪區新寮里4鄰月桃寮10之1號,65,6502400,6502400-012,4鄰,月桃寮,,,,,,10之1號,121.78667581552,25.054399911979
