FULL_ADDR,COUNTY,TOWN,VILLAGE,NEIGHBORHOOD,ROAD,SECTION,LANE,ALLEY,SUB_ALLEY,TONG,NUMBER,X,Y
新北市林口區湖南里29鄰文林二街5號,65,6501700,6501700-007,29鄰,文林二街,,,,,,5號,121.37707289969,25.088919980916
新北市林口區湖南里29鄰文林二街12號,65,6501700,6501700-007,29鄰,文林二街,,,,,,12號,121.37683729427,25.089003512045
新北市林口區湖南里29鄰文林二街16號,65,6501700,6501700-007,29鄰,文林二街,,,,,,16號,121.3767702403,25.088897836312
新北市林口區湖南里29鄰文林二街18號,65,6501700,6501700-007,29鄰,文林二街,,,,,,18號,121.37674342072,25.088841966001
新北市林口區湖南里29鄰文林二街20號,65,6501700,6501700-007,29鄰,文林二街,,,,,,20號,121.37669782182,25.088778812504
新北市林口區湖南里29鄰文林二街22號,65,6501700,6501700-007,29鄰,文林二街,,,,,,22號,121.37656103032,25.088584476712
新北市林口區湖南里29鄰文林二街26號,65,6501700,6501700-007,29鄰,文林二街,,,,,,26號,121.37648056465,25.088482455161
新北市林口區湖南里29鄰文林二街28號,65,6501700,6501700-007,29鄰,文林二街,,,,,,28號,121.37635182101,25.08843629582
新北市林口區湖南里29鄰文林二街30號,65,6501700,6501700-007,29鄰,文林二街,,,,,,30號,121.37643764524,25.08840715192
