FULL_ADDR,COUNTY,TOWN,VILLAGE,NEIGHBORHOOD,ROAD,SECTION,LANE,ALLEY,SUB_ALLEY,TONG,NUMBER,X,Y
新北市坪林區漁光里11鄰柑脚坑14號,65,6502000,6502000-007,11鄰,柑脚坑,,,,,,14號,121.77257399056,24.947895472832
新北市坪林區漁光里11鄰柑脚坑18號,65,6502000,6502000-007,11鄰,柑脚坑,,,,,,18號,121.7654932613,24.951761143195
