FULL_ADDR,COUNTY,TOWN,VILLAGE,NEIGHBORHOOD,ROAD,SECTION,LANE,ALLEY,SUB_ALLEY,TONG,NUMBER,X,Y
新北市淡水區忠寮里9鄰水尾子2號,65,6501000,6501000-014,9鄰,水尾子,,,,,,2號,121.46402098093,25.19455440688
新北市淡水區忠寮里9鄰水尾子2之1號,65,6501000,6501000-014,9鄰,水尾子,,,,,,2之1號,121.4640609624,25.194435103412
新北市淡水區忠寮里9鄰水尾子2之2號,65,6501000,6501000-014,9鄰,水尾子,,,,,,2之2號,121.46459934387,25.195066787708
新北市淡水區忠寮里9鄰水尾子2之3號,65,6501000,6501000-014,9鄰,水尾子,,,,,,2之3號,121.46459017363,25.195217962527
新北市淡水區忠寮里9鄰水尾子3號,65,6501000,6501000-014,9鄰,水尾子,,,,,,3號,121.46494798759,25.195215935485
新北市淡水區忠寮里9鄰水尾子5之1號,65,6501000,6501000-014,9鄰,水尾子,,,,,,5之1號,121.4627325483,25.19657214648
新北市淡水區忠寮里9鄰水尾子5之2號,65,6501000,6501000-014,9鄰,水尾子,,,,,,5之2號,121.4633531862,25.19670707642
新北市淡水區忠寮里9鄰水尾子6號,65,6501000,6501000-014,9鄰,水尾子,,,,,,6號,121.4638577249,25.195520034417
