FULL_ADDR,COUNTY,TOWN,VILLAGE,NEIGHBORHOOD,ROAD,SECTION,LANE,ALLEY,SUB_ALLEY,TONG,NUMBER,X,Y
新北市新店區粗坑里12鄰橘園一路2號,65,6500600,6500600-025,12鄰,橘園一路,,,,,,2號,121.5492660816,24.934282754778
新北市新店區粗坑里12鄰橘園一路2之1號,65,6500600,6500600-025,12鄰,橘園一路,,,,,,2之1號,121.54939450378,24.934296618233
新北市新店區粗坑里12鄰橘園一路2之2號,65,6500600,6500600-025,12鄰,橘園一路,,,,,,2之2號,121.54926871069,24.934283936811
新北市新店區粗坑里12鄰橘園一路2之3號,65,6500600,6500600-025,12鄰,橘園一路,,,,,,2之3號,121.5492660816,24.934282754778
新北市新店區粗坑里12鄰橘園一路4之1號,65,6500600,6500600-025,12鄰,橘園一路,,,,,,4之1號,121.54898948476,24.934290915134
新北市新店區粗坑里12鄰橘園一路4之2號,65,6500600,6500600-025,12鄰,橘園一路,,,,,,4之2號,121.54898948476,24.934290915134
新北市新店區粗坑里12鄰橘園一路11號,65,6500600,6500600-025,12鄰,橘園一路,,,,,,11號,121.54758169179,24.934041471677
