FULL_ADDR,COUNTY,TOWN,VILLAGE,NEIGHBORHOOD,ROAD,SECTION,LANE,ALLEY,SUB_ALLEY,TONG,NUMBER,X,Y
新北市鶯歌區大湖里7鄰欣欣街五棟1號,65,6500800,6500800-014,7鄰,欣欣街五棟,,,,,,1號,121.3357409219,24.977805819686
新北市鶯歌區大湖里7鄰欣欣街五棟3號,65,6500800,6500800-014,7鄰,欣欣街五棟,,,,,,3號,121.33581401117,24.977765830949
新北市鶯歌區大湖里7鄰欣欣街五棟5號,65,6500800,6500800-014,7鄰,欣欣街五棟,,,,,,5號,121.33587057661,24.977714061404
