FULL_ADDR,COUNTY,TOWN,VILLAGE,NEIGHBORHOOD,ROAD,SECTION,LANE,ALLEY,SUB_ALLEY,TONG,NUMBER,X,Y
新北市泰山區山腳里27鄰憲訓路1號,65,6501600,6501600-003,27鄰,憲訓路,,,,,,1號,121.42872696801,25.063993812163
新北市泰山區山腳里27鄰憲訓路2號,65,6501600,6501600-003,27鄰,憲訓路,,,,,,2號,121.42900378301,25.063802320237
新北市泰山區山腳里27鄰憲訓路3號,65,6501600,6501600-003,27鄰,憲訓路,,,,,,3號,121.42871965744,25.06414886452
新北市泰山區山腳里27鄰憲訓路4號,65,6501600,6501600-003,27鄰,憲訓路,,,,,,4號,121.42890446332,25.063852632091
新北市泰山區山腳里27鄰憲訓路36號,65,6501600,6501600-003,27鄰,憲訓路,,,,,,36號,121.42917760388,25.064862723818
新北市泰山區山腳里27鄰憲訓路48號,65,6501600,6501600-003,27鄰,憲訓路,,,,,,48號,121.4294292369,25.06557622144
新北市泰山區山腳里27鄰憲訓路100號,65,6501600,6501600-003,27鄰,憲訓路,,,,,,100號,121.42953628883,25.066389942947
新北市泰山區山腳里6鄰憲訓路102號,65,6501600,6501600-003,6鄰,憲訓路,,,,,,102號,121.42954568074,25.06645681428
