FULL_ADDR,COUNTY,TOWN,VILLAGE,NEIGHBORHOOD,ROAD,SECTION,LANE,ALLEY,SUB_ALLEY,TONG,NUMBER,X,Y
新北市八里區米倉里7鄰烏山頭19號,65,6502300,6502300-002,7鄰,烏山頭,,,,,,19號,121.4372198621,25.139465968572
新北市八里區米倉里7鄰烏山頭19之8號,65,6502300,6502300-002,7鄰,烏山頭,,,,,,19之8號,121.43573009688,25.138615049346
新北市八里區米倉里7鄰烏山頭20號,65,6502300,6502300-002,7鄰,烏山頭,,,,,,20號,121.44026092559,25.141883844861
新北市八里區米倉里7鄰烏山頭21號,65,6502300,6502300-002,7鄰,烏山頭,,,,,,21號,121.44445257684,25.142741721989
新北市八里區米倉里7鄰烏山頭22號,65,6502300,6502300-002,7鄰,烏山頭,,,,,,22號,121.44455971751,25.142912770663
新北市八里區米倉里6鄰烏山頭27號,65,6502300,6502300-002,6鄰,烏山頭,,,,,,27號,121.44414203999,25.142991483987
新北市八里區米倉里5鄰烏山頭29號,65,6502300,6502300-002,5鄰,烏山頭,,,,,,29號,121.44739851982,25.142390114392
