FULL_ADDR,COUNTY,TOWN,VILLAGE,NEIGHBORHOOD,ROAD,SECTION,LANE,ALLEY,SUB_ALLEY,TONG,NUMBER,X,Y
新北市新店區直潭里18鄰直潭十街6號,65,6500600,6500600-029,18鄰,直潭十街,,,,,,6號,121.5322586915,24.939412407442
新北市新店區直潭里18鄰直潭十街10號,65,6500600,6500600-029,18鄰,直潭十街,,,,,,10號,121.53239128779,24.939177841515
新北市新店區直潭里15鄰直潭十街20號,65,6500600,6500600-029,15鄰,直潭十街,,,,,,20號,121.53390476691,24.938419574179
新北市新店區直潭里15鄰直潭十街20之1號,65,6500600,6500600-029,15鄰,直潭十街,,,,,,20之1號,121.53379753027,24.938458274015
新北市新店區直潭里14鄰直潭十街25號,65,6500600,6500600-029,14鄰,直潭十街,,,,,,25號,121.53431156933,24.938587720044
新北市新店區直潭里20鄰直潭十街26號,65,6500600,6500600-029,20鄰,直潭十街,,,,,,26號,121.53426305897,24.938274967429
新北市新店區直潭里14鄰直潭十街27號,65,6500600,6500600-029,14鄰,直潭十街,,,,,,27號,121.53454179224,24.938514036856
