FULL_ADDR,COUNTY,TOWN,VILLAGE,NEIGHBORHOOD,ROAD,SECTION,LANE,ALLEY,SUB_ALLEY,TONG,NUMBER,X,Y
新北市雙溪區三貂里1鄰石壁坑6之1號,65,6502500,6502500-007,1鄰,石壁坑,,,,,,6之1號,121.83631336229,25.069215696637
新北市雙溪區三貂里3鄰石壁坑12號,65,6502500,6502500-007,3鄰,石壁坑,,,,,,12號,121.83205294023,25.065804358052
新北市雙溪區三貂里2鄰石壁坑13號,65,6502500,6502500-007,2鄰,石壁坑,,,,,,13號,121.83142971452,25.066394432531
