FULL_ADDR,COUNTY,TOWN,VILLAGE,NEIGHBORHOOD,ROAD,SECTION,LANE,ALLEY,SUB_ALLEY,TONG,NUMBER,X,Y
新北市八里區龍源里22鄰石壁腳1號,65,6502300,6502300-001,22鄰,石壁腳,,,,,,1號,121.43746829234,25.134733004051
新北市八里區龍源里22鄰石壁腳5號,65,6502300,6502300-001,22鄰,石壁腳,,,,,,5號,121.43776694336,25.134019285308
新北市八里區龍源里22鄰石壁腳6號,65,6502300,6502300-001,22鄰,石壁腳,,,,,,6號,121.43472531128,25.134626682211
新北市八里區龍源里22鄰石壁腳7號,65,6502300,6502300-001,22鄰,石壁腳,,,,,,7號,121.45100615144,25.126504000657
新北市八里區龍源里22鄰石壁腳9號,65,6502300,6502300-001,22鄰,石壁腳,,,,,,9號,121.44162127235,25.135120212331
新北市八里區龍源里22鄰石壁腳10號,65,6502300,6502300-001,22鄰,石壁腳,,,,,,10號,121.43248877099,25.133523119167
新北市八里區龍源里22鄰石壁腳11號,65,6502300,6502300-001,22鄰,石壁腳,,,,,,11號,121.43269492922,25.132784130771
新北市八里區米倉里3鄰石壁腳10號,65,6502300,6502300-002,3鄰,石壁腳,,,,,,10號,121.43304988708,25.136477905861
