FULL_ADDR,COUNTY,TOWN,VILLAGE,NEIGHBORHOOD,ROAD,SECTION,LANE,ALLEY,SUB_ALLEY,TONG,NUMBER,X,Y
新北市淡水區水源里13鄰破布子腳4號,65,6501000,6501000-013,13鄰,破布子腳,,,,,,4號,121.48556421707,25.187074321266
新北市淡水區水源里13鄰破布子腳5號,65,6501000,6501000-013,13鄰,破布子腳,,,,,,5號,121.48644663868,25.187477454563
新北市淡水區水源里13鄰破布子腳5之3號,65,6501000,6501000-013,13鄰,破布子腳,,,,,,5之3號,121.4865336926,25.187307695726
新北市淡水區水源里13鄰破布子腳6號,65,6501000,6501000-013,13鄰,破布子腳,,,,,,6號,121.48718494337,25.187199826466
新北市淡水區水源里13鄰破布子腳8之1號,65,6501000,6501000-013,13鄰,破布子腳,,,,,,8之1號,121.48720424441,25.187732005406
