FULL_ADDR,COUNTY,TOWN,VILLAGE,NEIGHBORHOOD,ROAD,SECTION,LANE,ALLEY,SUB_ALLEY,TONG,NUMBER,X,Y
新北市雙溪區外柑里2鄰田寮2號,65,6502500,6502500-010,2鄰,田寮,,,,,,2號,121.80722789114,25.01720760002
新北市雙溪區外柑里2鄰田寮3號,65,6502500,6502500-010,2鄰,田寮,,,,,,3號,121.80708292319,25.016545413733
新北市雙溪區外柑里2鄰田寮4號,65,6502500,6502500-010,2鄰,田寮,,,,,,4號,121.80636188069,25.01675481637
新北市雙溪區外柑里2鄰田寮5號,65,6502500,6502500-010,2鄰,田寮,,,,,,5號,121.80630413922,25.016735087832
新北市雙溪區外柑里2鄰田寮6號,65,6502500,6502500-010,2鄰,田寮,,,,,,6號,121.80727591047,25.014714795321
新北市雙溪區外柑里2鄰田寮7號,65,6502500,6502500-010,2鄰,田寮,,,,,,7號,121.80639311417,25.014392382489
新北市雙溪區外柑里2鄰田寮9號,65,6502500,6502500-010,2鄰,田寮,,,,,,9號,121.80623144567,25.014113280401
