FULL_ADDR,COUNTY,TOWN,VILLAGE,NEIGHBORHOOD,ROAD,SECTION,LANE,ALLEY,SUB_ALLEY,TONG,NUMBER,X,Y
新北市平溪區十分里1鄰羗子坑3號,65,6502400,6502400-011,1鄰,羗子坑,,,,,,3號,121.76702325447,25.035699494687
新北市平溪區十分里1鄰羗子坑5號,65,6502400,6502400-011,1鄰,羗子坑,,,,,,5號,121.76769556935,25.035879034808
新北市平溪區十分里1鄰羗子坑6號,65,6502400,6502400-011,1鄰,羗子坑,,,,,,6號,121.76780677645,25.03587367551
新北市平溪區十分里1鄰羗子坑10號,65,6502400,6502400-011,1鄰,羗子坑,,,,,,10號,121.76954103067,25.036518381457
新北市平溪區十分里1鄰羗子坑11號,65,6502400,6502400-011,1鄰,羗子坑,,,,,,11號,121.76931556102,25.036628794479
新北市平溪區十分里1鄰羗子坑12號,65,6502400,6502400-011,1鄰,羗子坑,,,,,,12號,121.76922431318,25.037135059057
新北市平溪區十分里1鄰羗子坑12之1號,65,6502400,6502400-011,1鄰,羗子坑,,,,,,12之1號,121.76923352012,25.036960485737
新北市平溪區十分里1鄰羗子坑13號,65,6502400,6502400-011,1鄰,羗子坑,,,,,,13號,121.76922151601,25.037852757454
新北市平溪區十分里1鄰羗子坑14號,65,6502400,6502400-011,1鄰,羗子坑,,,,,,14號,121.76936263419,25.038712007026
