FULL_ADDR,COUNTY,TOWN,VILLAGE,NEIGHBORHOOD,ROAD,SECTION,LANE,ALLEY,SUB_ALLEY,TONG,NUMBER,X,Y
新北市八里區米倉里12鄰牛寮埔臨19之1號,65,6502300,6502300-002,12鄰,牛寮埔臨,,,,,,19之1號,121.431529092,25.142699842125
新北市八里區米倉里12鄰牛寮埔臨19之2號,65,6502300,6502300-002,12鄰,牛寮埔臨,,,,,,19之2號,121.43150269557,25.142800229612
新北市八里區米倉里13鄰牛寮埔臨32號,65,6502300,6502300-002,13鄰,牛寮埔臨,,,,,,32號,121.43084256716,25.138365334999
