FULL_ADDR,COUNTY,TOWN,VILLAGE,NEIGHBORHOOD,ROAD,SECTION,LANE,ALLEY,SUB_ALLEY,TONG,NUMBER,X,Y
新北市坪林區上德里1鄰竹子易1號,65,6502000,6502000-005,1鄰,竹子易,,,,,,1號,121.68436221841,24.955006646459
新北市坪林區上德里3鄰竹子易5號,65,6502000,6502000-005,3鄰,竹子易,,,,,,5號,121.69354456057,24.952926535722
新北市坪林區上德里3鄰竹子易6號,65,6502000,6502000-005,3鄰,竹子易,,,,,,6號,121.69343675303,24.953017146193
