FULL_ADDR,COUNTY,TOWN,VILLAGE,NEIGHBORHOOD,ROAD,SECTION,LANE,ALLEY,SUB_ALLEY,TONG,NUMBER,X,Y
新北市雙溪區長源里1鄰赤皮崙1號,65,6502500,6502500-011,1鄰,赤皮崙,,,,,,1號,121.79878674094,25.016412801385
新北市雙溪區長源里3鄰赤皮崙5號,65,6502500,6502500-011,3鄰,赤皮崙,,,,,,5號,121.79418603178,25.016006414531
新北市雙溪區長源里3鄰赤皮崙5之6號,65,6502500,6502500-011,3鄰,赤皮崙,,,,,,5之6號,121.7920879296,25.012153271517
新北市雙溪區長源里3鄰赤皮崙6號,65,6502500,6502500-011,3鄰,赤皮崙,,,,,,6號,121.79333382205,25.017566246784
新北市雙溪區長源里2鄰赤皮崙8之1號,65,6502500,6502500-011,2鄰,赤皮崙,,,,,,8之1號,121.79302404717,25.018895383384
新北市雙溪區長源里2鄰赤皮崙9號,65,6502500,6502500-011,2鄰,赤皮崙,,,,,,9號,121.79002159556,25.020508720638
