FULL_ADDR,COUNTY,TOWN,VILLAGE,NEIGHBORHOOD,ROAD,SECTION,LANE,ALLEY,SUB_ALLEY,TONG,NUMBER,X,Y
新北市林口區東林里26鄰自強九街6號,65,6501700,6501700-001,26鄰,自強九街,,,,,,6號,121.4008768562,25.076257184474
新北市林口區東林里26鄰自強九街8號,65,6501700,6501700-001,26鄰,自強九街,,,,,,8號,121.40083039033,25.076197995029
新北市林口區東林里26鄰自強九街10號,65,6501700,6501700-001,26鄰,自強九街,,,,,,10號,121.400793841,25.076149061853
新北市林口區東林里26鄰自強九街12號,65,6501700,6501700-001,26鄰,自強九街,,,,,,12號,121.4007498795,25.0761070191
新北市林口區東林里26鄰自強九街14號,65,6501700,6501700-001,26鄰,自強九街,,,,,,14號,121.40070340352,25.076047730331
新北市林口區東林里26鄰自強九街16號,65,6501700,6501700-001,26鄰,自強九街,,,,,,16號,121.4006431456,25.075996613108
新北市林口區東林里26鄰自強九街18號,65,6501700,6501700-001,26鄰,自強九街,,,,,,18號,121.40060038721,25.075946522981
新北市林口區東林里26鄰自強九街20號,65,6501700,6501700-001,26鄰,自強九街,,,,,,20號,121.40055511499,25.075879376425
新北市林口區東林里26鄰自強九街22號,65,6501700,6501700-001,26鄰,自強九街,,,,,,22號,121.40049723871,25.075807668535
