FULL_ADDR,COUNTY,TOWN,VILLAGE,NEIGHBORHOOD,ROAD,SECTION,LANE,ALLEY,SUB_ALLEY,TONG,NUMBER,X,Y
新北市石門區德茂里2鄰臨海別墅5號,65,6502200,6502200-001,2鄰,臨海別墅,,,,,,5號,121.5102515125,25.280092638688
新北市石門區德茂里2鄰臨海別墅8號,65,6502200,6502200-001,2鄰,臨海別墅,,,,,,8號,121.51008433703,25.280010332321
新北市石門區德茂里2鄰臨海別墅9號,65,6502200,6502200-001,2鄰,臨海別墅,,,,,,9號,121.50959118342,25.279863510625
新北市石門區德茂里2鄰臨海別墅11號,65,6502200,6502200-001,2鄰,臨海別墅,,,,,,11號,121.50938635137,25.279960553645
新北市石門區德茂里2鄰臨海別墅16號,65,6502200,6502200-001,2鄰,臨海別墅,,,,,,16號,121.50976681469,25.279754922323
