FULL_ADDR,COUNTY,TOWN,VILLAGE,NEIGHBORHOOD,ROAD,SECTION,LANE,ALLEY,SUB_ALLEY,TONG,NUMBER,X,Y
新北市三芝區後厝里15鄰陽住坑2號,65,6502100,6502100-009,15鄰,陽住坑,,,,,,2號,121.48402700664,25.248875957507
新北市三芝區後厝里15鄰陽住坑4號,65,6502100,6502100-009,15鄰,陽住坑,,,,,,4號,121.48461709602,25.248356580898
新北市三芝區後厝里15鄰陽住坑4之1號,65,6502100,6502100-009,15鄰,陽住坑,,,,,,4之1號,121.48386230956,25.246820200112
新北市三芝區後厝里15鄰陽住坑4之2號,65,6502100,6502100-009,15鄰,陽住坑,,,,,,4之2號,121.48375368506,25.246429621795
新北市三芝區後厝里15鄰陽住坑4之3號,65,6502100,6502100-009,15鄰,陽住坑,,,,,,4之3號,121.48368126679,25.246385947367
