FULL_ADDR,COUNTY,TOWN,VILLAGE,NEIGHBORHOOD,ROAD,SECTION,LANE,ALLEY,SUB_ALLEY,TONG,NUMBER,X,Y
新北市鶯歌區東鶯里14鄰館前路300號,65,6500800,6500800-001,14鄰,館前路,,,,,,300號,121.35842273858,24.952744686639
新北市鶯歌區東鶯里14鄰館前路300之1號,65,6500800,6500800-001,14鄰,館前路,,,,,,300之1號,121.35809133205,24.9532124828
新北市鶯歌區東鶯里14鄰館前路300之2號,65,6500800,6500800-001,14鄰,館前路,,,,,,300之2號,121.35823299795,24.953271855533
新北市鶯歌區東鶯里14鄰館前路300之3號,65,6500800,6500800-001,14鄰,館前路,,,,,,300之3號,121.3583929252,24.953307304277
新北市鶯歌區東鶯里14鄰館前路300之4號,65,6500800,6500800-001,14鄰,館前路,,,,,,300之4號,121.35855804576,24.953323627386
新北市鶯歌區東鶯里14鄰館前路360號,65,6500800,6500800-001,14鄰,館前路,,,,,,360號,121.35957609285,24.954986817834
