FULL_ADDR,COUNTY,TOWN,VILLAGE,NEIGHBORHOOD,ROAD,SECTION,LANE,ALLEY,SUB_ALLEY,TONG,NUMBER,X,Y
新北市淡水區蕃薯里7鄰雲廣坑5號,65,6501000,6501000-005,7鄰,雲廣坑,,,,,,5號,121.47462375136,25.21299651042
新北市淡水區蕃薯里7鄰雲廣坑5之1號,65,6501000,6501000-005,7鄰,雲廣坑,,,,,,5之1號,121.47476992974,25.213034951433
新北市淡水區蕃薯里7鄰雲廣坑6號,65,6501000,6501000-005,7鄰,雲廣坑,,,,,,6號,121.47385662347,25.214248101831
新北市淡水區蕃薯里8鄰雲廣坑6之1號,65,6501000,6501000-005,8鄰,雲廣坑,,,,,,6之1號,121.47464730835,25.214681749525
新北市淡水區蕃薯里7鄰雲廣坑7號,65,6501000,6501000-005,7鄰,雲廣坑,,,,,,7號,121.47631907588,25.212855359565
新北市淡水區蕃薯里8鄰雲廣坑7之2號,65,6501000,6501000-005,8鄰,雲廣坑,,,,,,7之2號,121.47538027317,25.21422461289
新北市淡水區蕃薯里8鄰雲廣坑10號,65,6501000,6501000-005,8鄰,雲廣坑,,,,,,10號,121.47578698553,25.214321537375
新北市淡水區蕃薯里9鄰雲廣坑12號,65,6501000,6501000-005,9鄰,雲廣坑,,,,,,12號,121.47748278562,25.21329602338
新北市淡水區蕃薯里9鄰雲廣坑12之2號,65,6501000,6501000-005,9鄰,雲廣坑,,,,,,12之2號,121.47771763957,25.213861793855
