FULL_ADDR,COUNTY,TOWN,VILLAGE,NEIGHBORHOOD,ROAD,SECTION,LANE,ALLEY,SUB_ALLEY,TONG,NUMBER,X,Y
新北市雙溪區牡丹里3鄰頂坪1號,65,6502500,6502500-006,3鄰,頂坪,,,,,,1號,121.86189589902,25.043580125492
新北市雙溪區牡丹里3鄰頂坪2號,65,6502500,6502500-006,3鄰,頂坪,,,,,,2號,121.86197152164,25.043944711535
新北市雙溪區牡丹里3鄰頂坪3號,65,6502500,6502500-006,3鄰,頂坪,,,,,,3號,121.86208738721,25.04437153546
新北市雙溪區牡丹里3鄰頂坪4號,65,6502500,6502500-006,3鄰,頂坪,,,,,,4號,121.86206588883,25.044464473672
新北市雙溪區牡丹里3鄰頂坪5號,65,6502500,6502500-006,3鄰,頂坪,,,,,,5號,121.86346440856,25.039371571208
新北市雙溪區牡丹里3鄰頂坪5之2號,65,6502500,6502500-006,3鄰,頂坪,,,,,,5之2號,121.86332299545,25.039697506503
