FULL_ADDR,COUNTY,TOWN,VILLAGE,NEIGHBORHOOD,ROAD,SECTION,LANE,ALLEY,SUB_ALLEY,TONG,NUMBER,X,Y
新北市林口區東勢里24鄰麗園2街3巷1號,65,6501700,6501700-009,24鄰,麗園2街,,3巷,,,,1號,121.37797106568,25.069628030475
新北市林口區東勢里22鄰麗園2街1巷8號,65,6501700,6501700-009,22鄰,麗園2街,,1巷,,,,8號,121.37863812298,25.070339628394
新北市林口區東勢里23鄰麗園2街1巷9號,65,6501700,6501700-009,23鄰,麗園2街,,1巷,,,,9號,121.37877743598,25.070283018488
