FULL_ADDR,COUNTY,TOWN,VILLAGE,NEIGHBORHOOD,ROAD,SECTION,LANE,ALLEY,SUB_ALLEY,TONG,NUMBER,X,Y
新北市石門區德茂里2鄰金華新城3號,65,6502200,6502200-001,2鄰,金華新城,,,,,,3號,121.51475710875,25.277485484974
新北市石門區德茂里2鄰金華新城4號,65,6502200,6502200-001,2鄰,金華新城,,,,,,4號,121.51471155224,25.277421447107
新北市石門區德茂里2鄰金華新城5號,65,6502200,6502200-001,2鄰,金華新城,,,,,,5號,121.51462892886,25.277404040752
新北市石門區德茂里2鄰金華新城6號,65,6502200,6502200-001,2鄰,金華新城,,,,,,6號,121.51455170916,25.277446027537
