FULL_ADDR,COUNTY,TOWN,VILLAGE,NEIGHBORHOOD,ROAD,SECTION,LANE,ALLEY,SUB_ALLEY,TONG,NUMBER,X,Y
新北市雙溪區魚行里5鄰魚杭4號,65,6502500,6502500-004,5鄰,魚杭,,,,,,4號,121.8818507244,25.026639000958
新北市雙溪區魚行里5鄰魚杭5號,65,6502500,6502500-004,5鄰,魚杭,,,,,,5號,121.88044972717,25.026611285948
新北市雙溪區魚行里5鄰魚杭7號,65,6502500,6502500-004,5鄰,魚杭,,,,,,7號,121.8799171526,25.02674246095
新北市雙溪區魚行里5鄰魚杭8號,65,6502500,6502500-004,5鄰,魚杭,,,,,,8號,121.87964257432,25.026734065466
新北市雙溪區魚行里6鄰魚杭11號,65,6502500,6502500-004,6鄰,魚杭,,,,,,11號,121.87938053847,25.026925666328
新北市雙溪區魚行里6鄰魚杭12號,65,6502500,6502500-004,6鄰,魚杭,,,,,,12號,121.87902158957,25.02678775244
新北市雙溪區魚行里6鄰魚杭12之4號,65,6502500,6502500-004,6鄰,魚杭,,,,,,12之4號,121.87879498073,25.026100940664
新北市雙溪區魚行里7鄰魚杭14號,65,6502500,6502500-004,7鄰,魚杭,,,,,,14號,121.8768797884,25.026938454434
