FULL_ADDR,COUNTY,TOWN,VILLAGE,NEIGHBORHOOD,ROAD,SECTION,LANE,ALLEY,SUB_ALLEY,TONG,NUMBER,X,Y
臺中市大里區健民里16鄰仁化工十八路2號,66,6602800,6602800-015,16鄰,仁化工十八路,,,,,,2號,120.7217007723,24.093834685139
臺中市大里區健民里16鄰仁化工十八路30號,66,6602800,6602800-015,16鄰,仁化工十八路,,,,,,30號,120.72167522597,24.094072617395
臺中市大里區健民里16鄰仁化工十八路33號,66,6602800,6602800-015,16鄰,仁化工十八路,,,,,,33號,120.72141300807,24.094687854274
