FULL_ADDR,COUNTY,TOWN,VILLAGE,NEIGHBORHOOD,ROAD,SECTION,LANE,ALLEY,SUB_ALLEY,TONG,NUMBER,X,Y
臺中市東區東英里2鄰三賢東街1號,66,6600200,6600200-017,2鄰,三賢東街,,,,,,1號,120.70834337923,24.146254764696
臺中市東區東英里2鄰三賢東街3號,66,6600200,6600200-017,2鄰,三賢東街,,,,,,3號,120.70833275501,24.146344559113
臺中市東區東英里2鄰三賢東街16號,66,6600200,6600200-017,2鄰,三賢東街,,,,,,16號,120.70859577709,24.147003480008
臺中市東區東英里2鄰三賢東街18號,66,6600200,6600200-017,2鄰,三賢東街,,,,,,18號,120.70859390623,24.147047440227
