FULL_ADDR,COUNTY,TOWN,VILLAGE,NEIGHBORHOOD,ROAD,SECTION,LANE,ALLEY,SUB_ALLEY,TONG,NUMBER,X,Y
臺中市新社區慶西里3鄰下坪12之5號,66,6601900,6601900-011,3鄰,下坪,,,,,,12之5號,120.82367505909,24.18776332857
臺中市新社區慶西里3鄰下坪13之3號,66,6601900,6601900-011,3鄰,下坪,,,,,,13之3號,120.82761300485,24.192203841464
臺中市新社區慶西里3鄰下坪13之5號,66,6601900,6601900-011,3鄰,下坪,,,,,,13之5號,120.82756177933,24.192613904433
臺中市新社區慶西里3鄰下坪13之6號,66,6601900,6601900-011,3鄰,下坪,,,,,,13之6號,120.82749466078,24.192983958502
臺中市新社區慶西里3鄰下坪13之7號,66,6601900,6601900-011,3鄰,下坪,,,,,,13之7號,120.82748794187,24.193295480594
