FULL_ADDR,COUNTY,TOWN,VILLAGE,NEIGHBORHOOD,ROAD,SECTION,LANE,ALLEY,SUB_ALLEY,TONG,NUMBER,X,Y
臺中市霧峰區南柳里16鄰乾溪路175號,66,6602600,6602600-011,16鄰,乾溪路,,,,,,175號,120.69477611004,24.041604414648
臺中市霧峰區南柳里16鄰乾溪路197號,66,6602600,6602600-011,16鄰,乾溪路,,,,,,197號,120.69047776237,24.044551158446
臺中市霧峰區南柳里16鄰乾溪路205號,66,6602600,6602600-011,16鄰,乾溪路,,,,,,205號,120.69000535932,24.045624082673
臺中市霧峰區峰谷里1鄰乾溪路15號,66,6602600,6602600-016,1鄰,乾溪路,,,,,,15號,120.69791295503,24.040465385072
臺中市霧峰區峰谷里1鄰乾溪路17號,66,6602600,6602600-016,1鄰,乾溪路,,,,,,17號,120.69757488265,24.040556014539
臺中市霧峰區六股里1鄰乾溪路35號,66,6602600,6602600-017,1鄰,乾溪路,,,,,,35號,120.69670183255,24.040901397856
