FULL_ADDR,COUNTY,TOWN,VILLAGE,NEIGHBORHOOD,ROAD,SECTION,LANE,ALLEY,SUB_ALLEY,TONG,NUMBER,X,Y
臺中市北區光大里7鄰中央街60號,66,6600500,6600500-001,7鄰,中央街,,,,,,60號,120.67625113546,24.149301884764
臺中市北區光大里7鄰中央街62號,66,6600500,6600500-001,7鄰,中央街,,,,,,62號,120.6762181969,24.149330708667
臺中市北區光大里7鄰中央街65號,66,6600500,6600500-001,7鄰,中央街,,,,,,65號,120.67615073857,24.149141130711
臺中市北區光大里7鄰中央街66號,66,6600500,6600500-001,7鄰,中央街,,,,,,66號,120.67618516612,24.149360977056
臺中市北區光大里7鄰中央街68號,66,6600500,6600500-001,7鄰,中央街,,,,,,68號,120.67615350235,24.149387636616
臺中市北區光大里7鄰中央街70號,66,6600500,6600500-001,7鄰,中央街,,,,,,70號,120.67612363197,24.149413306752
臺中市北區光大里7鄰中央街72號,66,6600500,6600500-001,7鄰,中央街,,,,,,72號,120.67609335472,24.149440330414
臺中市北區光大里7鄰中央街76號,66,6600500,6600500-001,7鄰,中央街,,,,,,76號,120.67606189343,24.149468624688
臺中市北區光大里7鄰中央街78號,66,6600500,6600500-001,7鄰,中央街,,,,,,78號,120.67603003901,24.149496728506
