FULL_ADDR,COUNTY,TOWN,VILLAGE,NEIGHBORHOOD,ROAD,SECTION,LANE,ALLEY,SUB_ALLEY,TONG,NUMBER,X,Y
臺中市烏日區榮泉里15鄰三榮九路31號,66,6602300,6602300-004,15鄰,三榮九路,,,,,,31號,120.59994115297,24.107121882357
臺中市烏日區榮泉里15鄰三榮九路33號,66,6602300,6602300-004,15鄰,三榮九路,,,,,,33號,120.5999761785,24.107157802323
臺中市烏日區榮泉里15鄰三榮九路35號,66,6602300,6602300-004,15鄰,三榮九路,,,,,,35號,120.60001894518,24.107212866609
臺中市烏日區榮泉里15鄰三榮九路37號,66,6602300,6602300-004,15鄰,三榮九路,,,,,,37號,120.60001226498,24.107270185206
臺中市烏日區榮泉里15鄰三榮九路39號,66,6602300,6602300-004,15鄰,三榮九路,,,,,,39號,120.60001069196,24.107358568946
臺中市烏日區榮泉里15鄰三榮九路41號,66,6602300,6602300-004,15鄰,三榮九路,,,,,,41號,120.6000587069,24.107399308422
