FULL_ADDR,COUNTY,TOWN,VILLAGE,NEIGHBORHOOD,ROAD,SECTION,LANE,ALLEY,SUB_ALLEY,TONG,NUMBER,X,Y
臺中市梧棲區南簡里22鄰中央路二段田尾1號,66,6601400,6601400-008,22鄰,中央路田尾,2段,,,,,1號,120.56269997593,24.255944292373
臺中市梧棲區南簡里22鄰中央路二段田尾3號,66,6601400,6601400-008,22鄰,中央路田尾,2段,,,,,3號,120.56313975291,24.255856249144
臺中市梧棲區南簡里22鄰中央路二段田尾5號,66,6601400,6601400-008,22鄰,中央路田尾,2段,,,,,5號,120.56175067534,24.254666353504
臺中市梧棲區南簡里22鄰中央路二段田尾6號,66,6601400,6601400-008,22鄰,中央路田尾,2段,,,,,6號,120.56174659078,24.254507610139
臺中市梧棲區南簡里22鄰中央路二段田尾7號,66,6601400,6601400-008,22鄰,中央路田尾,2段,,,,,7號,120.56173827066,24.254464065901
臺中市梧棲區南簡里22鄰中央路二段田尾11號,66,6601400,6601400-008,22鄰,中央路田尾,2段,,,,,11號,120.56112007277,24.254181072315
臺中市梧棲區南簡里22鄰中央路二段田尾12號,66,6601400,6601400-008,22鄰,中央路田尾,2段,,,,,12號,120.56110986813,24.254141495412
臺中市梧棲區南簡里22鄰中央路二段田尾13號,66,6601400,6601400-008,22鄰,中央路田尾,2段,,,,,13號,120.56109702222,24.2540967643
