FULL_ADDR,COUNTY,TOWN,VILLAGE,NEIGHBORHOOD,ROAD,SECTION,LANE,ALLEY,SUB_ALLEY,TONG,NUMBER,X,Y
臺中市清水區槺榔里17鄰中橫十四路78號,66,6601200,6601200-016,17鄰,中橫十四路,,,,,,78號,120.53164585245,24.280318472557
臺中市清水區槺榔里17鄰中橫十四路81號,66,6601200,6601200-016,17鄰,中橫十四路,,,,,,81號,120.53221879316,24.279658922356
臺中市清水區槺榔里17鄰中橫十四路85號,66,6601200,6601200-016,17鄰,中橫十四路,,,,,,85號,120.53061873831,24.279685817372
