FULL_ADDR,COUNTY,TOWN,VILLAGE,NEIGHBORHOOD,ROAD,SECTION,LANE,ALLEY,SUB_ALLEY,TONG,NUMBER,X,Y
臺中市大里區健民里16鄰仁化工十路1號,66,6602800,6602800-015,16鄰,仁化工十路,,,,,,1號,120.72385229819,24.09228630649
臺中市大里區健民里16鄰仁化工十路13號,66,6602800,6602800-015,16鄰,仁化工十路,,,,,,13號,120.72387487056,24.092539080133
臺中市大里區健民里16鄰仁化工十路38號,66,6602800,6602800-015,16鄰,仁化工十路,,,,,,38號,120.72428622051,24.092622983248
