FULL_ADDR,COUNTY,TOWN,VILLAGE,NEIGHBORHOOD,ROAD,SECTION,LANE,ALLEY,SUB_ALLEY,TONG,NUMBER,X,Y
臺中市南屯區三和里12鄰三厝東二巷2號,66,6600700,6600700-024,12鄰,三厝東二巷,,,,,,2號,120.63659369046,24.148344624413
臺中市南屯區三和里12鄰三厝東二巷2之1號,66,6600700,6600700-024,12鄰,三厝東二巷,,,,,,2之1號,120.63659369046,24.148344624413
臺中市南屯區三和里12鄰三厝東二巷2之2號,66,6600700,6600700-024,12鄰,三厝東二巷,,,,,,2之2號,120.6365909095,24.148329376364
