FULL_ADDR,COUNTY,TOWN,VILLAGE,NEIGHBORHOOD,ROAD,SECTION,LANE,ALLEY,SUB_ALLEY,TONG,NUMBER,X,Y
臺中市清水區西寧里7鄰中興北街51號,66,6601200,6601200-006,7鄰,中興北街,,,,,,51號,120.57517023002,24.273262022376
臺中市清水區西寧里7鄰中興北街53號,66,6601200,6601200-006,7鄰,中興北街,,,,,,53號,120.5751243077,24.273283870855
臺中市清水區西寧里7鄰中興北街55號,66,6601200,6601200-006,7鄰,中興北街,,,,,,55號,120.57507942242,24.273301902914
臺中市清水區西寧里7鄰中興北街57號,66,6601200,6601200-006,7鄰,中興北街,,,,,,57號,120.57503038672,24.27331513794
臺中市清水區西寧里7鄰中興北街59號,66,6601200,6601200-006,7鄰,中興北街,,,,,,59號,120.57497720339,24.273319774692
臺中市清水區西寧里7鄰中興北街61號,66,6601200,6601200-006,7鄰,中興北街,,,,,,61號,120.57492090386,24.273319617296
臺中市清水區西寧里7鄰中興北街63號,66,6601200,6601200-006,7鄰,中興北街,,,,,,63號,120.57485002016,24.273315590763
臺中市清水區西寧里7鄰中興北街65號,66,6601200,6601200-006,7鄰,中興北街,,,,,,65號,120.57476664066,24.273310581193
