FULL_ADDR,COUNTY,TOWN,VILLAGE,NEIGHBORHOOD,ROAD,SECTION,LANE,ALLEY,SUB_ALLEY,TONG,NUMBER,X,Y
臺中市梧棲區頂寮里10鄰中橫十路2號,66,6601400,6601400-001,10鄰,中橫十路,,,,,,2號,120.52923206083,24.269778232042
臺中市梧棲區頂寮里10鄰中橫十路98號,66,6601400,6601400-001,10鄰,中橫十路,,,,,,98號,120.52805454641,24.270225790771
臺中市梧棲區頂寮里10鄰中橫十路143號,66,6601400,6601400-001,10鄰,中橫十路,,,,,,143號,120.52775950949,24.269805222334
臺中市梧棲區頂寮里10鄰中橫十路145號,66,6601400,6601400-001,10鄰,中橫十路,,,,,,145號,120.52753956483,24.269890802667
臺中市梧棲區頂寮里10鄰中橫十路146號,66,6601400,6601400-001,10鄰,中橫十路,,,,,,146號,120.52692234043,24.270649427832
臺中市梧棲區頂寮里10鄰中橫十路147號,66,6601400,6601400-001,10鄰,中橫十路,,,,,,147號,120.52737914066,24.269190335667
臺中市梧棲區頂寮里10鄰中橫十路148號,66,6601400,6601400-001,10鄰,中橫十路,,,,,,148號,120.52843505035,24.271171392351
臺中市梧棲區頂寮里10鄰中橫十路152號,66,6601400,6601400-001,10鄰,中橫十路,,,,,,152號,120.52606970876,24.271052249282
臺中市梧棲區下寮里21鄰中橫十路100號,66,6601400,6601400-002,21鄰,中橫十路,,,,,,100號,120.52482612557,24.262993168288
