FULL_ADDR,COUNTY,TOWN,VILLAGE,NEIGHBORHOOD,ROAD,SECTION,LANE,ALLEY,SUB_ALLEY,TONG,NUMBER,X,Y
臺中市北屯區仁美里27鄰仁美十二巷85號,66,6600800,6600800-018,27鄰,仁美十二巷,,,,,,85號,120.68815838691,24.196104595338
臺中市北屯區仁美里27鄰仁美十二巷87號,66,6600800,6600800-018,27鄰,仁美十二巷,,,,,,87號,120.68802628706,24.195941699027
臺中市北屯區仁美里27鄰仁美十二巷94號,66,6600800,6600800-018,27鄰,仁美十二巷,,,,,,94號,120.68819514609,24.196208687593
臺中市北屯區仁美里27鄰仁美十二巷96之1號,66,6600800,6600800-018,27鄰,仁美十二巷,,,,,,96之1號,120.68811711679,24.195977279621
臺中市北屯區仁美里27鄰仁美十二巷104號,66,6600800,6600800-018,27鄰,仁美十二巷,,,,,,104號,120.68799536072,24.196110573119
