FULL_ADDR,COUNTY,TOWN,VILLAGE,NEIGHBORHOOD,ROAD,SECTION,LANE,ALLEY,SUB_ALLEY,TONG,NUMBER,X,Y
臺中市清水區槺榔里17鄰中橫十三路12號,66,6601200,6601200-016,17鄰,中橫十三路,,,,,,12號,120.53150278332,24.278078033464
臺中市清水區槺榔里17鄰中橫十三路13號,66,6601200,6601200-016,17鄰,中橫十三路,,,,,,13號,120.53050602889,24.278326047051
臺中市清水區槺榔里17鄰中橫十三路15號,66,6601200,6601200-016,17鄰,中橫十三路,,,,,,15號,120.5296780532,24.279787384804
臺中市清水區槺榔里17鄰中橫十三路21號,66,6601200,6601200-016,17鄰,中橫十三路,,,,,,21號,120.52969934859,24.279720599645
臺中市清水區槺榔里17鄰中橫十三路23號,66,6601200,6601200-016,17鄰,中橫十三路,,,,,,23號,120.5289038551,24.280587705481
臺中市清水區槺榔里17鄰中橫十三路28號,66,6601200,6601200-016,17鄰,中橫十三路,,,,,,28號,120.53042142383,24.279447139112
