FULL_ADDR,COUNTY,TOWN,VILLAGE,NEIGHBORHOOD,ROAD,SECTION,LANE,ALLEY,SUB_ALLEY,TONG,NUMBER,X,Y
臺中市新社區永源里9鄰井北街2號,66,6601900,6601900-007,9鄰,井北街,,,,,,2號,120.78030292616,24.225797582484
臺中市新社區永源里9鄰井北街7號,66,6601900,6601900-007,9鄰,井北街,,,,,,7號,120.77938256216,24.221583537781
臺中市新社區永源里9鄰井北街11號,66,6601900,6601900-007,9鄰,井北街,,,,,,11號,120.77955734982,24.225972376934
臺中市新社區永源里9鄰井北街15號,66,6601900,6601900-007,9鄰,井北街,,,,,,15號,120.77819058413,24.224004088473
臺中市新社區永源里9鄰井北街16號,66,6601900,6601900-007,9鄰,井北街,,,,,,16號,120.77729793562,24.224310087657
臺中市新社區永源里9鄰井北街17號,66,6601900,6601900-007,9鄰,井北街,,,,,,17號,120.77693270145,24.223117445842
臺中市新社區永源里9鄰井北街22號,66,6601900,6601900-007,9鄰,井北街,,,,,,22號,120.77608365737,24.224626299592
