FULL_ADDR,COUNTY,TOWN,VILLAGE,NEIGHBORHOOD,ROAD,SECTION,LANE,ALLEY,SUB_ALLEY,TONG,NUMBER,X,Y
臺中市北區新北里21鄰三民路三段一心市場28號,66,6600500,6600500-005,21鄰,三民路一心市場,3段,,,,,28號,120.68700751105,24.154800309375
臺中市北區新北里21鄰三民路三段一心市場32號,66,6600500,6600500-005,21鄰,三民路一心市場,3段,,,,,32號,120.68703432074,24.154903659615
臺中市北區新北里21鄰三民路三段一心市場34號,66,6600500,6600500-005,21鄰,三民路一心市場,3段,,,,,34號,120.68707816368,24.154882088225
臺中市北區新北里21鄰三民路三段一心市場36號,66,6600500,6600500-005,21鄰,三民路一心市場,3段,,,,,36號,120.68708048522,24.154910706854
臺中市北區新北里21鄰三民路三段一心市場38號,66,6600500,6600500-005,21鄰,三民路一心市場,3段,,,,,38號,120.68696524458,24.155039165179
臺中市北區新北里21鄰三民路三段一心市場38之7號,66,6600500,6600500-005,21鄰,三民路一心市場,3段,,,,,38之7號,120.68716295009,24.155140581462
臺中市北區新北里21鄰三民路三段一心市場40號,66,6600500,6600500-005,21鄰,三民路一心市場,3段,,,,,40號,120.68715459781,24.155014343682
臺中市北區新北里21鄰三民路三段一心市場42號,66,6600500,6600500-005,21鄰,三民路一心市場,3段,,,,,42號,120.68718663179,24.155073731889
臺中市北區新北里21鄰三民路三段一心市場46號,66,6600500,6600500-005,21鄰,三民路一心市場,3段,,,,,46號,120.68722100403,24.155142777209
