FULL_ADDR,COUNTY,TOWN,VILLAGE,NEIGHBORHOOD,ROAD,SECTION,LANE,ALLEY,SUB_ALLEY,TONG,NUMBER,X,Y
臺中市西屯區上石里6鄰上石南八巷31弄2號,66,6600600,6600600-006,6鄰,上石南八巷,,,31弄,,,2號,120.64296575687,24.174755028369
臺中市西屯區上石里6鄰上石南八巷31弄4號,66,6600600,6600600-006,6鄰,上石南八巷,,,31弄,,,4號,120.64292918879,24.174703737848
臺中市西屯區上石里6鄰上石南八巷31弄6號,66,6600600,6600600-006,6鄰,上石南八巷,,,31弄,,,6號,120.64289227288,24.174646586518
臺中市西屯區上石里6鄰上石南八巷31弄8號,66,6600600,6600600-006,6鄰,上石南八巷,,,31弄,,,8號,120.64283426811,24.174592058449
臺中市西屯區上石里6鄰上石南八巷40號,66,6600600,6600600-006,6鄰,上石南八巷,,,,,,40號,120.64311765733,24.174943147271
臺中市西屯區上石里6鄰上石南八巷42號,66,6600600,6600600-006,6鄰,上石南八巷,,,,,,42號,120.64312940949,24.174903933632
臺中市西屯區上石里6鄰上石南八巷44號,66,6600600,6600600-006,6鄰,上石南八巷,,,,,,44號,120.64315046277,24.174871658167
