FULL_ADDR,COUNTY,TOWN,VILLAGE,NEIGHBORHOOD,ROAD,SECTION,LANE,ALLEY,SUB_ALLEY,TONG,NUMBER,X,Y
臺中市西屯區大石里17鄰大石五巷1號,66,6600600,6600600-012,17鄰,大石五巷,,,,,,1號,120.66277126553,24.177128216639
臺中市西屯區大石里17鄰大石五巷4號,66,6600600,6600600-012,17鄰,大石五巷,,,,,,4號,120.66187531716,24.177326501709
臺中市西屯區大石里17鄰大石五巷26號,66,6600600,6600600-012,17鄰,大石五巷,,,,,,26號,120.66138387508,24.177218080355
臺中市西屯區大石里17鄰大石五巷33號,66,6600600,6600600-012,17鄰,大石五巷,,,,,,33號,120.66122791018,24.177096895309
