FULL_ADDR,COUNTY,TOWN,VILLAGE,NEIGHBORHOOD,ROAD,SECTION,LANE,ALLEY,SUB_ALLEY,TONG,NUMBER,X,Y
臺中市西屯區福林里19鄰宏福五巷16號,66,6600600,6600600-038,19鄰,宏福五巷,,,,,,16號,120.61559639308,24.187984295928
臺中市西屯區福林里19鄰宏福五巷18號,66,6600600,6600600-038,19鄰,宏福五巷,,,,,,18號,120.61565618591,24.187870497933
臺中市西屯區福林里19鄰宏福五巷20號,66,6600600,6600600-038,19鄰,宏福五巷,,,,,,20號,120.61568526386,24.187955355625
臺中市西屯區福林里19鄰宏福五巷22號,66,6600600,6600600-038,19鄰,宏福五巷,,,,,,22號,120.61562459941,24.187801606601
臺中市西屯區福林里19鄰宏福五巷24號,66,6600600,6600600-038,19鄰,宏福五巷,,,,,,24號,120.61558423508,24.187738580179
