FULL_ADDR,COUNTY,TOWN,VILLAGE,NEIGHBORHOOD,ROAD,SECTION,LANE,ALLEY,SUB_ALLEY,TONG,NUMBER,X,Y
臺中市西屯區協和里11鄰安和二街69號,66,6600600,6600600-020,11鄰,安和二街,,,,,,69號,120.62393257415,24.175527654678
臺中市西屯區協和里1鄰安和二街128號,66,6600600,6600600-020,1鄰,安和二街,,,,,,128號,120.62261254829,24.176366785632
臺中市西屯區福和里1鄰安和二街171號,66,6600600,6600600-033,1鄰,安和二街,,,,,,171號,120.62085560867,24.176839857436
臺中市西屯區福和里1鄰安和二街173號,66,6600600,6600600-033,1鄰,安和二街,,,,,,173號,120.62078912286,24.176867159055
