FULL_ADDR,COUNTY,TOWN,VILLAGE,NEIGHBORHOOD,ROAD,SECTION,LANE,ALLEY,SUB_ALLEY,TONG,NUMBER,X,Y
臺中市霧峰區南勢里3鄰峰南路219號,66,6602600,6602600-020,3鄰,峰南路,,,,,,219號,120.67909816175,24.021903241999
臺中市霧峰區南勢里5鄰峰南路329號,66,6602600,6602600-020,5鄰,峰南路,,,,,,329號,120.67611076136,24.023267356791
