FULL_ADDR,COUNTY,TOWN,VILLAGE,NEIGHBORHOOD,ROAD,SECTION,LANE,ALLEY,SUB_ALLEY,TONG,NUMBER,X,Y
臺中市北屯區廍子里14鄰建平街17號,66,6600800,6600800-013,14鄰,建平街,,,,,,17號,120.72343964588,24.164310578595
臺中市北屯區廍子里14鄰建平街19號,66,6600800,6600800-013,14鄰,建平街,,,,,,19號,120.72334449065,24.164365349434
臺中市北屯區廍子里14鄰建平街21號,66,6600800,6600800-013,14鄰,建平街,,,,,,21號,120.72327148934,24.164405830879
臺中市北屯區廍子里14鄰建平街23號,66,6600800,6600800-013,14鄰,建平街,,,,,,23號,120.72331560086,24.164477576554
臺中市北屯區廍子里14鄰建平街25號,66,6600800,6600800-013,14鄰,建平街,,,,,,25號,120.72339118998,24.164441885317
臺中市北屯區廍子里14鄰建平街27號,66,6600800,6600800-013,14鄰,建平街,,,,,,27號,120.72350845252,24.164399091273
臺中市北屯區廍子里14鄰建平街29號,66,6600800,6600800-013,14鄰,建平街,,,,,,29號,120.72355449044,24.164485774857
臺中市北屯區廍子里14鄰建平街31號,66,6600800,6600800-013,14鄰,建平街,,,,,,31號,120.72359480048,24.164536023796
