FULL_ADDR,COUNTY,TOWN,VILLAGE,NEIGHBORHOOD,ROAD,SECTION,LANE,ALLEY,SUB_ALLEY,TONG,NUMBER,X,Y
臺中市南區福平里22鄰光明六巷1之2號,66,6600300,6600300-009,22鄰,光明六巷,,,,,,1之2號,120.66005742479,24.129479408279
臺中市南區福平里22鄰光明六巷1之3號,66,6600300,6600300-009,22鄰,光明六巷,,,,,,1之3號,120.66010323266,24.129483329641
臺中市南區福平里22鄰光明六巷1之4號,66,6600300,6600300-009,22鄰,光明六巷,,,,,,1之4號,120.66014906073,24.129479612231
