FULL_ADDR,COUNTY,TOWN,VILLAGE,NEIGHBORHOOD,ROAD,SECTION,LANE,ALLEY,SUB_ALLEY,TONG,NUMBER,X,Y
臺中市北屯區松竹里11鄰尾張巷12號,66,6600800,6600800-016,11鄰,尾張巷,,,,,,12號,120.68013515633,24.178759050958
臺中市北屯區松竹里11鄰尾張巷13號,66,6600800,6600800-016,11鄰,尾張巷,,,,,,13號,120.67977194419,24.178770667744
臺中市北屯區松竹里11鄰尾張巷16之1號,66,6600800,6600800-016,11鄰,尾張巷,,,,,,16之1號,120.68159478945,24.179821772347
