FULL_ADDR,COUNTY,TOWN,VILLAGE,NEIGHBORHOOD,ROAD,SECTION,LANE,ALLEY,SUB_ALLEY,TONG,NUMBER,X,Y
臺中市大雅區六寶里7鄰和平新路128號,66,6601800,6601800-003,7鄰,和平新路,,,,,,128號,120.63380377649,24.243163487206
臺中市大雅區六寶里7鄰和平新路130號,66,6601800,6601800-003,7鄰,和平新路,,,,,,130號,120.63391918078,24.243285974652
臺中市大雅區六寶里7鄰和平新路132號,66,6601800,6601800-003,7鄰,和平新路,,,,,,132號,120.63406621622,24.243397639869
