FULL_ADDR,COUNTY,TOWN,VILLAGE,NEIGHBORHOOD,ROAD,SECTION,LANE,ALLEY,SUB_ALLEY,TONG,NUMBER,X,Y
臺中市北屯區廍子里5鄰太祥三街1號,66,6600800,6600800-013,5鄰,太祥三街,,,,,,1號,120.72945995464,24.1698721175
臺中市北屯區廍子里5鄰太祥三街25號,66,6600800,6600800-013,5鄰,太祥三街,,,,,,25號,120.72964502716,24.170269762396
臺中市北屯區廍子里5鄰太祥三街27號,66,6600800,6600800-013,5鄰,太祥三街,,,,,,27號,120.72966649343,24.170306468473
