FULL_ADDR,COUNTY,TOWN,VILLAGE,NEIGHBORHOOD,ROAD,SECTION,LANE,ALLEY,SUB_ALLEY,TONG,NUMBER,X,Y
臺中市西屯區惠來里3鄰市政北五路8號,66,6600600,6600600-005,3鄰,市政北五路,,,,,,8號,120.64666605528,24.160120940575
臺中市西屯區惠來里3鄰市政北五路60號,66,6600600,6600600-005,3鄰,市政北五路,,,,,,60號,120.64540413414,24.160873618592
臺中市西屯區惠來里3鄰市政北五路62號,66,6600600,6600600-005,3鄰,市政北五路,,,,,,62號,120.64531593525,24.160753956298
臺中市西屯區惠來里3鄰市政北五路66號,66,6600600,6600600-005,3鄰,市政北五路,,,,,,66號,120.64517492917,24.160901753642
臺中市西屯區惠來里15鄰市政北五路236號,66,6600600,6600600-005,15鄰,市政北五路,,,,,,236號,120.64372965296,24.16177874846
臺中市西屯區惠來里15鄰市政北五路238號,66,6600600,6600600-005,15鄰,市政北五路,,,,,,238號,120.64318933884,24.162069898646
臺中市西屯區惠來里17鄰市政北五路266號,66,6600600,6600600-005,17鄰,市政北五路,,,,,,266號,120.64228510104,24.162533501792
臺中市西屯區惠來里17鄰市政北五路268號,66,6600600,6600600-005,17鄰,市政北五路,,,,,,268號,120.64223397538,24.16269996288
臺中市西屯區惠來里17鄰市政北五路270號,66,6600600,6600600-005,17鄰,市政北五路,,,,,,270號,120.6419940651,24.162743697664
