FULL_ADDR,COUNTY,TOWN,VILLAGE,NEIGHBORHOOD,ROAD,SECTION,LANE,ALLEY,SUB_ALLEY,TONG,NUMBER,X,Y
臺中市東區干城里21鄰公園東路150號,66,6600200,6600200-005,21鄰,公園東路,,,,,,150號,120.68674074351,24.141656630832
臺中市東區干城里21鄰公園東路150之1號,66,6600200,6600200-005,21鄰,公園東路,,,,,,150之1號,120.68666972383,24.141740584173
臺中市東區干城里21鄰公園東路156號,66,6600200,6600200-005,21鄰,公園東路,,,,,,156號,120.68674645366,24.141877391378
臺中市東區干城里21鄰公園東路158號,66,6600200,6600200-005,21鄰,公園東路,,,,,,158號,120.68675426093,24.14208955128
臺中市東區干城里21鄰公園東路160號,66,6600200,6600200-005,21鄰,公園東路,,,,,,160號,120.68644600056,24.142100385664
臺中市東區干城里21鄰公園東路162號,66,6600200,6600200-005,21鄰,公園東路,,,,,,162號,120.68645068011,24.141888251399
臺中市東區干城里21鄰公園東路166號,66,6600200,6600200-005,21鄰,公園東路,,,,,,166號,120.68643035339,24.141681799384
