FULL_ADDR,COUNTY,TOWN,VILLAGE,NEIGHBORHOOD,ROAD,SECTION,LANE,ALLEY,SUB_ALLEY,TONG,NUMBER,X,Y
臺中市梧棲區草湳里13鄰北環路1號,66,6601400,6601400-007,13鄰,北環路,,,,,,1號,120.51613501937,24.242799232419
臺中市梧棲區草湳里13鄰北環路15號,66,6601400,6601400-007,13鄰,北環路,,,,,,15號,120.51559895561,24.245562473369
臺中市梧棲區草湳里13鄰北環路27號,66,6601400,6601400-007,13鄰,北環路,,,,,,27號,120.51228731969,24.246912801614
臺中市潭子區潭秀里4鄰北環路7號,66,6601700,6601700-002,4鄰,北環路,,,,,,7號,120.70186782686,24.219875583762
臺中市潭子區潭秀里4鄰北環路9號,66,6601700,6601700-002,4鄰,北環路,,,,,,9號,120.70217077691,24.219874289427
臺中市潭子區潭秀里4鄰北環路19號,66,6601700,6601700-002,4鄰,北環路,,,,,,19號,120.70015802773,24.219805943321
臺中市潭子區潭秀里4鄰北環路19之1號,66,6601700,6601700-002,4鄰,北環路,,,,,,19之1號,120.6999684034,24.219801524755
