FULL_ADDR,COUNTY,TOWN,VILLAGE,NEIGHBORHOOD,ROAD,SECTION,LANE,ALLEY,SUB_ALLEY,TONG,NUMBER,X,Y
臺中市西屯區協和里12鄰工業區十一路8號,66,6600600,6600600-020,12鄰,工業區十一路,,,,,,8號,120.59940393545,24.176403356303
臺中市西屯區協和里12鄰工業區十一路13號,66,6600600,6600600-020,12鄰,工業區十一路,,,,,,13號,120.59986465232,24.175103581213
臺中市西屯區協和里12鄰工業區十一路13之1號,66,6600600,6600600-020,12鄰,工業區十一路,,,,,,13之1號,120.59975674773,24.174935228069
臺中市西屯區協和里12鄰工業區十一路13之2號,66,6600600,6600600-020,12鄰,工業區十一路,,,,,,13之2號,120.59968384191,24.174757296425
臺中市西屯區協和里12鄰工業區十一路13之3號,66,6600600,6600600-020,12鄰,工業區十一路,,,,,,13之3號,120.60015929143,24.175407374784
臺中市西屯區協和里12鄰工業區十一路13之5號,66,6600600,6600600-020,12鄰,工業區十一路,,,,,,13之5號,120.60054232732,24.176253875123
臺中市西屯區協和里12鄰工業區十一路15號,66,6600600,6600600-020,12鄰,工業區十一路,,,,,,15號,120.59970211429,24.174424129881
臺中市西屯區協和里12鄰工業區十一路17號,66,6600600,6600600-020,12鄰,工業區十一路,,,,,,17號,120.59953147474,24.174231530945
