FULL_ADDR,COUNTY,TOWN,VILLAGE,NEIGHBORHOOD,ROAD,SECTION,LANE,ALLEY,SUB_ALLEY,TONG,NUMBER,X,Y
臺中市大甲區日南里19鄰幼五路1號,66,6601100,6601100-024,19鄰,幼五路,,,,,,1號,120.6496593358,24.401494381893
臺中市大甲區日南里19鄰幼五路3號,66,6601100,6601100-024,19鄰,幼五路,,,,,,3號,120.6504949414,24.402558221246
臺中市大甲區日南里19鄰幼五路6號,66,6601100,6601100-024,19鄰,幼五路,,,,,,6號,120.65065577376,24.402385316997
臺中市大甲區日南里19鄰幼五路7號,66,6601100,6601100-024,19鄰,幼五路,,,,,,7號,120.65357330317,24.406435110438
臺中市大甲區日南里19鄰幼五路16號,66,6601100,6601100-024,19鄰,幼五路,,,,,,16號,120.65225712757,24.404359552586
臺中市大甲區日南里19鄰幼五路20號,66,6601100,6601100-024,19鄰,幼五路,,,,,,20號,120.65333625971,24.405774657292
臺中市大甲區日南里19鄰幼五路22號,66,6601100,6601100-024,19鄰,幼五路,,,,,,22號,120.65412691743,24.406496752852
臺中市大甲區日南里19鄰幼五路28號,66,6601100,6601100-024,19鄰,幼五路,,,,,,28號,120.65529124014,24.407029147672
