FULL_ADDR,COUNTY,TOWN,VILLAGE,NEIGHBORHOOD,ROAD,SECTION,LANE,ALLEY,SUB_ALLEY,TONG,NUMBER,X,Y
臺中市太平區光隆里7鄰太堤東路148號,66,6602700,6602700-017,7鄰,太堤東路,,,,,,148號,120.72470929667,24.111495861756
臺中市太平區福隆里1鄰太堤東路309號,66,6602700,6602700-038,1鄰,太堤東路,,,,,,309號,120.73433291112,24.127465477008
臺中市太平區福隆里1鄰太堤東路310號,66,6602700,6602700-038,1鄰,太堤東路,,,,,,310號,120.73444633768,24.127613755822
臺中市太平區永隆里1鄰太堤東路115號,66,6602700,6602700-039,1鄰,太堤東路,,,,,,115號,120.72284473106,24.109963131412
