FULL_ADDR,COUNTY,TOWN,VILLAGE,NEIGHBORHOOD,ROAD,SECTION,LANE,ALLEY,SUB_ALLEY,TONG,NUMBER,X,Y
臺中市霧峰區北勢里6鄰峰東路398號,66,6602600,6602600-019,6鄰,峰東路,,,,,,398號,120.67431933514,24.034419548559
臺中市霧峰區南勢里7鄰峰東路76號,66,6602600,6602600-020,7鄰,峰東路,,,,,,76號,120.67047737162,24.029183429787
臺中市霧峰區南勢里2鄰峰東路268號,66,6602600,6602600-020,2鄰,峰東路,,,,,,268號,120.67256608449,24.031731033013
