FULL_ADDR,COUNTY,TOWN,VILLAGE,NEIGHBORHOOD,ROAD,SECTION,LANE,ALLEY,SUB_ALLEY,TONG,NUMBER,X,Y
臺中市南屯區寶山里17鄰工業區十九路1號,66,6600700,6600700-023,17鄰,工業區十九路,,,,,,1號,120.61030116029,24.160741980925
臺中市南屯區寶山里17鄰工業區十九路7號,66,6600700,6600700-023,17鄰,工業區十九路,,,,,,7號,120.61014860404,24.160149371768
臺中市南屯區寶山里17鄰工業區十九路10號,66,6600700,6600700-023,17鄰,工業區十九路,,,,,,10號,120.60925175305,24.160007674899
臺中市南屯區寶山里17鄰工業區十九路11號,66,6600700,6600700-023,17鄰,工業區十九路,,,,,,11號,120.60993324418,24.159544042191
臺中市南屯區寶山里17鄰工業區十九路13號,66,6600700,6600700-023,17鄰,工業區十九路,,,,,,13號,120.60991950775,24.159209825498
臺中市南屯區寶山里17鄰工業區十九路23號,66,6600700,6600700-023,17鄰,工業區十九路,,,,,,23號,120.60918508712,24.157951896066
臺中市南屯區寶山里17鄰工業區十九路25號,66,6600700,6600700-023,17鄰,工業區十九路,,,,,,25號,120.60922183644,24.157319761994
