FULL_ADDR,COUNTY,TOWN,VILLAGE,NEIGHBORHOOD,ROAD,SECTION,LANE,ALLEY,SUB_ALLEY,TONG,NUMBER,X,Y
臺中市神岡區神洲里10鄰光啟路97巷18之8號,66,6601600,6601600-011,10鄰,光啟路,,97巷,,,,18之8號,120.6932657968,24.258680921957
臺中市神岡區神洲里10鄰光啟路101號,66,6601600,6601600-011,10鄰,光啟路,,,,,,101號,120.69385540056,24.25936660336
臺中市神岡區神洲里10鄰光啟路168號,66,6601600,6601600-011,10鄰,光啟路,,,,,,168號,120.68964151879,24.260723917045
臺中市神岡區溪洲里8鄰光啟路277之1號,66,6601600,6601600-012,8鄰,光啟路,,,,,,277之1號,120.68199471561,24.263836956387
臺中市神岡區溪洲里8鄰光啟路289之1號,66,6601600,6601600-012,8鄰,光啟路,,,,,,289之1號,120.68054587159,24.265472886193
