FULL_ADDR,COUNTY,TOWN,VILLAGE,NEIGHBORHOOD,ROAD,SECTION,LANE,ALLEY,SUB_ALLEY,TONG,NUMBER,X,Y
臺中市大甲區日南里19鄰工四路7號,66,6601100,6601100-024,19鄰,工四路,,,,,,7號,120.65615426789,24.398130960176
臺中市大甲區日南里19鄰工四路8號,66,6601100,6601100-024,19鄰,工四路,,,,,,8號,120.6531754904,24.400909658559
臺中市大甲區日南里19鄰工四路10號,66,6601100,6601100-024,19鄰,工四路,,,,,,10號,120.65352554175,24.400728895765
臺中市大甲區日南里19鄰工四路22號,66,6601100,6601100-024,19鄰,工四路,,,,,,22號,120.65546094502,24.398886673728
