FULL_ADDR,COUNTY,TOWN,VILLAGE,NEIGHBORHOOD,ROAD,SECTION,LANE,ALLEY,SUB_ALLEY,TONG,NUMBER,X,Y
臺中市大里區仁化里28鄰工業六路2號,66,6602800,6602800-014,28鄰,工業六路,,,,,,2號,120.71685233503,24.095572979102
臺中市大里區仁化里28鄰工業六路6號,66,6602800,6602800-014,28鄰,工業六路,,,,,,6號,120.71679735028,24.095676534668
臺中市大里區仁化里28鄰工業六路8號,66,6602800,6602800-014,28鄰,工業六路,,,,,,8號,120.71671861102,24.095731061748
臺中市大里區仁化里28鄰工業六路12號,66,6602800,6602800-014,28鄰,工業六路,,,,,,12號,120.71664125323,24.095886404501
臺中市大里區仁化里28鄰工業六路21號,66,6602800,6602800-014,28鄰,工業六路,,,,,,21號,120.71607081974,24.096440743933
臺中市大里區仁化里28鄰工業六路23號,66,6602800,6602800-014,28鄰,工業六路,,,,,,23號,120.71599635716,24.096531531575
臺中市大里區仁化里28鄰工業六路25號,66,6602800,6602800-014,28鄰,工業六路,,,,,,25號,120.71617401068,24.09648066487
臺中市大里區仁化里28鄰工業六路27號,66,6602800,6602800-014,28鄰,工業六路,,,,,,27號,120.71610258777,24.096575792314
