FULL_ADDR,COUNTY,TOWN,VILLAGE,NEIGHBORHOOD,ROAD,SECTION,LANE,ALLEY,SUB_ALLEY,TONG,NUMBER,X,Y
臺中市清水區中社里21鄰忠貞東街62號,66,6601200,6601200-017,21鄰,忠貞東街,,,,,,62號,120.55990314563,24.271925306859
臺中市清水區中社里21鄰忠貞東街66號,66,6601200,6601200-017,21鄰,忠貞東街,,,,,,66號,120.55978296837,24.271897971036
臺中市清水區中社里21鄰忠貞東街68號,66,6601200,6601200-017,21鄰,忠貞東街,,,,,,68號,120.55973153591,24.272043379896
臺中市清水區中社里21鄰忠貞東街70號,66,6601200,6601200-017,21鄰,忠貞東街,,,,,,70號,120.55985229657,24.272081525257
臺中市清水區中社里20鄰忠貞東街92號,66,6601200,6601200-017,20鄰,忠貞東街,,,,,,92號,120.55927015051,24.272305520707
