FULL_ADDR,COUNTY,TOWN,VILLAGE,NEIGHBORHOOD,ROAD,SECTION,LANE,ALLEY,SUB_ALLEY,TONG,NUMBER,X,Y
臺中市西屯區協和里11鄰安和東路61號,66,6600600,6600600-020,11鄰,安和東路,,,,,,61號,120.62405431582,24.175142875773
臺中市西屯區協和里11鄰安和東路63號,66,6600600,6600600-020,11鄰,安和東路,,,,,,63號,120.62406848896,24.175193077178
臺中市西屯區協和里11鄰安和東路65號,66,6600600,6600600-020,11鄰,安和東路,,,,,,65號,120.62408917049,24.175245687373
