FULL_ADDR,COUNTY,TOWN,VILLAGE,NEIGHBORHOOD,ROAD,SECTION,LANE,ALLEY,SUB_ALLEY,TONG,NUMBER,X,Y
臺中市后里區泰安里1鄰圳頭路3號,66,6601500,6601500-015,1鄰,圳頭路,,,,,,3號,120.75734098467,24.323177211786
臺中市后里區泰安里1鄰圳頭路3之1號,66,6601500,6601500-015,1鄰,圳頭路,,,,,,3之1號,120.75742915343,24.322825423819
臺中市后里區泰安里1鄰圳頭路5號,66,6601500,6601500-015,1鄰,圳頭路,,,,,,5號,120.75547475956,24.322677388697
臺中市后里區泰安里1鄰圳頭路6號,66,6601500,6601500-015,1鄰,圳頭路,,,,,,6號,120.7554157602,24.322141576597
