FULL_ADDR,COUNTY,TOWN,VILLAGE,NEIGHBORHOOD,ROAD,SECTION,LANE,ALLEY,SUB_ALLEY,TONG,NUMBER,X,Y
臺中市烏日區烏日里45鄰大同十街1號,66,6602300,6602300-001,45鄰,大同十街,,,,,,1號,120.62849488432,24.112982959168
臺中市烏日區烏日里45鄰大同十街2號,66,6602300,6602300-001,45鄰,大同十街,,,,,,2號,120.62856380012,24.113229897965
臺中市烏日區烏日里45鄰大同十街3號,66,6602300,6602300-001,45鄰,大同十街,,,,,,3號,120.62845326434,24.112989223636
臺中市烏日區烏日里45鄰大同十街5號,66,6602300,6602300-001,45鄰,大同十街,,,,,,5號,120.62841025363,24.112996757844
臺中市烏日區烏日里45鄰大同十街7號,66,6602300,6602300-001,45鄰,大同十街,,,,,,7號,120.62836725027,24.11300174579
臺中市烏日區烏日里45鄰大同十街9號,66,6602300,6602300-001,45鄰,大同十街,,,,,,9號,120.62832423955,24.113009279973
臺中市烏日區烏日里45鄰大同十街11號,66,6602300,6602300-001,45鄰,大同十街,,,,,,11號,120.62827706771,24.113016794992
臺中市烏日區烏日里45鄰大同十街13號,66,6602300,6602300-001,45鄰,大同十街,,,,,,13號,120.62823683843,24.11302178965
臺中市烏日區烏日里45鄰大同十街15號,66,6602300,6602300-001,45鄰,大同十街,,,,,,15號,120.62819520859,24.113028054023
