FULL_ADDR,COUNTY,TOWN,VILLAGE,NEIGHBORHOOD,ROAD,SECTION,LANE,ALLEY,SUB_ALLEY,TONG,NUMBER,X,Y
臺中市北屯區廍子里14鄰和順一街1號,66,6600800,6600800-013,14鄰,和順一街,,,,,,1號,120.72180427692,24.166097756472
臺中市北屯區廍子里14鄰和順一街2號,66,6600800,6600800-013,14鄰,和順一街,,,,,,2號,120.72156468702,24.166111657884
臺中市北屯區廍子里14鄰和順一街11號,66,6600800,6600800-013,14鄰,和順一街,,,,,,11號,120.72140423712,24.166254705239
臺中市北屯區廍子里14鄰和順一街13號,66,6600800,6600800-013,14鄰,和順一街,,,,,,13號,120.72142755546,24.166307298412
臺中市北屯區廍子里14鄰和順一街15號,66,6600800,6600800-013,14鄰,和順一街,,,,,,15號,120.72143262162,24.166371813058
臺中市北屯區廍子里14鄰和順一街17號,66,6600800,6600800-013,14鄰,和順一街,,,,,,17號,120.72144291408,24.166431560742
臺中市北屯區廍子里14鄰和順一街19號,66,6600800,6600800-013,14鄰,和順一街,,,,,,19號,120.72145580471,24.16649130414
臺中市北屯區廍子里14鄰和順一街21號,66,6600800,6600800-013,14鄰,和順一街,,,,,,21號,120.72145566995,24.166553425548
