FULL_ADDR,COUNTY,TOWN,VILLAGE,NEIGHBORHOOD,ROAD,SECTION,LANE,ALLEY,SUB_ALLEY,TONG,NUMBER,X,Y
臺中市大肚區大東里7鄰平和東街3號,66,6602400,6602400-007,7鄰,平和東街,,,,,,3號,120.54633761978,24.148609339965
臺中市大肚區大東里7鄰平和東街5號,66,6602400,6602400-007,7鄰,平和東街,,,,,,5號,120.54641068649,24.148574442522
臺中市大肚區大東里21鄰平和東街41號,66,6602400,6602400-007,21鄰,平和東街,,,,,,41號,120.54822877526,24.148492883611
臺中市大肚區大東里21鄰平和東街60號,66,6602400,6602400-007,21鄰,平和東街,,,,,,60號,120.54897872065,24.14840478238
