FULL_ADDR,COUNTY,TOWN,VILLAGE,NEIGHBORHOOD,ROAD,SECTION,LANE,ALLEY,SUB_ALLEY,TONG,NUMBER,X,Y
臺中市清水區吳厝里3鄰大楊南街15號,66,6601200,6601200-032,3鄰,大楊南街,,,,,,15號,120.60542785697,24.274360769314
臺中市清水區吳厝里6鄰大楊南街28號,66,6601200,6601200-032,6鄰,大楊南街,,,,,,28號,120.60716422169,24.276664628246
臺中市清水區吳厝里6鄰大楊南街30號,66,6601200,6601200-032,6鄰,大楊南街,,,,,,30號,120.60717112351,24.277056346907
臺中市清水區吳厝里6鄰大楊南街39號,66,6601200,6601200-032,6鄰,大楊南街,,,,,,39號,120.60658183374,24.277063274254
臺中市清水區吳厝里7鄰大楊南街81號,66,6601200,6601200-032,7鄰,大楊南街,,,,,,81號,120.60837651647,24.280778067928
臺中市清水區吳厝里8鄰大楊南街98號,66,6601200,6601200-032,8鄰,大楊南街,,,,,,98號,120.60923161191,24.281127925309
