FULL_ADDR,COUNTY,TOWN,VILLAGE,NEIGHBORHOOD,ROAD,SECTION,LANE,ALLEY,SUB_ALLEY,TONG,NUMBER,X,Y
臺中市西屯區廣福里9鄰庄尾巷2號,66,6600600,6600600-016,9鄰,庄尾巷,,,,,,2號,120.64064784569,24.192717668379
臺中市西屯區廣福里9鄰庄尾巷2之2號,66,6600600,6600600-016,9鄰,庄尾巷,,,,,,2之2號,120.64052686586,24.192547154987
臺中市西屯區廣福里9鄰庄尾巷2之3號,66,6600600,6600600-016,9鄰,庄尾巷,,,,,,2之3號,120.64072391141,24.192712114138
臺中市西屯區廣福里9鄰庄尾巷2之5號,66,6600600,6600600-016,9鄰,庄尾巷,,,,,,2之5號,120.64084077188,24.192645491975
臺中市西屯區廣福里9鄰庄尾巷2之6號,66,6600600,6600600-016,9鄰,庄尾巷,,,,,,2之6號,120.64091357696,24.192605645961
