FULL_ADDR,COUNTY,TOWN,VILLAGE,NEIGHBORHOOD,ROAD,SECTION,LANE,ALLEY,SUB_ALLEY,TONG,NUMBER,X,Y
臺中市清水區海濱里15鄰北五路10號,66,6601200,6601200-015,15鄰,北五路,,,,,,10號,120.5303786124,24.289602012958
臺中市清水區海濱里15鄰北五路21號,66,6601200,6601200-015,15鄰,北五路,,,,,,21號,120.5298831952,24.289145174031
臺中市清水區海濱里15鄰北五路22號,66,6601200,6601200-015,15鄰,北五路,,,,,,22號,120.52759780066,24.290386937121
臺中市清水區海濱里15鄰北五路23號,66,6601200,6601200-015,15鄰,北五路,,,,,,23號,120.52858278106,24.289008834021
臺中市清水區海濱里15鄰北五路75號,66,6601200,6601200-015,15鄰,北五路,,,,,,75號,120.52174912821,24.287965178567
臺中市清水區海濱里15鄰北五路77號,66,6601200,6601200-015,15鄰,北五路,,,,,,77號,120.52161027581,24.288301108932
臺中市清水區海濱里15鄰北五路83號,66,6601200,6601200-015,15鄰,北五路,,,,,,83號,120.51692536272,24.289893906121
臺中市清水區海濱里15鄰北五路87號,66,6601200,6601200-015,15鄰,北五路,,,,,,87號,120.52006211679,24.287989132207
臺中市清水區海濱里15鄰北五路105號,66,6601200,6601200-015,15鄰,北五路,,,,,,105號,120.52017280546,24.287701591215
