FULL_ADDR,COUNTY,TOWN,VILLAGE,NEIGHBORHOOD,ROAD,SECTION,LANE,ALLEY,SUB_ALLEY,TONG,NUMBER,X,Y
臺中市南屯區寶山里2鄰德興巷166號,66,6600700,6600700-023,2鄰,德興巷,,,,,,166號,120.61117007312,24.152022967418
臺中市南屯區寶山里2鄰德興巷166之1號,66,6600700,6600700-023,2鄰,德興巷,,,,,,166之1號,120.61143325384,24.151843052549
