FULL_ADDR,COUNTY,TOWN,VILLAGE,NEIGHBORHOOD,ROAD,SECTION,LANE,ALLEY,SUB_ALLEY,TONG,NUMBER,X,Y
臺中市東區干城里21鄰南京六街8巷1號,66,6600200,6600200-005,21鄰,南京六街,,8巷,,,,1號,120.68698494548,24.14040600186
臺中市東區干城里21鄰南京六街8巷2號,66,6600200,6600200-005,21鄰,南京六街,,8巷,,,,2號,120.6870689378,24.140392657155
臺中市東區干城里21鄰南京六街2號,66,6600200,6600200-005,21鄰,南京六街,,,,,,2號,120.68687316918,24.140280933228
臺中市東區干城里21鄰南京六街8巷3號,66,6600200,6600200-005,21鄰,南京六街,,8巷,,,,3號,120.68707940172,24.140431188663
臺中市東區干城里21鄰南京六街6號,66,6600200,6600200-005,21鄰,南京六街,,,,,,6號,120.68687469664,24.140340566006
臺中市東區干城里21鄰南京六街10號,66,6600200,6600200-005,21鄰,南京六街,,,,,,10號,120.68687947666,24.140426200873
