FULL_ADDR,COUNTY,TOWN,VILLAGE,NEIGHBORHOOD,ROAD,SECTION,LANE,ALLEY,SUB_ALLEY,TONG,NUMBER,X,Y
臺中市西屯區何仁里6鄰天水西四街3號,66,6600600,6600600-021,6鄰,天水西四街,,,,,,3號,120.65504403334,24.166640532372
臺中市西屯區何仁里6鄰天水西四街5號,66,6600600,6600600-021,6鄰,天水西四街,,,,,,5號,120.65517680996,24.166748208681
臺中市西屯區何仁里2鄰天水西四街6號,66,6600600,6600600-021,2鄰,天水西四街,,,,,,6號,120.65533190888,24.166481283724
臺中市西屯區何仁里6鄰天水西四街7號,66,6600600,6600600-021,6鄰,天水西四街,,,,,,7號,120.6552881162,24.166825290329
臺中市西屯區何仁里6鄰天水西四街9號,66,6600600,6600600-021,6鄰,天水西四街,,,,,,9號,120.65513524439,24.166713514543
