FULL_ADDR,COUNTY,TOWN,VILLAGE,NEIGHBORHOOD,ROAD,SECTION,LANE,ALLEY,SUB_ALLEY,TONG,NUMBER,X,Y
臺中市南屯區豐樂里10鄰光明二巷5號,66,6600700,6600700-002,10鄰,光明二巷,,,,,,5號,120.6545488915,24.128730390286
臺中市南屯區豐樂里10鄰光明二巷7號,66,6600700,6600700-002,10鄰,光明二巷,,,,,,7號,120.65446409853,24.128559986816
臺中市南屯區豐樂里10鄰光明二巷9號,66,6600700,6600700-002,10鄰,光明二巷,,,,,,9號,120.6541937822,24.128411258067
臺中市南屯區豐樂里10鄰光明二巷11號,66,6600700,6600700-002,10鄰,光明二巷,,,,,,11號,120.65413189915,24.128191326307
臺中市南屯區豐樂里10鄰光明二巷13號,66,6600700,6600700-002,10鄰,光明二巷,,,,,,13號,120.65384650366,24.127837100691
臺中市南屯區豐樂里10鄰光明二巷13之5號,66,6600700,6600700-002,10鄰,光明二巷,,,,,,13之5號,120.6536645412,24.127745907405
