FULL_ADDR,COUNTY,TOWN,VILLAGE,NEIGHBORHOOD,ROAD,SECTION,LANE,ALLEY,SUB_ALLEY,TONG,NUMBER,X,Y
臺中市大里區國光里5鄰六桂一路24號,66,6602800,6602800-021,5鄰,六桂一路,,,,,,24號,120.68099180965,24.108207618656
臺中市大里區國光里5鄰六桂一路26號,66,6602800,6602800-021,5鄰,六桂一路,,,,,,26號,120.68102750801,24.108211575796
臺中市大里區國光里5鄰六桂一路28號,66,6602800,6602800-021,5鄰,六桂一路,,,,,,28號,120.68106594931,24.108220143624
臺中市大里區國光里5鄰六桂一路30號,66,6602800,6602800-021,5鄰,六桂一路,,,,,,30號,120.68110204273,24.108223469517
臺中市大里區國光里5鄰六桂一路32號,66,6602800,6602800-021,5鄰,六桂一路,,,,,,32號,120.68115080653,24.108234587085
臺中市大里區國光里5鄰六桂一路34號,66,6602800,6602800-021,5鄰,六桂一路,,,,,,34號,120.68118954988,24.108240356412
臺中市大里區國光里5鄰六桂一路36號,66,6602800,6602800-021,5鄰,六桂一路,,,,,,36號,120.68123458886,24.108246138861
臺中市大里區國光里5鄰六桂一路38號,66,6602800,6602800-021,5鄰,六桂一路,,,,,,38號,120.68127106526,24.108253709311
臺中市大里區國光里5鄰六桂一路38之1號,66,6602800,6602800-021,5鄰,六桂一路,,,,,,38之1號,120.6813031231,24.108258019968
