FULL_ADDR,COUNTY,TOWN,VILLAGE,NEIGHBORHOOD,ROAD,SECTION,LANE,ALLEY,SUB_ALLEY,TONG,NUMBER,X,Y
臺中市北屯區仁美里9鄰崇德十五路1號,66,6600800,6600800-018,9鄰,崇德十五路,,,,,,1號,120.68732787899,24.194491839355
臺中市北屯區仁美里9鄰崇德十五路2號,66,6600800,6600800-018,9鄰,崇德十五路,,,,,,2號,120.68746398899,24.194688550052
臺中市北屯區仁美里9鄰崇德十五路3號,66,6600800,6600800-018,9鄰,崇德十五路,,,,,,3號,120.68717166336,24.194495103409
臺中市北屯區仁美里9鄰崇德十五路6號,66,6600800,6600800-018,9鄰,崇德十五路,,,,,,6號,120.68738055499,24.194684406061
臺中市北屯區仁美里9鄰崇德十五路8號,66,6600800,6600800-018,9鄰,崇德十五路,,,,,,8號,120.68734637181,24.194731378377
臺中市北屯區仁美里9鄰崇德十五路10號,66,6600800,6600800-018,9鄰,崇德十五路,,,,,,10號,120.68730199822,24.194694502142
臺中市北屯區仁美里9鄰崇德十五路12號,66,6600800,6600800-018,9鄰,崇德十五路,,,,,,12號,120.6872626235,24.194743089054
臺中市北屯區仁美里9鄰崇德十五路20號,66,6600800,6600800-018,9鄰,崇德十五路,,,,,,20號,120.68699849226,24.194778609689
臺中市北屯區仁美里9鄰崇德十五路40號,66,6600800,6600800-018,9鄰,崇德十五路,,,,,,40號,120.68675580818,24.194754463465
