FULL_ADDR,COUNTY,TOWN,VILLAGE,NEIGHBORHOOD,ROAD,SECTION,LANE,ALLEY,SUB_ALLEY,TONG,NUMBER,X,Y
臺中市梧棲區頂寮里6鄰八德東路32號,66,6601400,6601400-001,6鄰,八德東路,,,,,,32號,120.53567605091,24.263905425861
臺中市梧棲區頂寮里6鄰八德東路35號,66,6601400,6601400-001,6鄰,八德東路,,,,,,35號,120.53515150026,24.264150217666
臺中市梧棲區頂寮里6鄰八德東路37號,66,6601400,6601400-001,6鄰,八德東路,,,,,,37號,120.53519709369,24.264208901496
臺中市梧棲區頂寮里6鄰八德東路39號,66,6601400,6601400-001,6鄰,八德東路,,,,,,39號,120.53523464542,24.264279822211
臺中市梧棲區頂寮里6鄰八德東路100號,66,6601400,6601400-001,6鄰,八德東路,,,,,,100號,120.536062648,24.264732359155
