FULL_ADDR,COUNTY,TOWN,VILLAGE,NEIGHBORHOOD,ROAD,SECTION,LANE,ALLEY,SUB_ALLEY,TONG,NUMBER,X,Y
臺中市北屯區廍子里6鄰太安一街9號,66,6600800,6600800-013,6鄰,太安一街,,,,,,9號,120.737979847,24.159714044424
臺中市北屯區廍子里6鄰太安一街11號,66,6600800,6600800-013,6鄰,太安一街,,,,,,11號,120.73798106315,24.159754660423
臺中市北屯區廍子里6鄰太安一街13號,66,6600800,6600800-013,6鄰,太安一街,,,,,,13號,120.73798490419,24.159786919773
