FULL_ADDR,COUNTY,TOWN,VILLAGE,NEIGHBORHOOD,ROAD,SECTION,LANE,ALLEY,SUB_ALLEY,TONG,NUMBER,X,Y
臺中市東區干城里21鄰南京五街1號,66,6600200,6600200-005,21鄰,南京五街,,,,,,1號,120.68718745348,24.140505974247
臺中市東區干城里21鄰南京五街3號,66,6600200,6600200-005,21鄰,南京五街,,,,,,3號,120.68714983945,24.140509138696
臺中市東區干城里21鄰南京五街5號,66,6600200,6600200-005,21鄰,南京五街,,,,,,5號,120.68711752823,24.140508530719
臺中市東區干城里21鄰南京五街7號,66,6600200,6600200-005,21鄰,南京五街,,,,,,7號,120.68708228088,24.140509551024
臺中市東區干城里21鄰南京五街7之1號,66,6600200,6600200-005,21鄰,南京五街,,,,,,7之1號,120.68698668891,24.140510312165
臺中市東區干城里21鄰南京五街7之2號,66,6600200,6600200-005,21鄰,南京五街,,,,,,7之2號,120.68694719869,24.140475820445
