FULL_ADDR,COUNTY,TOWN,VILLAGE,NEIGHBORHOOD,ROAD,SECTION,LANE,ALLEY,SUB_ALLEY,TONG,NUMBER,X,Y
臺中市西屯區何仁里2鄰天水西五街1號,66,6600600,6600600-021,2鄰,天水西五街,,,,,,1號,120.65576315201,24.166557390094
臺中市西屯區何仁里2鄰天水西五街3號,66,6600600,6600600-021,2鄰,天水西五街,,,,,,3號,120.65571487004,24.166605109185
臺中市西屯區何仁里2鄰天水西五街5號,66,6600600,6600600-021,2鄰,天水西五街,,,,,,5號,120.65564514029,24.166676075366
臺中市西屯區何仁里2鄰天水西五街7號,66,6600600,6600600-021,2鄰,天水西五街,,,,,,7號,120.65559417152,24.166734804064
臺中市西屯區何仁里6鄰天水西五街25號,66,6600600,6600600-021,6鄰,天水西五街,,,,,,25號,120.65540683831,24.166944465057
臺中市西屯區何仁里6鄰天水西五街27號,66,6600600,6600600-021,6鄰,天水西五街,,,,,,27號,120.65530955437,24.167036605677
臺中市西屯區何仁里6鄰天水西五街29號,66,6600600,6600600-021,6鄰,天水西五街,,,,,,29號,120.65528359829,24.167063824452
臺中市西屯區何仁里6鄰天水西五街31號,66,6600600,6600600-021,6鄰,天水西五街,,,,,,31號,120.65525862469,24.167091659432
