FULL_ADDR,COUNTY,TOWN,VILLAGE,NEIGHBORHOOD,ROAD,SECTION,LANE,ALLEY,SUB_ALLEY,TONG,NUMBER,X,Y
臺中市北區賴厝里10鄰東漢街1號,66,6600500,6600500-015,10鄰,東漢街,,,,,,1號,120.67952344871,24.166516636281
臺中市北區賴厝里10鄰東漢街2號,66,6600500,6600500-015,10鄰,東漢街,,,,,,2號,120.67952295585,24.166355281882
臺中市北區賴厝里5鄰東漢街7號,66,6600500,6600500-015,5鄰,東漢街,,,,,,7號,120.67931905058,24.166162628859
臺中市北區賴厝里5鄰東漢街9號,66,6600500,6600500-015,5鄰,東漢街,,,,,,9號,120.67934650622,24.166013613037
臺中市北區賴厝里5鄰東漢街11號,66,6600500,6600500-015,5鄰,東漢街,,,,,,11號,120.67928671559,24.165763123251
