FULL_ADDR,COUNTY,TOWN,VILLAGE,NEIGHBORHOOD,ROAD,SECTION,LANE,ALLEY,SUB_ALLEY,TONG,NUMBER,X,Y
臺中市東勢區泰昌里4鄰東崎街文昌新村1號,66,6601000,6601000-008,4鄰,東崎街文昌新村,,,,,,1號,120.8334113766,24.25084549402
臺中市東勢區泰昌里2鄰東崎街文昌新村2號,66,6601000,6601000-008,2鄰,東崎街文昌新村,,,,,,2號,120.83340340522,24.250826162683
臺中市東勢區泰昌里4鄰東崎街文昌新村4號,66,6601000,6601000-008,4鄰,東崎街文昌新村,,,,,,4號,120.8333679624,24.250773221457
臺中市東勢區泰昌里2鄰東崎街文昌新村5號,66,6601000,6601000-008,2鄰,東崎街文昌新村,,,,,,5號,120.83340075282,24.250586758072
臺中市東勢區泰昌里4鄰東崎街文昌新村7號,66,6601000,6601000-008,4鄰,東崎街文昌新村,,,,,,7號,120.8332185791,24.250470695063
臺中市東勢區泰昌里4鄰東崎街文昌新村15號,66,6601000,6601000-008,4鄰,東崎街文昌新村,,,,,,15號,120.83360408267,24.250648018357
臺中市東勢區泰昌里3鄰東崎街文昌新村52號,66,6601000,6601000-008,3鄰,東崎街文昌新村,,,,,,52號,120.83381479924,24.249192958077
