FULL_ADDR,COUNTY,TOWN,VILLAGE,NEIGHBORHOOD,ROAD,SECTION,LANE,ALLEY,SUB_ALLEY,TONG,NUMBER,X,Y
臺中市西屯區惠來里15鄰惠中一街26號,66,6600600,6600600-005,15鄰,惠中一街,,,,,,26號,120.64402265789,24.162294308498
臺中市西屯區惠來里15鄰惠中一街28號,66,6600600,6600600-005,15鄰,惠中一街,,,,,,28號,120.64405560395,24.162337590427
臺中市西屯區惠來里15鄰惠中一街30號,66,6600600,6600600-005,15鄰,惠中一街,,,,,,30號,120.64420339803,24.162316003083
臺中市西屯區惠來里15鄰惠中一街32號,66,6600600,6600600-005,15鄰,惠中一街,,,,,,32號,120.64408753085,24.162386422972
臺中市西屯區惠來里15鄰惠中一街36號,66,6600600,6600600-005,15鄰,惠中一街,,,,,,36號,120.64410949037,24.162420469402
臺中市西屯區惠來里15鄰惠中一街38號,66,6600600,6600600-005,15鄰,惠中一街,,,,,,38號,120.64413141189,24.162464682698
臺中市西屯區惠來里15鄰惠中一街48號,66,6600600,6600600-005,15鄰,惠中一街,,,,,,48號,120.64430529012,24.162736155907
臺中市西屯區惠來里15鄰惠中一街50號,66,6600600,6600600-005,15鄰,惠中一街,,,,,,50號,120.64431955697,24.162850860895
