FULL_ADDR,COUNTY,TOWN,VILLAGE,NEIGHBORHOOD,ROAD,SECTION,LANE,ALLEY,SUB_ALLEY,TONG,NUMBER,X,Y
臺中市東勢區中寧里4鄰正一街1號,66,6601000,6601000-002,4鄰,正一街,,,,,,1號,120.82516794856,24.257460608008
臺中市東勢區中寧里4鄰正一街2號,66,6601000,6601000-002,4鄰,正一街,,,,,,2號,120.82537425214,24.257036948961
臺中市東勢區中寧里4鄰正一街7號,66,6601000,6601000-002,4鄰,正一街,,,,,,7號,120.82559274502,24.257365403704
臺中市東勢區中寧里4鄰正一街8號,66,6601000,6601000-002,4鄰,正一街,,,,,,8號,120.82563989295,24.257095781255
臺中市東勢區中寧里4鄰正一街9號,66,6601000,6601000-002,4鄰,正一街,,,,,,9號,120.82538151499,24.257531200176
