FULL_ADDR,COUNTY,TOWN,VILLAGE,NEIGHBORHOOD,ROAD,SECTION,LANE,ALLEY,SUB_ALLEY,TONG,NUMBER,X,Y
臺中市沙鹿區埔子里3鄰正英一街2巷1號,66,6601300,6601300-016,3鄰,正英一街,,2巷,,,,1號,120.5719689011,24.211591903213
臺中市沙鹿區埔子里3鄰正英一街2巷2號,66,6601300,6601300-016,3鄰,正英一街,,2巷,,,,2號,120.57202994704,24.21158945628
臺中市沙鹿區埔子里3鄰正英一街2巷3號,66,6601300,6601300-016,3鄰,正英一街,,2巷,,,,3號,120.57206484646,24.211574836797
臺中市沙鹿區埔子里3鄰正英一街2巷5號,66,6601300,6601300-016,3鄰,正英一街,,2巷,,,,5號,120.57210409956,24.211553638249
臺中市沙鹿區埔子里3鄰正英一街6號,66,6601300,6601300-016,3鄰,正英一街,,,,,,6號,120.57192429205,24.211801796114
臺中市沙鹿區埔子里3鄰正英一街12號,66,6601300,6601300-016,3鄰,正英一街,,,,,,12號,120.57171851514,24.212190735619
臺中市沙鹿區埔子里3鄰正英一街46號,66,6601300,6601300-016,3鄰,正英一街,,,,,,46號,120.57179078876,24.212481587437
臺中市沙鹿區埔子里3鄰正英一街50號,66,6601300,6601300-016,3鄰,正英一街,,,,,,50號,120.57150106462,24.212890606184
臺中市沙鹿區埔子里3鄰正英一街52號,66,6601300,6601300-016,3鄰,正英一街,,,,,,52號,120.57149540175,24.212935374878
