FULL_ADDR,COUNTY,TOWN,VILLAGE,NEIGHBORHOOD,ROAD,SECTION,LANE,ALLEY,SUB_ALLEY,TONG,NUMBER,X,Y
臺中市霧峰區本堂里8鄰法治北街1號,66,6602600,6602600-008,8鄰,法治北街,,,,,,1號,120.70016819063,24.060332092745
臺中市霧峰區本堂里8鄰法治北街2號,66,6602600,6602600-008,8鄰,法治北街,,,,,,2號,120.70007073996,24.060244307355
臺中市霧峰區本堂里8鄰法治北街3號,66,6602600,6602600-008,8鄰,法治北街,,,,,,3號,120.70020918752,24.060318628921
臺中市霧峰區本堂里8鄰法治北街4號,66,6602600,6602600-008,8鄰,法治北街,,,,,,4號,120.70015637538,24.060215933144
臺中市霧峰區本堂里8鄰法治北街5號,66,6602600,6602600-008,8鄰,法治北街,,,,,,5號,120.70025317626,24.060304078385
臺中市霧峰區本堂里8鄰法治北街7號,66,6602600,6602600-008,8鄰,法治北街,,,,,,7號,120.70029319901,24.060290883513
臺中市霧峰區本堂里8鄰法治北街8號,66,6602600,6602600-008,8鄰,法治北街,,,,,,8號,120.70026756512,24.060184367371
臺中市霧峰區本堂里8鄰法治北街10號,66,6602600,6602600-008,8鄰,法治北街,,,,,,10號,120.70044876324,24.060184487365
臺中市霧峰區本堂里8鄰法治北街12號,66,6602600,6602600-008,8鄰,法治北街,,,,,,12號,120.70039875355,24.060416346354
