FULL_ADDR,COUNTY,TOWN,VILLAGE,NEIGHBORHOOD,ROAD,SECTION,LANE,ALLEY,SUB_ALLEY,TONG,NUMBER,X,Y
臺中市后里區月眉里11鄰月眉西二路101號,66,6601500,6601500-017,11鄰,月眉西二路,,,,,,101號,120.69435198953,24.322414526417
臺中市后里區月眉里11鄰月眉西二路102號,66,6601500,6601500-017,11鄰,月眉西二路,,,,,,102號,120.69435198953,24.322414526417
