FULL_ADDR,COUNTY,TOWN,VILLAGE,NEIGHBORHOOD,ROAD,SECTION,LANE,ALLEY,SUB_ALLEY,TONG,NUMBER,X,Y
臺中市沙鹿區公明里16鄰樂群新莊62號,66,6601300,6601300-017,16鄰,樂群新莊,,,,,,62號,120.60391290277,24.242281074925
臺中市沙鹿區公明里14鄰樂群新莊67號,66,6601300,6601300-017,14鄰,樂群新莊,,,,,,67號,120.60342742413,24.242358111362
臺中市沙鹿區公明里17鄰樂群新莊81號,66,6601300,6601300-017,17鄰,樂群新莊,,,,,,81號,120.60390485779,24.241889766821
