FULL_ADDR,COUNTY,TOWN,VILLAGE,NEIGHBORHOOD,ROAD,SECTION,LANE,ALLEY,SUB_ALLEY,TONG,NUMBER,X,Y
臺中市南屯區三義里10鄰惠文六街1號,66,6600700,6600700-025,10鄰,惠文六街,,,,,,1號,120.64014824568,24.154366438877
臺中市南屯區三義里10鄰惠文六街3號,66,6600700,6600700-025,10鄰,惠文六街,,,,,,3號,120.64015058856,24.154267763435
臺中市南屯區三義里10鄰惠文六街5號,66,6600700,6600700-025,10鄰,惠文六街,,,,,,5號,120.64014986,24.154211680877
臺中市南屯區三義里10鄰惠文六街7號,66,6600700,6600700-025,10鄰,惠文六街,,,,,,7號,120.64014985815,24.154142074176
臺中市南屯區三義里10鄰惠文六街8號,66,6600700,6600700-025,10鄰,惠文六街,,,,,,8號,120.63989449136,24.154372837958
臺中市南屯區三義里10鄰惠文六街12號,66,6600700,6600700-025,10鄰,惠文六街,,,,,,12號,120.63981966699,24.154157818756
