FULL_ADDR,COUNTY,TOWN,VILLAGE,NEIGHBORHOOD,ROAD,SECTION,LANE,ALLEY,SUB_ALLEY,TONG,NUMBER,X,Y
臺中市清水區頂湳里16鄰海甲路99巷5號,66,6601200,6601200-025,16鄰,海甲路,,99巷,,,,5號,120.60876652782,24.308220110275
臺中市清水區頂湳里16鄰海甲路85巷8號,66,6601200,6601200-025,16鄰,海甲路,,85巷,,,,8號,120.6089857967,24.308005873292
臺中市清水區頂湳里16鄰海甲路111巷9號,66,6601200,6601200-025,16鄰,海甲路,,111巷,,,,9號,120.60646251168,24.309057572185
臺中市清水區頂湳里14鄰海甲路98巷18號,66,6601200,6601200-025,14鄰,海甲路,,98巷,,,,18號,120.61242415265,24.304900756198
臺中市清水區頂湳里16鄰海甲路71號,66,6601200,6601200-025,16鄰,海甲路,,,,,,71號,120.61046963232,24.305967923213
臺中市清水區頂湳里16鄰海甲路73號,66,6601200,6601200-025,16鄰,海甲路,,,,,,73號,120.61048920772,24.306023014672
臺中市清水區頂湳里16鄰海甲路75號,66,6601200,6601200-025,16鄰,海甲路,,,,,,75號,120.61049591903,24.306112699649
臺中市清水區頂湳里16鄰海甲路91號,66,6601200,6601200-025,16鄰,海甲路,,,,,,91號,120.60917974881,24.307947818965
臺中市清水區頂湳里16鄰海甲路101號,66,6601200,6601200-025,16鄰,海甲路,,,,,,101號,120.60828884208,24.308601287321
