FULL_ADDR,COUNTY,TOWN,VILLAGE,NEIGHBORHOOD,ROAD,SECTION,LANE,ALLEY,SUB_ALLEY,TONG,NUMBER,X,Y
臺中市外埔區六分里9鄰水頭二路1號,66,6602100,6602100-002,9鄰,水頭二路,,,,,,1號,120.68806993178,24.321976919826
臺中市外埔區六分里9鄰水頭二路6號,66,6602100,6602100-002,9鄰,水頭二路,,,,,,6號,120.68905579284,24.322231676069
臺中市外埔區六分里9鄰水頭二路8號,66,6602100,6602100-002,9鄰,水頭二路,,,,,,8號,120.68840685653,24.32228822209
臺中市外埔區六分里9鄰水頭二路20號,66,6602100,6602100-002,9鄰,水頭二路,,,,,,20號,120.68808155429,24.323545164215
臺中市外埔區六分里9鄰水頭二路28號,66,6602100,6602100-002,9鄰,水頭二路,,,,,,28號,120.68807029173,24.323633743694
臺中市外埔區六分里9鄰水頭二路32號,66,6602100,6602100-002,9鄰,水頭二路,,,,,,32號,120.68861312359,24.324234201188
臺中市外埔區六分里9鄰水頭二路36號,66,6602100,6602100-002,9鄰,水頭二路,,,,,,36號,120.68805219321,24.32458696337
臺中市外埔區六分里9鄰水頭二路355號,66,6602100,6602100-002,9鄰,水頭二路,,,,,,355號,120.68136874054,24.326895113459
臺中市外埔區六分里10鄰水頭二路555號,66,6602100,6602100-002,10鄰,水頭二路,,,,,,555號,120.67119583658,24.323385912007
