FULL_ADDR,COUNTY,TOWN,VILLAGE,NEIGHBORHOOD,ROAD,SECTION,LANE,ALLEY,SUB_ALLEY,TONG,NUMBER,X,Y
臺中市后里區月眉里11鄰月眉南路188號,66,6601500,6601500-017,11鄰,月眉南路,,,,,,188號,120.69435198953,24.322414526417
臺中市后里區月眉里11鄰月眉南路199號,66,6601500,6601500-017,11鄰,月眉南路,,,,,,199號,120.68944507949,24.321160708609
