FULL_ADDR,COUNTY,TOWN,VILLAGE,NEIGHBORHOOD,ROAD,SECTION,LANE,ALLEY,SUB_ALLEY,TONG,NUMBER,X,Y
臺中市梧棲區南簡里26鄰民和六街126號,66,6601400,6601400-008,26鄰,民和六街,,,,,,126號,120.55335484749,24.256060667035
臺中市梧棲區南簡里26鄰民和六街128號,66,6601400,6601400-008,26鄰,民和六街,,,,,,128號,120.55330138054,24.256069421752
