FULL_ADDR,COUNTY,TOWN,VILLAGE,NEIGHBORHOOD,ROAD,SECTION,LANE,ALLEY,SUB_ALLEY,TONG,NUMBER,X,Y
臺中市大里區仁化里12鄰振坤街98號,66,6602800,6602800-014,12鄰,振坤街,,,,,,98號,120.70273054126,24.096780081939
臺中市大里區仁化里12鄰振坤街100號,66,6602800,6602800-014,12鄰,振坤街,,,,,,100號,120.70263778496,24.096738276086
