FULL_ADDR,COUNTY,TOWN,VILLAGE,NEIGHBORHOOD,ROAD,SECTION,LANE,ALLEY,SUB_ALLEY,TONG,NUMBER,X,Y
臺中市神岡區豐洲里27鄰東洲一街11號,66,6601600,6601600-010,27鄰,東洲一街,,,,,,11號,120.71139769702,24.260003390801
臺中市神岡區豐洲里27鄰東洲一街13號,66,6601600,6601600-010,27鄰,東洲一街,,,,,,13號,120.71133902257,24.260023577088
臺中市神岡區豐洲里27鄰東洲一街25號,66,6601600,6601600-010,27鄰,東洲一街,,,,,,25號,120.71103253885,24.260156184771
臺中市神岡區豐洲里27鄰東洲一街47號,66,6601600,6601600-010,27鄰,東洲一街,,,,,,47號,120.71062927619,24.260312977533
臺中市神岡區豐洲里27鄰東洲一街53號,66,6601600,6601600-010,27鄰,東洲一街,,,,,,53號,120.71052104402,24.260354486456
臺中市神岡區豐洲里27鄰東洲一街61號,66,6601600,6601600-010,27鄰,東洲一街,,,,,,61號,120.71028732681,24.260445236316
臺中市神岡區豐洲里27鄰東洲一街75號,66,6601600,6601600-010,27鄰,東洲一街,,,,,,75號,120.71001078499,24.26057606602
臺中市神岡區豐洲里27鄰東洲一街77號,66,6601600,6601600-010,27鄰,東洲一街,,,,,,77號,120.70993898936,24.260592913031
