FULL_ADDR,COUNTY,TOWN,VILLAGE,NEIGHBORHOOD,ROAD,SECTION,LANE,ALLEY,SUB_ALLEY,TONG,NUMBER,X,Y
臺中市西屯區西墩里8鄰江西厝巷26號,66,6600600,6600600-002,8鄰,江西厝巷,,,,,,26號,120.632418875,24.182486271804
臺中市西屯區福安里1鄰江西厝巷4號,66,6600600,6600600-019,1鄰,江西厝巷,,,,,,4號,120.62967395536,24.179901790827
臺中市西屯區福安里1鄰江西厝巷20號,66,6600600,6600600-019,1鄰,江西厝巷,,,,,,20號,120.631178456,24.181241096785
臺中市西屯區福安里1鄰江西厝巷20之1號,66,6600600,6600600-019,1鄰,江西厝巷,,,,,,20之1號,120.63180330216,24.181942959922
臺中市西屯區福安里1鄰江西厝巷20之2號,66,6600600,6600600-019,1鄰,江西厝巷,,,,,,20之2號,120.63103908546,24.181545902715
臺中市西屯區福安里1鄰江西厝巷20之3號,66,6600600,6600600-019,1鄰,江西厝巷,,,,,,20之3號,120.63119665807,24.181034497644
臺中市西屯區福安里1鄰江西厝巷20之5號,66,6600600,6600600-019,1鄰,江西厝巷,,,,,,20之5號,120.63114494024,24.180810366136
臺中市西屯區福安里1鄰江西厝巷20之6號,66,6600600,6600600-019,1鄰,江西厝巷,,,,,,20之6號,120.63016464518,24.180500726489
