FULL_ADDR,COUNTY,TOWN,VILLAGE,NEIGHBORHOOD,ROAD,SECTION,LANE,ALLEY,SUB_ALLEY,TONG,NUMBER,X,Y
臺中市南屯區文山里18鄰精科北路3號,66,6600700,6600700-007,18鄰,精科北路,,,,,,3號,120.6027359179,24.149511409895
臺中市南屯區文山里18鄰精科北路7號,66,6600700,6600700-007,18鄰,精科北路,,,,,,7號,120.60002042467,24.150488181037
臺中市南屯區文山里18鄰精科北路17號,66,6600700,6600700-007,18鄰,精科北路,,,,,,17號,120.59606668367,24.153243986438
臺中市南屯區文山里18鄰精科北路25號,66,6600700,6600700-007,18鄰,精科北路,,,,,,25號,120.5942508031,24.154210697786
臺中市南屯區文山里18鄰精科北路27號,66,6600700,6600700-007,18鄰,精科北路,,,,,,27號,120.59382998051,24.154178662129
臺中市南屯區文山里18鄰精科北路688巷501之1號,66,6600700,6600700-007,18鄰,精科北路,,688巷,,,,501之1號,120.58261326831,24.155824066853
