FULL_ADDR,COUNTY,TOWN,VILLAGE,NEIGHBORHOOD,ROAD,SECTION,LANE,ALLEY,SUB_ALLEY,TONG,NUMBER,X,Y
臺中市南屯區三厝里1鄰益昌五街56號,66,6600700,6600700-010,1鄰,益昌五街,,,,,,56號,120.63266597685,24.143699859573
臺中市南屯區三厝里1鄰益昌五街60號,66,6600700,6600700-010,1鄰,益昌五街,,,,,,60號,120.63245122992,24.143712480261
臺中市南屯區三厝里1鄰益昌五街85號,66,6600700,6600700-010,1鄰,益昌五街,,,,,,85號,120.63187467273,24.143479995432
臺中市南屯區三厝里1鄰益昌五街87號,66,6600700,6600700-010,1鄰,益昌五街,,,,,,87號,120.63182780692,24.143479882404
臺中市南屯區三厝里1鄰益昌五街89號,66,6600700,6600700-010,1鄰,益昌五街,,,,,,89號,120.63177182925,24.143483332008
臺中市南屯區三厝里1鄰益昌五街91號,66,6600700,6600700-010,1鄰,益昌五街,,,,,,91號,120.63172757092,24.143483225239
