FULL_ADDR,COUNTY,TOWN,VILLAGE,NEIGHBORHOOD,ROAD,SECTION,LANE,ALLEY,SUB_ALLEY,TONG,NUMBER,X,Y
臺中市西屯區福安里2鄰福誠路12號,66,6600600,6600600-019,2鄰,福誠路,,,,,,12號,120.62740415206,24.183709867308
臺中市西屯區福安里2鄰福誠路66號,66,6600600,6600600-019,2鄰,福誠路,,,,,,66號,120.62644964868,24.183577077239
臺中市西屯區福安里2鄰福誠路98號,66,6600600,6600600-019,2鄰,福誠路,,,,,,98號,120.62624427743,24.182858578294
臺中市西屯區福安里2鄰福誠路99號,66,6600600,6600600-019,2鄰,福誠路,,,,,,99號,120.62640101629,24.182170772267
