FULL_ADDR,COUNTY,TOWN,VILLAGE,NEIGHBORHOOD,ROAD,SECTION,LANE,ALLEY,SUB_ALLEY,TONG,NUMBER,X,Y
臺中市大里區立仁里3鄰甲堤二街1號,66,6602800,6602800-010,3鄰,甲堤二街,,,,,,1號,120.69677772195,24.106256591695
臺中市大里區立仁里3鄰甲堤二街3號,66,6602800,6602800-010,3鄰,甲堤二街,,,,,,3號,120.69681220345,24.10624260138
臺中市大里區立仁里3鄰甲堤二街5號,66,6602800,6602800-010,3鄰,甲堤二街,,,,,,5號,120.69685435444,24.10622161948
臺中市大里區立仁里3鄰甲堤二街7號,66,6602800,6602800-010,3鄰,甲堤二街,,,,,,7號,120.6968907557,24.10621112732
臺中市大里區立仁里3鄰甲堤二街9號,66,6602800,6602800-010,3鄰,甲堤二街,,,,,,9號,120.69693482647,24.106193634542
臺中市大里區立仁里3鄰甲堤二街11號,66,6602800,6602800-010,3鄰,甲堤二街,,,,,,11號,120.69696930632,24.106176149822
臺中市大里區立仁里3鄰甲堤二街13號,66,6602800,6602800-010,3鄰,甲堤二街,,,,,,13號,120.69700954302,24.106174396638
臺中市大里區立仁里3鄰甲堤二街15號,66,6602800,6602800-010,3鄰,甲堤二街,,,,,,15號,120.69705935184,24.10616390393
