FULL_ADDR,COUNTY,TOWN,VILLAGE,NEIGHBORHOOD,ROAD,SECTION,LANE,ALLEY,SUB_ALLEY,TONG,NUMBER,X,Y
臺中市西區公德里7鄰精誠二十五街2號,66,6600400,6600400-023,7鄰,精誠二十五街,,,,,,2號,120.65611578809,24.146048616311
臺中市西區公德里7鄰精誠二十五街6號,66,6600400,6600400-023,7鄰,精誠二十五街,,,,,,6號,120.656114203,24.146015845421
臺中市西區公德里16鄰精誠二十五街8號,66,6600400,6600400-023,16鄰,精誠二十五街,,,,,,8號,120.65611318249,24.145978010368
臺中市西區公德里7鄰精誠二十五街10號,66,6600400,6600400-023,7鄰,精誠二十五街,,,,,,10號,120.65611499096,24.145930971804
臺中市西區公德里16鄰精誠二十五街12號,66,6600400,6600400-023,16鄰,精誠二十五街,,,,,,12號,120.65610532376,24.145829677427
臺中市西區公德里7鄰精誠二十五街14號,66,6600400,6600400-023,7鄰,精誠二十五街,,,,,,14號,120.65610347554,24.145748147738
臺中市西區公德里7鄰精誠二十五街16號,66,6600400,6600400-023,7鄰,精誠二十五街,,,,,,16號,120.65610391327,24.14569487587
臺中市西區公德里7鄰精誠二十五街18號,66,6600400,6600400-023,7鄰,精誠二十五街,,,,,,18號,120.65610180064,24.145638618587
