FULL_ADDR,COUNTY,TOWN,VILLAGE,NEIGHBORHOOD,ROAD,SECTION,LANE,ALLEY,SUB_ALLEY,TONG,NUMBER,X,Y
臺中市南區福興里12鄰福和街31號,66,6600300,6600300-008,12鄰,福和街,,,,,,31號,120.66607310019,24.125194333514
臺中市南區福興里12鄰福和街33號,66,6600300,6600300-008,12鄰,福和街,,,,,,33號,120.6661013706,24.125165826526
臺中市南區福興里12鄰福和街33之1號,66,6600300,6600300-008,12鄰,福和街,,,,,,33之1號,120.66610662708,24.125145774851
臺中市南區福興里12鄰福和街35號,66,6600300,6600300-008,12鄰,福和街,,,,,,35號,120.66612896029,24.125164577585
臺中市南區福興里12鄰福和街37號,66,6600300,6600300-008,12鄰,福和街,,,,,,37號,120.66617136341,24.125126557476
臺中市南區福興里12鄰福和街39號,66,6600300,6600300-008,12鄰,福和街,,,,,,39號,120.66618772737,24.125076128328
