FULL_ADDR,COUNTY,TOWN,VILLAGE,NEIGHBORHOOD,ROAD,SECTION,LANE,ALLEY,SUB_ALLEY,TONG,NUMBER,X,Y
臺中市西屯區協和里1鄰玉成路2號,66,6600600,6600600-020,1鄰,玉成路,,,,,,2號,120.62017148727,24.176923607641
臺中市西屯區協和里1鄰玉成路6號,66,6600600,6600600-020,1鄰,玉成路,,,,,,6號,120.6200159173,24.176974984676
臺中市西屯區協和里1鄰玉成路8號,66,6600600,6600600-020,1鄰,玉成路,,,,,,8號,120.6198630289,24.177021483419
臺中市西屯區協和里1鄰玉成路10號,66,6600600,6600600-020,1鄰,玉成路,,,,,,10號,120.61970746074,24.177065528401
臺中市西屯區協和里1鄰玉成路12號,66,6600600,6600600-020,1鄰,玉成路,,,,,,12號,120.61954921593,24.177119354237
臺中市西屯區協和里1鄰玉成路16號,66,6600600,6600600-020,1鄰,玉成路,,,,,,16號,120.61940437395,24.177180527041
