FULL_ADDR,COUNTY,TOWN,VILLAGE,NEIGHBORHOOD,ROAD,SECTION,LANE,ALLEY,SUB_ALLEY,TONG,NUMBER,X,Y
臺中市大里區大里里12鄰瓦?路26號,66,6602800,6602800-001,12鄰,瓦?路,,,,,,26號,120.66796316781,24.095572762313
臺中市大里區大里里10鄰瓦?路47號,66,6602800,6602800-001,10鄰,瓦?路,,,,,,47號,120.6677899116,24.094983508851
