FULL_ADDR,COUNTY,TOWN,VILLAGE,NEIGHBORHOOD,ROAD,SECTION,LANE,ALLEY,SUB_ALLEY,TONG,NUMBER,X,Y
臺中市南屯區永定里2鄰益文一街20號,66,6600700,6600700-009,2鄰,益文一街,,,,,,20號,120.63409938133,24.137185085433
臺中市南屯區永定里2鄰益文一街22號,66,6600700,6600700-009,2鄰,益文一街,,,,,,22號,120.63410877492,24.137241387528
臺中市南屯區永定里2鄰益文一街26號,66,6600700,6600700-009,2鄰,益文一街,,,,,,26號,120.63412218292,24.137297681184
臺中市南屯區永定里2鄰益文一街28號,66,6600700,6600700-009,2鄰,益文一街,,,,,,28號,120.63415034556,24.137358876983
臺中市南屯區永定里2鄰益文一街155號,66,6600700,6600700-009,2鄰,益文一街,,,,,,155號,120.63481052796,24.139979638329
臺中市南屯區永定里2鄰益文一街161號,66,6600700,6600700-009,2鄰,益文一街,,,,,,161號,120.63488149432,24.140164998811
臺中市南屯區永定里2鄰益文一街163號,66,6600700,6600700-009,2鄰,益文一街,,,,,,163號,120.63489222603,24.140224969934
臺中市南屯區永定里2鄰益文一街165號,66,6600700,6600700-009,2鄰,益文一街,,,,,,165號,120.63490717494,24.14028978181
