FULL_ADDR,COUNTY,TOWN,VILLAGE,NEIGHBORHOOD,ROAD,SECTION,LANE,ALLEY,SUB_ALLEY,TONG,NUMBER,X,Y
臺中市西屯區福林里10鄰福安北巷15號,66,6600600,6600600-038,10鄰,福安北巷,,,,,,15號,120.61533636836,24.185677215648
臺中市西屯區福林里10鄰福安北巷16號,66,6600600,6600600-038,10鄰,福安北巷,,,,,,16號,120.61544705439,24.186053751636
臺中市西屯區福雅里8鄰福安北巷19號,66,6600600,6600600-039,8鄰,福安北巷,,,,,,19號,120.61854570421,24.183165782386
