FULL_ADDR,COUNTY,TOWN,VILLAGE,NEIGHBORHOOD,ROAD,SECTION,LANE,ALLEY,SUB_ALLEY,TONG,NUMBER,X,Y
臺中市北屯區廍子里5鄰祥順六街16號,66,6600800,6600800-013,5鄰,祥順六街,,,,,,16號,120.73246701194,24.169696708947
臺中市北屯區廍子里5鄰祥順六街88號,66,6600800,6600800-013,5鄰,祥順六街,,,,,,88號,120.73143302554,24.169747487553
臺中市北屯區廍子里5鄰祥順六街123號,66,6600800,6600800-013,5鄰,祥順六街,,,,,,123號,120.73022542219,24.169554088533
臺中市北屯區廍子里5鄰祥順六街125號,66,6600800,6600800-013,5鄰,祥順六街,,,,,,125號,120.7300188914,24.169560206146
臺中市北屯區廍子里5鄰祥順六街136號,66,6600800,6600800-013,5鄰,祥順六街,,,,,,136號,120.73021201492,24.16980368915
臺中市北屯區廍子里5鄰祥順六街142號,66,6600800,6600800-013,5鄰,祥順六街,,,,,,142號,120.73008702448,24.169827467923
