FULL_ADDR,COUNTY,TOWN,VILLAGE,NEIGHBORHOOD,ROAD,SECTION,LANE,ALLEY,SUB_ALLEY,TONG,NUMBER,X,Y
臺中市大雅區橫山里13鄰科雅二路6號,66,6601800,6601800-006,13鄰,科雅二路,,,,,,6號,120.62189462872,24.216163150588
臺中市大雅區橫山里13鄰科雅二路6之1號,66,6601800,6601800-006,13鄰,科雅二路,,,,,,6之1號,120.62187955842,24.216749279238
臺中市大雅區橫山里13鄰科雅二路8號,66,6601800,6601800-006,13鄰,科雅二路,,,,,,8號,120.62109625834,24.216454091519
