FULL_ADDR,COUNTY,TOWN,VILLAGE,NEIGHBORHOOD,ROAD,SECTION,LANE,ALLEY,SUB_ALLEY,TONG,NUMBER,X,Y
臺中市南屯區文山里18鄰精科一路1號,66,6600700,6600700-007,18鄰,精科一路,,,,,,1號,120.59947237986,24.146774807923
臺中市南屯區文山里18鄰精科一路3號,66,6600700,6600700-007,18鄰,精科一路,,,,,,3號,120.60000178809,24.147535303949
臺中市南屯區文山里18鄰精科一路6號,66,6600700,6600700-007,18鄰,精科一路,,,,,,6號,120.60055470729,24.146371878406
臺中市南屯區文山里18鄰精科一路7號,66,6600700,6600700-007,18鄰,精科一路,,,,,,7號,120.60106384108,24.148526886551
臺中市南屯區文山里18鄰精科一路8號,66,6600700,6600700-007,18鄰,精科一路,,,,,,8號,120.60129184791,24.146660475662
臺中市南屯區文山里18鄰精科一路9號,66,6600700,6600700-007,18鄰,精科一路,,,,,,9號,120.60121809593,24.149255183148
臺中市南屯區文山里18鄰精科一路10號,66,6600700,6600700-007,18鄰,精科一路,,,,,,10號,120.6013801936,24.147592038285
臺中市南屯區文山里18鄰精科一路11號,66,6600700,6600700-007,18鄰,精科一路,,,,,,11號,120.60153657559,24.149840126536
臺中市南屯區文山里18鄰精科一路12號,66,6600700,6600700-007,18鄰,精科一路,,,,,,12號,120.6018899106,24.148176676765
