FULL_ADDR,COUNTY,TOWN,VILLAGE,NEIGHBORHOOD,ROAD,SECTION,LANE,ALLEY,SUB_ALLEY,TONG,NUMBER,X,Y
臺中市北屯區新平里9鄰經貿東路133號,66,6600800,6600800-025,9鄰,經貿東路,,,,,,133號,120.65901627555,24.184470937278
臺中市北屯區新平里9鄰經貿東路153號,66,6600800,6600800-025,9鄰,經貿東路,,,,,,153號,120.65896531535,24.185131565974
臺中市北屯區新平里9鄰經貿東路155號,66,6600800,6600800-025,9鄰,經貿東路,,,,,,155號,120.65893044242,24.185283269695
臺中市北屯區新平里9鄰經貿東路157號,66,6600800,6600800-025,9鄰,經貿東路,,,,,,157號,120.65886070401,24.185346887268
