FULL_ADDR,COUNTY,TOWN,VILLAGE,NEIGHBORHOOD,ROAD,SECTION,LANE,ALLEY,SUB_ALLEY,TONG,NUMBER,X,Y
臺中市西屯區福中里12鄰福中一街37號,66,6600600,6600600-034,12鄰,福中一街,,,,,,37號,120.61622996541,24.182296415606
臺中市西屯區福中里12鄰福中一街39號,66,6600600,6600600-034,12鄰,福中一街,,,,,,39號,120.61601830236,24.182216876942
臺中市西屯區福中里12鄰福中一街41號,66,6600600,6600600-034,12鄰,福中一街,,,,,,41號,120.61601946363,24.182157729398
臺中市西屯區福中里12鄰福中一街43號,66,6600600,6600600-034,12鄰,福中一街,,,,,,43號,120.61601269736,24.182116448787
臺中市西屯區福中里12鄰福中一街45號,66,6600600,6600600-034,12鄰,福中一街,,,,,,45號,120.61600603088,24.182074716966
臺中市西屯區福中里12鄰福中一街47號,66,6600600,6600600-034,12鄰,福中一街,,,,,,47號,120.61600290229,24.1820347999
臺中市西屯區福中里12鄰福中一街49號,66,6600600,6600600-034,12鄰,福中一街,,,,,,49號,120.61599632718,24.181995424936
臺中市西屯區福中里12鄰福中一街51號,66,6600600,6600600-034,12鄰,福中一街,,,,,,51號,120.61598936949,24.181952337996
