FULL_ADDR,COUNTY,TOWN,VILLAGE,NEIGHBORHOOD,ROAD,SECTION,LANE,ALLEY,SUB_ALLEY,TONG,NUMBER,X,Y
臺中市北區建成里25鄰立林街42號,66,6600500,6600500-008,25鄰,立林街,,,,,,42號,120.69933461755,24.154250398129
臺中市北區建成里25鄰立林街46號,66,6600500,6600500-008,25鄰,立林街,,,,,,46號,120.69930473904,24.154259991592
