FULL_ADDR,COUNTY,TOWN,VILLAGE,NEIGHBORHOOD,ROAD,SECTION,LANE,ALLEY,SUB_ALLEY,TONG,NUMBER,X,Y
臺中市東區東勢里24鄰福明街118號,66,6600200,6600200-012,24鄰,福明街,,,,,,118號,120.69372596395,24.146428941497
臺中市東區東勢里23鄰福明街122號,66,6600200,6600200-012,23鄰,福明街,,,,,,122號,120.69337299608,24.146400521855
臺中市東區東勢里23鄰福明街126號,66,6600200,6600200-012,23鄰,福明街,,,,,,126號,120.69325100511,24.14639472371
臺中市東區東勢里23鄰福明街128號,66,6600200,6600200-012,23鄰,福明街,,,,,,128號,120.69316360793,24.146402665402
臺中市東區東勢里23鄰福明街132號,66,6600200,6600200-012,23鄰,福明街,,,,,,132號,120.69303012379,24.146421665573
