FULL_ADDR,COUNTY,TOWN,VILLAGE,NEIGHBORHOOD,ROAD,SECTION,LANE,ALLEY,SUB_ALLEY,TONG,NUMBER,X,Y
臺中市梧棲區草湳里13鄰緯六路6號,66,6601400,6601400-007,13鄰,緯六路,,,,,,6號,120.51494799203,24.243696031538
臺中市梧棲區草湳里13鄰緯六路6之1號,66,6601400,6601400-007,13鄰,緯六路,,,,,,6之1號,120.51486669468,24.244975932483
臺中市梧棲區草湳里13鄰緯六路8號,66,6601400,6601400-007,13鄰,緯六路,,,,,,8號,120.51395063218,24.244231054218
臺中市梧棲區草湳里13鄰緯六路15號,66,6601400,6601400-007,13鄰,緯六路,,,,,,15號,120.5115334658,24.244202556602
臺中市梧棲區草湳里13鄰緯六路17號,66,6601400,6601400-007,13鄰,緯六路,,,,,,17號,120.51137145726,24.244527814364
臺中市梧棲區草湳里13鄰緯六路18號,66,6601400,6601400-007,13鄰,緯六路,,,,,,18號,120.51174723033,24.244863005834
