FULL_ADDR,COUNTY,TOWN,VILLAGE,NEIGHBORHOOD,ROAD,SECTION,LANE,ALLEY,SUB_ALLEY,TONG,NUMBER,X,Y
臺中市北區頂厝里14鄰賴厝東巷7之4號,66,6600500,6600500-014,14鄰,賴厝東巷,,,,,,7之4號,120.68285353863,24.166517411144
臺中市北區頂厝里14鄰賴厝東巷7之5號,66,6600500,6600500-014,14鄰,賴厝東巷,,,,,,7之5號,120.68283231889,24.166462288361
臺中市北區頂厝里14鄰賴厝東巷7之6號,66,6600500,6600500-014,14鄰,賴厝東巷,,,,,,7之6號,120.68281251622,24.166391276972
