FULL_ADDR,COUNTY,TOWN,VILLAGE,NEIGHBORHOOD,ROAD,SECTION,LANE,ALLEY,SUB_ALLEY,TONG,NUMBER,X,Y
臺中市北屯區新平里19鄰虎一巷19號,66,6600800,6600800-025,19鄰,虎一巷,,,,,,19號,120.66604249577,24.180698923356
臺中市北屯區新平里19鄰虎一巷21號,66,6600800,6600800-025,19鄰,虎一巷,,,,,,21號,120.66592931185,24.180659253652
臺中市北屯區新平里5鄰虎一巷5弄31號,66,6600800,6600800-025,5鄰,虎一巷,,,5弄,,,31號,120.66582509428,24.179489618346
臺中市北屯區新平里19鄰虎一巷31號,66,6600800,6600800-025,19鄰,虎一巷,,,,,,31號,120.66563937471,24.180484281127
