FULL_ADDR,COUNTY,TOWN,VILLAGE,NEIGHBORHOOD,ROAD,SECTION,LANE,ALLEY,SUB_ALLEY,TONG,NUMBER,X,Y
臺中市豐原區三村里11鄰豐原大道一段五九五街31號,66,6600900,6600900-020,11鄰,豐原大道一段五九五街,,,,,,31號,120.704361351,24.23836202708
臺中市豐原區三村里11鄰豐原大道一段五九五街32號,66,6600900,6600900-020,11鄰,豐原大道一段五九五街,,,,,,32號,120.70444307578,24.238210684577
臺中市豐原區三村里11鄰豐原大道一段五九五街37號,66,6600900,6600900-020,11鄰,豐原大道一段五九五街,,,,,,37號,120.70448286618,24.238449954812
臺中市豐原區三村里11鄰豐原大道一段五九五街38號,66,6600900,6600900-020,11鄰,豐原大道一段五九五街,,,,,,38號,120.70447406724,24.238239177758
臺中市豐原區三村里11鄰豐原大道一段五九五街39號,66,6600900,6600900-020,11鄰,豐原大道一段五九五街,,,,,,39號,120.7045212721,24.238512728255
臺中市豐原區三村里11鄰豐原大道一段五九五街42號,66,6600900,6600900-020,11鄰,豐原大道一段五九五街,,,,,,42號,120.70454697522,24.238302641198
臺中市豐原區三村里11鄰豐原大道一段五九五街46號,66,6600900,6600900-020,11鄰,豐原大道一段五九五街,,,,,,46號,120.70457831151,24.238339604432
臺中市豐原區三村里11鄰豐原大道一段五九五街48號,66,6600900,6600900-020,11鄰,豐原大道一段五九五街,,,,,,48號,120.70461411664,24.23837303688
臺中市豐原區三村里11鄰豐原大道一段五九五街50號,66,6600900,6600900-020,11鄰,豐原大道一段五九五街,,,,,,50號,120.7046446549,24.238405935404
