FULL_ADDR,COUNTY,TOWN,VILLAGE,NEIGHBORHOOD,ROAD,SECTION,LANE,ALLEY,SUB_ALLEY,TONG,NUMBER,X,Y
臺中市梧棲區草湳里13鄰自強南路450號,66,6601400,6601400-007,13鄰,自強南路,,,,,,450號,120.51951672076,24.232641111313
臺中市梧棲區草湳里13鄰自強南路452號,66,6601400,6601400-007,13鄰,自強南路,,,,,,452號,120.51892396047,24.232829446021
臺中市梧棲區草湳里13鄰自強南路454號,66,6601400,6601400-007,13鄰,自強南路,,,,,,454號,120.51835801151,24.233022666704
