FULL_ADDR,COUNTY,TOWN,VILLAGE,NEIGHBORHOOD,ROAD,SECTION,LANE,ALLEY,SUB_ALLEY,TONG,NUMBER,X,Y
臺中市潭子區聚興里12鄰興豐山莊東七巷6號,66,6601700,6601700-013,12鄰,興豐山莊東七巷,,,,,,6號,120.72756803313,24.201715003853
臺中市潭子區聚興里12鄰興豐山莊東七巷8號,66,6601700,6601700-013,12鄰,興豐山莊東七巷,,,,,,8號,120.72749153265,24.201660176759
臺中市潭子區聚興里12鄰興豐山莊東七巷10號,66,6601700,6601700-013,12鄰,興豐山莊東七巷,,,,,,10號,120.7274334206,24.201647251254
臺中市潭子區聚興里12鄰興豐山莊東七巷12號,66,6601700,6601700-013,12鄰,興豐山莊東七巷,,,,,,12號,120.72738527555,24.20164599132
臺中市潭子區聚興里12鄰興豐山莊東七巷14號,66,6601700,6601700-013,12鄰,興豐山莊東七巷,,,,,,14號,120.72731759731,24.201664380229
