FULL_ADDR,COUNTY,TOWN,VILLAGE,NEIGHBORHOOD,ROAD,SECTION,LANE,ALLEY,SUB_ALLEY,TONG,NUMBER,X,Y
臺中市豐原區社皮里27鄰西勢五街2號,66,6600900,6600900-019,27鄰,西勢五街,,,,,,2號,120.70437698744,24.24339171757
臺中市豐原區社皮里27鄰西勢五街12號,66,6600900,6600900-019,27鄰,西勢五街,,,,,,12號,120.70437966974,24.243287778509
臺中市豐原區社皮里27鄰西勢五街16號,66,6600900,6600900-019,27鄰,西勢五街,,,,,,16號,120.70437832673,24.243242530526
臺中市豐原區社皮里27鄰西勢五街18號,66,6600900,6600900-019,27鄰,西勢五街,,,,,,18號,120.70437832011,24.243198513111
臺中市豐原區社皮里27鄰西勢五街20號,66,6600900,6600900-019,27鄰,西勢五街,,,,,,20號,120.70437832756,24.243156933611
臺中市豐原區社皮里27鄰西勢五街22號,66,6600900,6600900-019,27鄰,西勢五街,,,,,,22號,120.70438100224,24.243111693431
臺中市豐原區社皮里27鄰西勢五街26號,66,6600900,6600900-019,27鄰,西勢五街,,,,,,26號,120.70437832171,24.243035869941
