FULL_ADDR,COUNTY,TOWN,VILLAGE,NEIGHBORHOOD,ROAD,SECTION,LANE,ALLEY,SUB_ALLEY,TONG,NUMBER,X,Y
臺中市后里區公館里7鄰重劃西路536巷36號,66,6601500,6601500-016,7鄰,重劃西路,,536巷,,,,36號,120.7179060104,24.342138602514
臺中市后里區公館里7鄰重劃西路500巷50號,66,6601500,6601500-016,7鄰,重劃西路,,500巷,,,,50號,120.71878215337,24.342122315283
臺中市后里區公館里3鄰重劃西路137號,66,6601500,6601500-016,3鄰,重劃西路,,,,,,137號,120.72748101868,24.337070250451
