FULL_ADDR,COUNTY,TOWN,VILLAGE,NEIGHBORHOOD,ROAD,SECTION,LANE,ALLEY,SUB_ALLEY,TONG,NUMBER,X,Y
臺中市龍井區南寮里1鄰鄉界路101號,66,6602500,6602500-014,1鄰,鄉界路,,,,,,101號,120.57172326868,24.176283505096
臺中市龍井區南寮里1鄰鄉界路115號,66,6602500,6602500-014,1鄰,鄉界路,,,,,,115號,120.57240766432,24.17605418782
臺中市龍井區南寮里1鄰鄉界路123號,66,6602500,6602500-014,1鄰,鄉界路,,,,,,123號,120.57260484281,24.176130315002
