FULL_ADDR,COUNTY,TOWN,VILLAGE,NEIGHBORHOOD,ROAD,SECTION,LANE,ALLEY,SUB_ALLEY,TONG,NUMBER,X,Y
臺中市后里區廣福里9鄰馬場路1號,66,6601500,6601500-001,9鄰,馬場路,,,,,,1號,120.72483919982,24.297665053109
臺中市后里區廣福里9鄰馬場路292號,66,6601500,6601500-001,9鄰,馬場路,,,,,,292號,120.72789923861,24.298532289274
臺中市后里區廣福里9鄰馬場路300號,66,6601500,6601500-001,9鄰,馬場路,,,,,,300號,120.72450901906,24.298243061138
