FULL_ADDR,COUNTY,TOWN,VILLAGE,NEIGHBORHOOD,ROAD,SECTION,LANE,ALLEY,SUB_ALLEY,TONG,NUMBER,X,Y
臺中市烏日區三和里5鄰高鐵二路3號,66,6602300,6602300-003,5鄰,高鐵二路,,,,,,3號,120.6110156969,24.108143994544
臺中市烏日區三和里4鄰高鐵二路6號,66,6602300,6602300-003,4鄰,高鐵二路,,,,,,6號,120.61141095178,24.107828459552
臺中市烏日區三和里4鄰高鐵二路8號,66,6602300,6602300-003,4鄰,高鐵二路,,,,,,8號,120.61141584183,24.107932390335
臺中市烏日區三和里4鄰高鐵二路10號,66,6602300,6602300-003,4鄰,高鐵二路,,,,,,10號,120.61148822901,24.108096221628
