FULL_ADDR,COUNTY,TOWN,VILLAGE,NEIGHBORHOOD,ROAD,SECTION,LANE,ALLEY,SUB_ALLEY,TONG,NUMBER,X,Y
臺中市清水區橋頭里25鄰鎮新五街1號,66,6601200,6601200-027,25鄰,鎮新五街,,,,,,1號,120.57217288431,24.273267829309
臺中市清水區橋頭里25鄰鎮新五街3號,66,6601200,6601200-027,25鄰,鎮新五街,,,,,,3號,120.57212920312,24.273282071664
臺中市清水區橋頭里25鄰鎮新五街5號,66,6601200,6601200-027,25鄰,鎮新五街,,,,,,5號,120.57208841916,24.273295870706
臺中市清水區橋頭里25鄰鎮新五街7號,66,6601200,6601200-027,25鄰,鎮新五街,,,,,,7號,120.57204644864,24.273311047847
臺中市清水區橋頭里25鄰鎮新五街9號,66,6601200,6601200-027,25鄰,鎮新五街,,,,,,9號,120.57200665216,24.273329969139
臺中市清水區橋頭里25鄰鎮新五街11號,66,6601200,6601200-027,25鄰,鎮新五街,,,,,,11號,120.57196296468,24.273349014902
臺中市清水區橋頭里23鄰鎮新五街55號,66,6601200,6601200-027,23鄰,鎮新五街,,,,,,55號,120.57112855033,24.273874088487
臺中市清水區橋頭里23鄰鎮新五街68號,66,6601200,6601200-027,23鄰,鎮新五街,,,,,,68號,120.57146247766,24.274394870674
