FULL_ADDR,COUNTY,TOWN,VILLAGE,NEIGHBORHOOD,ROAD,SECTION,LANE,ALLEY,SUB_ALLEY,TONG,NUMBER,X,Y
臺中市后里區公館里4鄰重劃東路676巷8號,66,6601500,6601500-016,4鄰,重劃東路,,676巷,,,,8號,120.73274672658,24.33705690774
臺中市后里區公館里4鄰重劃東路676巷11號,66,6601500,6601500-016,4鄰,重劃東路,,676巷,,,,11號,120.73252587681,24.337469257457
臺中市后里區公館里4鄰重劃東路676巷13號,66,6601500,6601500-016,4鄰,重劃東路,,676巷,,,,13號,120.73251246164,24.337564563189
臺中市后里區公館里4鄰重劃東路202號,66,6601500,6601500-016,4鄰,重劃東路,,,,,,202號,120.74069212086,24.33317209991
臺中市后里區公館里4鄰重劃東路570號,66,6601500,6601500-016,4鄰,重劃東路,,,,,,570號,120.73540201625,24.335671212641
