FULL_ADDR,COUNTY,TOWN,VILLAGE,NEIGHBORHOOD,ROAD,SECTION,LANE,ALLEY,SUB_ALLEY,TONG,NUMBER,X,Y
臺中市西屯區西墩里13鄰青海南街98號,66,6600600,6600600-002,13鄰,青海南街,,,,,,98號,120.635485969,24.17338432724
臺中市西屯區西墩里13鄰青海南街263號,66,6600600,6600600-002,13鄰,青海南街,,,,,,263號,120.63538483417,24.176730867011
臺中市西屯區潮洋里10鄰青海南街59號,66,6600600,6600600-003,10鄰,青海南街,,,,,,59號,120.63601345661,24.172523519245
臺中市西屯區潮洋里2鄰青海南街77號,66,6600600,6600600-003,2鄰,青海南街,,,,,,77號,120.63537064937,24.172903388392
臺中市西屯區潮洋里2鄰青海南街79號,66,6600600,6600600-003,2鄰,青海南街,,,,,,79號,120.63506536492,24.173131558748
臺中市西屯區潮洋里1鄰青海南街159號,66,6600600,6600600-003,1鄰,青海南街,,,,,,159號,120.63488202698,24.174170630465
臺中市西屯區潮洋里1鄰青海南街221號,66,6600600,6600600-003,1鄰,青海南街,,,,,,221號,120.63502536796,24.175398518084
臺中市西屯區潮洋里1鄰青海南街223號,66,6600600,6600600-003,1鄰,青海南街,,,,,,223號,120.63471802272,24.175421664566
