FULL_ADDR,COUNTY,TOWN,VILLAGE,NEIGHBORHOOD,ROAD,SECTION,LANE,ALLEY,SUB_ALLEY,TONG,NUMBER,X,Y
臺中市大雅區秀山里11鄰雅秀七路9號,66,6601800,6601800-004,11鄰,雅秀七路,,,,,,9號,120.63667400546,24.22120267237
臺中市大雅區秀山里11鄰雅秀七路13號,66,6601800,6601800-004,11鄰,雅秀七路,,,,,,13號,120.63683019383,24.221328406288
臺中市大雅區秀山里11鄰雅秀七路15號,66,6601800,6601800-004,11鄰,雅秀七路,,,,,,15號,120.63676979519,24.221292235744
臺中市大雅區秀山里11鄰雅秀七路18號,66,6601800,6601800-004,11鄰,雅秀七路,,,,,,18號,120.63700539317,24.221020341533
臺中市大雅區秀山里11鄰雅秀七路19號,66,6601800,6601800-004,11鄰,雅秀七路,,,,,,19號,120.6372824814,24.221411722172
臺中市大雅區秀山里11鄰雅秀七路20號,66,6601800,6601800-004,11鄰,雅秀七路,,,,,,20號,120.63717065766,24.221146647521
臺中市大雅區秀山里11鄰雅秀七路68號,66,6601800,6601800-004,11鄰,雅秀七路,,,,,,68號,120.63790589843,24.220278858768
臺中市大雅區秀山里11鄰雅秀七路100號,66,6601800,6601800-004,11鄰,雅秀七路,,,,,,100號,120.64047199868,24.219941169884
