FULL_ADDR,COUNTY,TOWN,VILLAGE,NEIGHBORHOOD,ROAD,SECTION,LANE,ALLEY,SUB_ALLEY,TONG,NUMBER,X,Y
臺中市南屯區新生里8鄰龍富十路248號,66,6600700,6600700-008,8鄰,龍富十路,,,,,,248號,120.62427987435,24.135920495425
臺中市南屯區新生里8鄰龍富十路698之1號,66,6600700,6600700-008,8鄰,龍富十路,,,,,,698之1號,120.62394353774,24.135872995024
