FULL_ADDR,COUNTY,TOWN,VILLAGE,NEIGHBORHOOD,ROAD,SECTION,LANE,ALLEY,SUB_ALLEY,TONG,NUMBER,X,Y
臺中市西屯區何德里23鄰銀聯三巷9號,66,6600600,6600600-022,23鄰,銀聯三巷,,,,,,9號,120.65759751656,24.166692325757
臺中市西屯區何德里23鄰銀聯三巷19號,66,6600600,6600600-022,23鄰,銀聯三巷,,,,,,19號,120.65781307728,24.166605866593
臺中市西屯區何德里23鄰銀聯三巷22號,66,6600600,6600600-022,23鄰,銀聯三巷,,,,,,22號,120.65784766224,24.166294795389
臺中市西屯區何德里23鄰銀聯三巷43號,66,6600600,6600600-022,23鄰,銀聯三巷,,,,,,43號,120.65831015327,24.166389194759
