FULL_ADDR,COUNTY,TOWN,VILLAGE,NEIGHBORHOOD,ROAD,SECTION,LANE,ALLEY,SUB_ALLEY,TONG,NUMBER,X,Y
臺中市霧峰區南柳里8鄰霧工七路1號,66,6602600,6602600-011,8鄰,霧工七路,,,,,,1號,120.67814469795,24.059483193321
臺中市霧峰區南柳里8鄰霧工七路8號,66,6602600,6602600-011,8鄰,霧工七路,,,,,,8號,120.67819476539,24.059701449204
臺中市霧峰區南柳里8鄰霧工七路9號,66,6602600,6602600-011,8鄰,霧工七路,,,,,,9號,120.67735952984,24.059516023458
臺中市霧峰區南柳里8鄰霧工七路10號,66,6602600,6602600-011,8鄰,霧工七路,,,,,,10號,120.67772815154,24.059829876901
臺中市霧峰區南柳里8鄰霧工七路11號,66,6602600,6602600-011,8鄰,霧工七路,,,,,,11號,120.67688238215,24.05960609652
臺中市霧峰區南柳里8鄰霧工七路12號,66,6602600,6602600-011,8鄰,霧工七路,,,,,,12號,120.67687080647,24.060137028547
