FULL_ADDR,COUNTY,TOWN,VILLAGE,NEIGHBORHOOD,ROAD,SECTION,LANE,ALLEY,SUB_ALLEY,TONG,NUMBER,X,Y
臺中市烏日區仁德里15鄰麻園東一街2號,66,6602300,6602300-007,15鄰,麻園東一街,,,,,,2號,120.6330213438,24.103593150199
臺中市烏日區仁德里15鄰麻園東一街8號,66,6602300,6602300-007,15鄰,麻園東一街,,,,,,8號,120.63288885475,24.103582872671
臺中市烏日區仁德里15鄰麻園東一街30號,66,6602300,6602300-007,15鄰,麻園東一街,,,,,,30號,120.63257019293,24.103495326021
臺中市烏日區仁德里15鄰麻園東一街32號,66,6602300,6602300-007,15鄰,麻園東一街,,,,,,32號,120.63252361543,24.10351992732
臺中市烏日區仁德里15鄰麻園東一街36號,66,6602300,6602300-007,15鄰,麻園東一街,,,,,,36號,120.63247380589,24.103539608877
臺中市烏日區仁德里15鄰麻園東一街38號,66,6602300,6602300-007,15鄰,麻園東一街,,,,,,38號,120.63243638898,24.103566688156
