FULL_ADDR,COUNTY,TOWN,VILLAGE,NEIGHBORHOOD,ROAD,SECTION,LANE,ALLEY,SUB_ALLEY,TONG,NUMBER,X,Y
臺中市烏日區三和里4鄰高鐵六路5號,66,6602300,6602300-003,4鄰,高鐵六路,,,,,,5號,120.61213962585,24.10784901944
臺中市烏日區三和里4鄰高鐵六路31號,66,6602300,6602300-003,4鄰,高鐵六路,,,,,,31號,120.61238132314,24.107844088692
臺中市烏日區三和里4鄰高鐵六路43號,66,6602300,6602300-003,4鄰,高鐵六路,,,,,,43號,120.61240154558,24.10803761106
臺中市烏日區三和里4鄰高鐵六路49號,66,6602300,6602300-003,4鄰,高鐵六路,,,,,,49號,120.6124257353,24.108292244838
臺中市烏日區三和里4鄰高鐵六路55號,66,6602300,6602300-003,4鄰,高鐵六路,,,,,,55號,120.6124254326,24.108392803516
