FULL_ADDR,COUNTY,TOWN,VILLAGE,NEIGHBORHOOD,ROAD,SECTION,LANE,ALLEY,SUB_ALLEY,TONG,NUMBER,X,Y
臺中市北區立人里1鄰陝西一街3號,66,6600500,6600500-034,1鄰,陝西一街,,,,,,3號,120.66788047128,24.17210078994
臺中市北區立人里1鄰陝西一街5號,66,6600500,6600500-034,1鄰,陝西一街,,,,,,5號,120.6677933251,24.171977802022
臺中市北區立人里1鄰陝西一街7號,66,6600500,6600500-034,1鄰,陝西一街,,,,,,7號,120.66779787689,24.172116637018
臺中市北區立人里1鄰陝西一街9號,66,6600500,6600500-034,1鄰,陝西一街,,,,,,9號,120.66771925883,24.172120980391
