FULL_ADDR,COUNTY,TOWN,VILLAGE,NEIGHBORHOOD,ROAD,SECTION,LANE,ALLEY,SUB_ALLEY,TONG,NUMBER,X,Y
臺中市新社區崑山里3鄰食水嵙3之2號,66,6601900,6601900-005,3鄰,食水嵙,,,,,,3之2號,120.79385003626,24.232924727905
臺中市新社區崑山里3鄰食水嵙6之5號,66,6601900,6601900-005,3鄰,食水嵙,,,,,,6之5號,120.79779920073,24.239434659632
臺中市新社區崑山里3鄰食水嵙6之7號,66,6601900,6601900-005,3鄰,食水嵙,,,,,,6之7號,120.79520365136,24.238773642592
