FULL_ADDR,COUNTY,TOWN,VILLAGE,NEIGHBORHOOD,ROAD,SECTION,LANE,ALLEY,SUB_ALLEY,TONG,NUMBER,X,Y
臺南市北門區永華里2鄰井子腳13號,67,6701700,6701700-012,2鄰,井子腳,,,,,,13號,120.12034602169,23.255029422242
臺南市北門區永華里2鄰井子腳22號,67,6701700,6701700-012,2鄰,井子腳,,,,,,22號,120.11947387875,23.256240384472
臺南市北門區永華里3鄰井子腳23號,67,6701700,6701700-012,3鄰,井子腳,,,,,,23號,120.12014497063,23.256150688476
臺南市北門區永華里5鄰井子腳43號,67,6701700,6701700-012,5鄰,井子腳,,,,,,43號,120.11822322489,23.255623139604
臺南市北門區永華里10鄰井子腳82號,67,6701700,6701700-012,10鄰,井子腳,,,,,,82號,120.11098750572,23.261675668081
臺南市北門區永華里10鄰井子腳87之1號,67,6701700,6701700-012,10鄰,井子腳,,,,,,87之1號,120.11134397451,23.26236159437
