FULL_ADDR,COUNTY,TOWN,VILLAGE,NEIGHBORHOOD,ROAD,SECTION,LANE,ALLEY,SUB_ALLEY,TONG,NUMBER,X,Y
臺南市下營區仁里里21鄰仁民街1號,67,6700800,6700800-002,21鄰,仁民街,,,,,,1號,120.26026572404,23.228403480892
臺南市下營區仁里里21鄰仁民街2號,67,6700800,6700800-002,21鄰,仁民街,,,,,,2號,120.2605001337,23.228349139962
臺南市下營區仁里里21鄰仁民街3號,67,6700800,6700800-002,21鄰,仁民街,,,,,,3號,120.26023728266,23.228511345283
臺南市下營區仁里里21鄰仁民街5號,67,6700800,6700800-002,21鄰,仁民街,,,,,,5號,120.26038587414,23.228515656514
臺南市下營區仁里里21鄰仁民街7號,67,6700800,6700800-002,21鄰,仁民街,,,,,,7號,120.26037035913,23.228636043089
臺南市下營區仁里里21鄰仁民街9號,67,6700800,6700800-002,21鄰,仁民街,,,,,,9號,120.26038467403,23.228715754635
臺南市下營區仁里里21鄰仁民街11號,67,6700800,6700800-002,21鄰,仁民街,,,,,,11號,120.26039298099,23.228750920241
臺南市下營區仁里里21鄰仁民街19號,67,6700800,6700800-002,21鄰,仁民街,,,,,,19號,120.26045607168,23.228938940792
