FULL_ADDR,COUNTY,TOWN,VILLAGE,NEIGHBORHOOD,ROAD,SECTION,LANE,ALLEY,SUB_ALLEY,TONG,NUMBER,X,Y
臺南市關廟區下湖里6鄰下湖43號,67,6702900,6702900-017,6鄰,下湖,,,,,,43號,120.31108897514,22.988027863476
臺南市關廟區下湖里7鄰下湖53號,67,6702900,6702900-017,7鄰,下湖,,,,,,53號,120.30985792294,22.988566283476
