FULL_ADDR,COUNTY,TOWN,VILLAGE,NEIGHBORHOOD,ROAD,SECTION,LANE,ALLEY,SUB_ALLEY,TONG,NUMBER,X,Y
臺南市安南區佃西里11鄰佃西一街11號,67,6703500,6703500-023,11鄰,佃西一街,,,,,,11號,120.16850314488,23.066349875938
臺南市安南區佃西里11鄰佃西一街13號,67,6703500,6703500-023,11鄰,佃西一街,,,,,,13號,120.1684639479,23.066423715677
臺南市安南區佃西里11鄰佃西一街15號,67,6703500,6703500-023,11鄰,佃西一街,,,,,,15號,120.16841704661,23.066480809368
臺南市安南區佃西里11鄰佃西一街38號,67,6703500,6703500-023,11鄰,佃西一街,,,,,,38號,120.16852917877,23.066734690806
