FULL_ADDR,COUNTY,TOWN,VILLAGE,NEIGHBORHOOD,ROAD,SECTION,LANE,ALLEY,SUB_ALLEY,TONG,NUMBER,X,Y
臺南市中西區三合里16鄰信義街底層108巷55號,67,6703700,6703700-035,16鄰,信義街底層,,108巷,,,,55號,120.1950561496,23.001202435953
臺南市中西區三合里16鄰信義街底層108巷57號,67,6703700,6703700-035,16鄰,信義街底層,,108巷,,,,57號,120.1951390076,23.001112826826
