FULL_ADDR,COUNTY,TOWN,VILLAGE,NEIGHBORHOOD,ROAD,SECTION,LANE,ALLEY,SUB_ALLEY,TONG,NUMBER,X,Y
臺南市歸仁區看西里14鄰仁愛十六街6號,67,6702800,6702800-007,14鄰,仁愛十六街,,,,,,6號,120.30020470643,22.960500168266
臺南市歸仁區看西里14鄰仁愛十六街26號,67,6702800,6702800-007,14鄰,仁愛十六街,,,,,,26號,120.29978631211,22.960358622723
臺南市歸仁區看西里14鄰仁愛十六街36號,67,6702800,6702800-007,14鄰,仁愛十六街,,,,,,36號,120.29956611759,22.960321529182
