FULL_ADDR,COUNTY,TOWN,VILLAGE,NEIGHBORHOOD,ROAD,SECTION,LANE,ALLEY,SUB_ALLEY,TONG,NUMBER,X,Y
臺南市柳營區大農里4鄰大脚腿39之20號,67,6700400,6700400-010,4鄰,大脚腿,,,,,,39之20號,120.36974610328,23.276065223059
臺南市柳營區大農里4鄰大脚腿43之11號,67,6700400,6700400-010,4鄰,大脚腿,,,,,,43之11號,120.37230445509,23.279762984779
臺南市柳營區大農里5鄰大脚腿53之6號,67,6700400,6700400-010,5鄰,大脚腿,,,,,,53之6號,120.3784850621,23.279192415343
