FULL_ADDR,COUNTY,TOWN,VILLAGE,NEIGHBORHOOD,ROAD,SECTION,LANE,ALLEY,SUB_ALLEY,TONG,NUMBER,X,Y
臺南市關廟區山西里8鄰崇善街32號,67,6702900,6702900-002,8鄰,崇善街,,,,,,32號,120.32521828574,22.966172066521
臺南市關廟區山西里8鄰崇善街46號,67,6702900,6702900-002,8鄰,崇善街,,,,,,46號,120.32510279612,22.966295110025
臺南市關廟區山西里8鄰崇善街50號,67,6702900,6702900-002,8鄰,崇善街,,,,,,50號,120.32510264193,22.966326173727
臺南市關廟區山西里8鄰崇善街52號,67,6702900,6702900-002,8鄰,崇善街,,,,,,52號,120.32509804275,22.966388282866
