FULL_ADDR,COUNTY,TOWN,VILLAGE,NEIGHBORHOOD,ROAD,SECTION,LANE,ALLEY,SUB_ALLEY,TONG,NUMBER,X,Y
臺南市山上區平陽里5鄰卓猴1號,67,6702200,6702200-006,5鄰,卓猴,,,,,,1號,120.38359052884,23.078829535496
臺南市山上區平陽里5鄰卓猴1之21號,67,6702200,6702200-006,5鄰,卓猴,,,,,,1之21號,120.38354016735,23.07727270778
臺南市山上區平陽里5鄰卓猴2號,67,6702200,6702200-006,5鄰,卓猴,,,,,,2號,120.38624615284,23.081113908731
臺南市山上區平陽里5鄰卓猴3號,67,6702200,6702200-006,5鄰,卓猴,,,,,,3號,120.38686535028,23.080918279284
臺南市山上區平陽里5鄰卓猴4號,67,6702200,6702200-006,5鄰,卓猴,,,,,,4號,120.38720677481,23.081328098104
臺南市山上區平陽里5鄰卓猴4之10號,67,6702200,6702200-006,5鄰,卓猴,,,,,,4之10號,120.38761381963,23.081643343608
臺南市山上區平陽里5鄰卓猴5號,67,6702200,6702200-006,5鄰,卓猴,,,,,,5號,120.38650249637,23.083409761077
臺南市山上區平陽里5鄰卓猴6號,67,6702200,6702200-006,5鄰,卓猴,,,,,,6號,120.38768781063,23.083215089358
臺南市山上區平陽里5鄰卓猴8號,67,6702200,6702200-006,5鄰,卓猴,,,,,,8號,120.3877914287,23.083396096661
