FULL_ADDR,COUNTY,TOWN,VILLAGE,NEIGHBORHOOD,ROAD,SECTION,LANE,ALLEY,SUB_ALLEY,TONG,NUMBER,X,Y
臺南市善化區光文里23鄰光輝街163號,67,6701900,6701900-003,23鄰,光輝街,,,,,,163號,120.29927491649,23.133721165931
臺南市善化區光文里23鄰光輝街165號,67,6701900,6701900-003,23鄰,光輝街,,,,,,165號,120.29945635999,23.133697139336
臺南市善化區光文里23鄰光輝街167號,67,6701900,6701900-003,23鄰,光輝街,,,,,,167號,120.29907849709,23.13367712899
