FULL_ADDR,COUNTY,TOWN,VILLAGE,NEIGHBORHOOD,ROAD,SECTION,LANE,ALLEY,SUB_ALLEY,TONG,NUMBER,X,Y
臺南市新市區豐華里9鄰南科一路1號,67,6702000,6702000-005,9鄰,南科一路,,,,,,1號,120.28437501537,23.093122297818
臺南市新市區豐華里9鄰南科一路1之1號,67,6702000,6702000-005,9鄰,南科一路,,,,,,1之1號,120.28547078663,23.092422819041
臺南市新市區豐華里9鄰南科一路3號,67,6702000,6702000-005,9鄰,南科一路,,,,,,3號,120.2829411251,23.093137645425
臺南市新市區豐華里9鄰南科一路8號,67,6702000,6702000-005,9鄰,南科一路,,,,,,8號,120.28256917391,23.093625660133
