FULL_ADDR,COUNTY,TOWN,VILLAGE,NEIGHBORHOOD,ROAD,SECTION,LANE,ALLEY,SUB_ALLEY,TONG,NUMBER,X,Y
臺南市學甲區慈福里13鄰太平路5號,67,6701300,6701300-005,13鄰,太平路,,,,,,5號,120.18499315578,23.233394037141
臺南市學甲區慈福里13鄰太平路8號,67,6701300,6701300-005,13鄰,太平路,,,,,,8號,120.1850390469,23.233640879948
臺南市學甲區慈福里13鄰太平路9號,67,6701300,6701300-005,13鄰,太平路,,,,,,9號,120.18474309709,23.233412696095
臺南市學甲區慈福里14鄰太平路13號,67,6701300,6701300-005,14鄰,太平路,,,,,,13號,120.18467539707,23.233458667942
臺南市學甲區慈福里13鄰太平路19號,67,6701300,6701300-005,13鄰,太平路,,,,,,19號,120.18449810566,23.23349793083
