FULL_ADDR,COUNTY,TOWN,VILLAGE,NEIGHBORHOOD,ROAD,SECTION,LANE,ALLEY,SUB_ALLEY,TONG,NUMBER,X,Y
臺南市歸仁區南興里18鄰大德一街1號,67,6702800,6702800-018,18鄰,大德一街,,,,,,1號,120.27496483328,22.973355251379
臺南市歸仁區南興里18鄰大德一街47號,67,6702800,6702800-018,18鄰,大德一街,,,,,,47號,120.27488933543,22.972352366443
臺南市歸仁區南興里18鄰大德一街56號,67,6702800,6702800-018,18鄰,大德一街,,,,,,56號,120.27466703804,22.972414741978
