FULL_ADDR,COUNTY,TOWN,VILLAGE,NEIGHBORHOOD,ROAD,SECTION,LANE,ALLEY,SUB_ALLEY,TONG,NUMBER,X,Y
臺南市柳營區旭山里13鄰匏子園5號,67,6700400,6700400-013,13鄰,匏子園,,,,,,5號,120.40954805432,23.250831339187
臺南市柳營區旭山里13鄰匏子園6號,67,6700400,6700400-013,13鄰,匏子園,,,,,,6號,120.40983378325,23.250237508832
臺南市柳營區旭山里13鄰匏子園7號,67,6700400,6700400-013,13鄰,匏子園,,,,,,7號,120.41014764392,23.250268306552
臺南市柳營區旭山里13鄰匏子園8號,67,6700400,6700400-013,13鄰,匏子園,,,,,,8號,120.41020187983,23.250024426094
臺南市柳營區旭山里14鄰匏子園11號,67,6700400,6700400-013,14鄰,匏子園,,,,,,11號,120.4103744349,23.249786769065
臺南市柳營區旭山里14鄰匏子園14號,67,6700400,6700400-013,14鄰,匏子園,,,,,,14號,120.41034868769,23.249241343476
臺南市柳營區旭山里14鄰匏子園15號,67,6700400,6700400-013,14鄰,匏子園,,,,,,15號,120.41053509351,23.249631963688
