FULL_ADDR,COUNTY,TOWN,VILLAGE,NEIGHBORHOOD,ROAD,SECTION,LANE,ALLEY,SUB_ALLEY,TONG,NUMBER,X,Y
臺南市安南區城東里13鄰城安一街15號,67,6703500,6703500-027,13鄰,城安一街,,,,,,15號,120.12873487276,23.065827167436
臺南市安南區城東里13鄰城安一街21號,67,6703500,6703500-027,13鄰,城安一街,,,,,,21號,120.12860795098,23.065805608504
臺南市安南區城東里13鄰城安一街26號,67,6703500,6703500-027,13鄰,城安一街,,,,,,26號,120.12858500979,23.066109881042
臺南市安南區城東里13鄰城安一街61號,67,6703500,6703500-027,13鄰,城安一街,,,,,,61號,120.12819357799,23.065822466596
臺南市安南區城東里13鄰城安一街66號,67,6703500,6703500-027,13鄰,城安一街,,,,,,66號,120.12808955367,23.066094235456
