FULL_ADDR,COUNTY,TOWN,VILLAGE,NEIGHBORHOOD,ROAD,SECTION,LANE,ALLEY,SUB_ALLEY,TONG,NUMBER,X,Y
臺南市安平區建平里7鄰建平十六街1號,67,6703600,6703600-005,7鄰,建平十六街,,,,,,1號,120.18494054862,22.996469498276
臺南市安平區建平里7鄰建平十六街101號,67,6703600,6703600-005,7鄰,建平十六街,,,,,,101號,120.1846869527,22.996630644734
臺南市安平區建平里7鄰建平十六街103號,67,6703600,6703600-005,7鄰,建平十六街,,,,,,103號,120.18463265762,22.996641111084
臺南市安平區建平里7鄰建平十六街105號,67,6703600,6703600-005,7鄰,建平十六街,,,,,,105號,120.18458227812,22.996649249747
臺南市安平區建平里7鄰建平十六街107號,67,6703600,6703600-005,7鄰,建平十六街,,,,,,107號,120.18452939194,22.996652499233
