FULL_ADDR,COUNTY,TOWN,VILLAGE,NEIGHBORHOOD,ROAD,SECTION,LANE,ALLEY,SUB_ALLEY,TONG,NUMBER,X,Y
臺南市六甲區甲東里28鄰工研路2號,67,6700900,6700900-002,28鄰,工研路,,,,,,2號,120.3660824689,23.221056352097
臺南市六甲區甲東里28鄰工研路8號,67,6700900,6700900-002,28鄰,工研路,,,,,,8號,120.37010884589,23.229709825536
臺南市六甲區甲東里28鄰工研路11號,67,6700900,6700900-002,28鄰,工研路,,,,,,11號,120.36835925946,23.232560313818
