FULL_ADDR,COUNTY,TOWN,VILLAGE,NEIGHBORHOOD,ROAD,SECTION,LANE,ALLEY,SUB_ALLEY,TONG,NUMBER,X,Y
臺南市新市區社內里18鄰大業一路7號,67,6702000,6702000-003,18鄰,大業一路,,,,,,7號,120.28961942357,23.090381941853
臺南市新市區社內里18鄰大業一路8號,67,6702000,6702000-003,18鄰,大業一路,,,,,,8號,120.28787414346,23.088553331938
臺南市新市區社內里18鄰大業一路9號,67,6702000,6702000-003,18鄰,大業一路,,,,,,9號,120.28962751128,23.089084616505
臺南市新市區三舍里9鄰大業一路5號,67,6702000,6702000-006,9鄰,大業一路,,,,,,5號,120.28940614611,23.091031965699
