FULL_ADDR,COUNTY,TOWN,VILLAGE,NEIGHBORHOOD,ROAD,SECTION,LANE,ALLEY,SUB_ALLEY,TONG,NUMBER,X,Y
臺南市白河區白河里6鄰市場二巷3號,67,6700300,6700300-001,6鄰,市場二巷,,,,,,3號,120.41525490072,23.349259838984
臺南市白河區白河里6鄰市場二巷6號,67,6700300,6700300-001,6鄰,市場二巷,,,,,,6號,120.41526415404,23.349201449367
臺南市白河區白河里6鄰市場二巷14號,67,6700300,6700300-001,6鄰,市場二巷,,,,,,14號,120.41539494922,23.349170513364
臺南市白河區白河里6鄰市場二巷18號,67,6700300,6700300-001,6鄰,市場二巷,,,,,,18號,120.41544695169,23.349154272908
臺南市白河區白河里6鄰市場二巷24號,67,6700300,6700300-001,6鄰,市場二巷,,,,,,24號,120.41554779504,23.349129094453
