FULL_ADDR,COUNTY,TOWN,VILLAGE,NEIGHBORHOOD,ROAD,SECTION,LANE,ALLEY,SUB_ALLEY,TONG,NUMBER,X,Y
臺南市龍崎區牛埔里6鄰州界1號,67,6703000,6703000-005,6鄰,州界,,,,,,1號,120.41871165597,22.928984631573
臺南市龍崎區牛埔里6鄰州界2號,67,6703000,6703000-005,6鄰,州界,,,,,,2號,120.42010827404,22.929098104627
臺南市龍崎區牛埔里6鄰州界2之1號,67,6703000,6703000-005,6鄰,州界,,,,,,2之1號,120.42010257318,22.928376095837
臺南市龍崎區牛埔里6鄰州界3號,67,6703000,6703000-005,6鄰,州界,,,,,,3號,120.42121811728,22.928786087027
臺南市龍崎區牛埔里6鄰州界4號,67,6703000,6703000-005,6鄰,州界,,,,,,4號,120.42134788871,22.928899441226
