FULL_ADDR,COUNTY,TOWN,VILLAGE,NEIGHBORHOOD,ROAD,SECTION,LANE,ALLEY,SUB_ALLEY,TONG,NUMBER,X,Y
臺南市永康區勝利里20鄰勝學路地下一層之2260巷2號,67,6703100,6703100-026,20鄰,勝學路地下一層之2,,260巷,,,,2號,120.23191377605,23.007071134033
臺南市永康區勝利里20鄰勝學路地下一層之2260巷6號,67,6703100,6703100-026,20鄰,勝學路地下一層之2,,260巷,,,,6號,120.23168661954,23.007065246043
臺南市永康區勝利里20鄰勝學路地下一層之2260巷8號,67,6703100,6703100-026,20鄰,勝學路地下一層之2,,260巷,,,,8號,120.23167481211,23.006876458384
臺南市永康區勝利里20鄰勝學路地下一層之2260巷10號,67,6703100,6703100-026,20鄰,勝學路地下一層之2,,260巷,,,,10號,120.23167822768,23.006721156182
臺南市永康區勝利里20鄰勝學路地下一層之2260巷12號,67,6703100,6703100-026,20鄰,勝學路地下一層之2,,260巷,,,,12號,120.23190018661,23.006731804946
臺南市永康區勝利里20鄰勝學路地下一層之2260巷16號,67,6703100,6703100-026,20鄰,勝學路地下一層之2,,260巷,,,,16號,120.23214275474,23.00673776735
臺南市永康區勝利里20鄰勝學路地下一層之2260巷18號,67,6703100,6703100-026,20鄰,勝學路地下一層之2,,260巷,,,,18號,120.23213673305,23.006888270951
臺南市永康區勝利里20鄰勝學路地下一層之2260巷20號,67,6703100,6703100-026,20鄰,勝學路地下一層之2,,260巷,,,,20號,120.23211763247,23.007074560868
