FULL_ADDR,COUNTY,TOWN,VILLAGE,NEIGHBORHOOD,ROAD,SECTION,LANE,ALLEY,SUB_ALLEY,TONG,NUMBER,X,Y
臺南市永康區勝利里20鄰勝學路地下一層之5260巷8號,67,6703100,6703100-026,20鄰,勝學路地下一層之5,,260巷,,,,8號,120.23167481211,23.006876458384
臺南市永康區勝利里20鄰勝學路地下一層之5260巷18號,67,6703100,6703100-026,20鄰,勝學路地下一層之5,,260巷,,,,18號,120.23213673305,23.006888270951
