FULL_ADDR,COUNTY,TOWN,VILLAGE,NEIGHBORHOOD,ROAD,SECTION,LANE,ALLEY,SUB_ALLEY,TONG,NUMBER,X,Y
臺南市新市區豐華里8鄰堤塘港路1號,67,6702000,6702000-005,8鄰,堤塘港路,,,,,,1號,120.26314886408,23.090164018774
臺南市新市區豐華里8鄰堤塘港路3號,67,6702000,6702000-005,8鄰,堤塘港路,,,,,,3號,120.26307366264,23.091174318054
臺南市新市區豐華里8鄰堤塘港路5號,67,6702000,6702000-005,8鄰,堤塘港路,,,,,,5號,120.2645861247,23.091442429942
臺南市新市區豐華里8鄰堤塘港路6號,67,6702000,6702000-005,8鄰,堤塘港路,,,,,,6號,120.26562952214,23.090930492472
臺南市新市區豐華里8鄰堤塘港路9號,67,6702000,6702000-005,8鄰,堤塘港路,,,,,,9號,120.26194215484,23.093930350361
臺南市新市區豐華里8鄰堤塘港路12號,67,6702000,6702000-005,8鄰,堤塘港路,,,,,,12號,120.2648260971,23.093120168542
臺南市新市區豐華里8鄰堤塘港路30號,67,6702000,6702000-005,8鄰,堤塘港路,,,,,,30號,120.26678286967,23.096345793747
