FULL_ADDR,COUNTY,TOWN,VILLAGE,NEIGHBORHOOD,ROAD,SECTION,LANE,ALLEY,SUB_ALLEY,TONG,NUMBER,X,Y
臺南市東區自強里22鄰富農街一段地下層191巷1號,67,6703200,6703200-013,22鄰,富農街一段地下層,,191巷,,,,1號,120.23449181356,22.982758393288
臺南市東區自強里23鄰富農街一段地下層191巷10號,67,6703200,6703200-013,23鄰,富農街一段地下層,,191巷,,,,10號,120.23444007954,22.982904432501
臺南市東區虎尾里12鄰富農街一段地下層36巷14號,67,6703200,6703200-025,12鄰,富農街一段地下層,,36巷,,,,14號,120.23486890849,22.978213510903
