FULL_ADDR,COUNTY,TOWN,VILLAGE,NEIGHBORHOOD,ROAD,SECTION,LANE,ALLEY,SUB_ALLEY,TONG,NUMBER,X,Y
臺南市佳里區龍安里2鄰塭子内27號,67,6701200,6701200-018,2鄰,塭子内,,,,,,27號,120.16428238197,23.124551157853
臺南市佳里區龍安里3鄰塭子内32號,67,6701200,6701200-018,3鄰,塭子内,,,,,,32號,120.16399857604,23.124360476903
臺南市佳里區龍安里5鄰塭子内57號,67,6701200,6701200-018,5鄰,塭子内,,,,,,57號,120.1664602087,23.124622099053
臺南市佳里區龍安里12鄰塭子内105號,67,6701200,6701200-018,12鄰,塭子内,,,,,,105號,120.16499520388,23.122987427996
臺南市佳里區龍安里14鄰塭子内125號,67,6701200,6701200-018,14鄰,塭子内,,,,,,125號,120.16174193901,23.117535782132
