FULL_ADDR,COUNTY,TOWN,VILLAGE,NEIGHBORHOOD,ROAD,SECTION,LANE,ALLEY,SUB_ALLEY,TONG,NUMBER,X,Y
臺南市白河區永安里15鄰十全西街76號,67,6700300,6700300-002,15鄰,十全西街,,,,,,76號,120.41076266376,23.352190119406
臺南市白河區永安里15鄰十全西街78號,67,6700300,6700300-002,15鄰,十全西街,,,,,,78號,120.4108051387,23.352249967595
臺南市白河區永安里15鄰十全西街79號,67,6700300,6700300-002,15鄰,十全西街,,,,,,79號,120.41065833206,23.352317952721
