FULL_ADDR,COUNTY,TOWN,VILLAGE,NEIGHBORHOOD,ROAD,SECTION,LANE,ALLEY,SUB_ALLEY,TONG,NUMBER,X,Y
臺南市柳營區大農里8鄰工一路15號,67,6700400,6700400-010,8鄰,工一路,,,,,,15號,120.35459353278,23.283395885953
臺南市柳營區大農里8鄰工一路16號,67,6700400,6700400-010,8鄰,工一路,,,,,,16號,120.35521575352,23.285457919783
臺南市柳營區大農里8鄰工一路18號,67,6700400,6700400-010,8鄰,工一路,,,,,,18號,120.35581330901,23.284218837596
臺南市柳營區大農里8鄰工一路20號,67,6700400,6700400-010,8鄰,工一路,,,,,,20號,120.35650210694,23.284514507578
