FULL_ADDR,COUNTY,TOWN,VILLAGE,NEIGHBORHOOD,ROAD,SECTION,LANE,ALLEY,SUB_ALLEY,TONG,NUMBER,X,Y
臺南市新市區三舍里9鄰大順六路12巷6號,67,6702000,6702000-006,9鄰,大順六路,,12巷,,,,6號,120.2911152256,23.106075738039
臺南市新市區三舍里9鄰大順六路6號,67,6702000,6702000-006,9鄰,大順六路,,,,,,6號,120.29034978162,23.10280618863
臺南市新市區三舍里9鄰大順六路8號,67,6702000,6702000-006,9鄰,大順六路,,,,,,8號,120.29039856258,23.105319855848
