FULL_ADDR,COUNTY,TOWN,VILLAGE,NEIGHBORHOOD,ROAD,SECTION,LANE,ALLEY,SUB_ALLEY,TONG,NUMBER,X,Y
臺南市新營區王公里14鄰公正路70巷4號,67,6700100,6700100-008,14鄰,公正路,,70巷,,,,4號,120.31748124868,23.315596853611
臺南市新營區王公里14鄰公正路70巷7號,67,6700100,6700100-008,14鄰,公正路,,70巷,,,,7號,120.3176234508,23.315608218399
