FULL_ADDR,COUNTY,TOWN,VILLAGE,NEIGHBORHOOD,ROAD,SECTION,LANE,ALLEY,SUB_ALLEY,TONG,NUMBER,X,Y
臺南市白河區白河里6鄰市場一巷1號,67,6700300,6700300-001,6鄰,市場一巷,,,,,,1號,120.4152729073,23.349346504047
臺南市白河區白河里6鄰市場一巷2號,67,6700300,6700300-001,6鄰,市場一巷,,,,,,2號,120.4152365901,23.349287221831
臺南市白河區白河里6鄰市場一巷13號,67,6700300,6700300-001,6鄰,市場一巷,,,,,,13號,120.41546089989,23.349296728275
臺南市白河區白河里6鄰市場一巷18號,67,6700300,6700300-001,6鄰,市場一巷,,,,,,18號,120.41546649297,23.349225502362
臺南市白河區白河里6鄰市場一巷19號,67,6700300,6700300-001,6鄰,市場一巷,,,,,,19號,120.41555499413,23.349271795518
