FULL_ADDR,COUNTY,TOWN,VILLAGE,NEIGHBORHOOD,ROAD,SECTION,LANE,ALLEY,SUB_ALLEY,TONG,NUMBER,X,Y
臺南市柳營區旭山里11鄰桶頭脚1號,67,6700400,6700400-013,11鄰,桶頭脚,,,,,,1號,120.41503430532,23.250732669185
臺南市柳營區旭山里11鄰桶頭脚2號,67,6700400,6700400-013,11鄰,桶頭脚,,,,,,2號,120.4153037657,23.250278283302
臺南市柳營區旭山里11鄰桶頭脚5號,67,6700400,6700400-013,11鄰,桶頭脚,,,,,,5號,120.41464700109,23.249078352378
臺南市柳營區旭山里11鄰桶頭脚8號,67,6700400,6700400-013,11鄰,桶頭脚,,,,,,8號,120.41461424518,23.248746553809
臺南市柳營區旭山里11鄰桶頭脚9號,67,6700400,6700400-013,11鄰,桶頭脚,,,,,,9號,120.41467747212,23.249261958066
臺南市柳營區旭山里11鄰桶頭脚10號,67,6700400,6700400-013,11鄰,桶頭脚,,,,,,10號,120.41483574032,23.249496969781
臺南市柳營區旭山里11鄰桶頭脚12號,67,6700400,6700400-013,11鄰,桶頭脚,,,,,,12號,120.41486189637,23.249616896975
臺南市柳營區旭山里12鄰桶頭脚14號,67,6700400,6700400-013,12鄰,桶頭脚,,,,,,14號,120.41535162658,23.250082327143
臺南市柳營區旭山里12鄰桶頭脚19號,67,6700400,6700400-013,12鄰,桶頭脚,,,,,,19號,120.41604961091,23.250391947805
