FULL_ADDR,COUNTY,TOWN,VILLAGE,NEIGHBORHOOD,ROAD,SECTION,LANE,ALLEY,SUB_ALLEY,TONG,NUMBER,X,Y
臺南市安南區淵中里16鄰本田街三段180號,67,6703500,6703500-047,16鄰,本田街,3段,,,,,180號,120.16466336914,23.042909984162
臺南市安南區淵中里16鄰本田街三段180之56號,67,6703500,6703500-047,16鄰,本田街,3段,,,,,180之56號,120.16514238191,23.042763066627
臺南市安南區淵中里6鄰本田街三段397之32號,67,6703500,6703500-047,6鄰,本田街,3段,,,,,397之32號,120.16649160403,23.046848410173
臺南市安南區淵中里16鄰本田街三段550號,67,6703500,6703500-047,16鄰,本田街,3段,,,,,550號,120.16966002696,23.047524839049
