FULL_ADDR,COUNTY,TOWN,VILLAGE,NEIGHBORHOOD,ROAD,SECTION,LANE,ALLEY,SUB_ALLEY,TONG,NUMBER,X,Y
臺南市新市區豐華里8鄰活水路1號,67,6702000,6702000-005,8鄰,活水路,,,,,,1號,120.26098947682,23.104278452588
臺南市新市區豐華里8鄰活水路3號,67,6702000,6702000-005,8鄰,活水路,,,,,,3號,120.26341245028,23.105410233213
臺南市新市區豐華里8鄰活水路15號,67,6702000,6702000-005,8鄰,活水路,,,,,,15號,120.26216256195,23.104850218112
臺南市新市區豐華里8鄰活水路15之1號,67,6702000,6702000-005,8鄰,活水路,,,,,,15之1號,120.26219151647,23.104750029105
