FULL_ADDR,COUNTY,TOWN,VILLAGE,NEIGHBORHOOD,ROAD,SECTION,LANE,ALLEY,SUB_ALLEY,TONG,NUMBER,X,Y
臺南市新營區嘉芳里14鄰新圳路2號,67,6700100,6700100-021,14鄰,新圳路,,,,,,2號,120.28418962457,23.301130271846
臺南市新營區嘉芳里14鄰新圳路8號,67,6700100,6700100-021,14鄰,新圳路,,,,,,8號,120.2836297479,23.300380309931
臺南市新營區嘉芳里14鄰新圳路10號,67,6700100,6700100-021,14鄰,新圳路,,,,,,10號,120.2820320712,23.300099216466
