FULL_ADDR,COUNTY,TOWN,VILLAGE,NEIGHBORHOOD,ROAD,SECTION,LANE,ALLEY,SUB_ALLEY,TONG,NUMBER,X,Y
臺南市永康區蔦松里9鄰正北五路91號,67,6703100,6703100-008,9鄰,正北五路,,,,,,91號,120.26454679253,23.050458880143
臺南市永康區蔦松里9鄰正北五路99號,67,6703100,6703100-008,9鄰,正北五路,,,,,,99號,120.26406705309,23.050865939986
臺南市永康區蔦松里9鄰正北五路103號,67,6703100,6703100-008,9鄰,正北五路,,,,,,103號,120.26388891793,23.050997411635
臺南市永康區蔦松里9鄰正北五路105號,67,6703100,6703100-008,9鄰,正北五路,,,,,,105號,120.26384182906,23.051041656906
臺南市永康區蔦松里9鄰正北五路107號,67,6703100,6703100-008,9鄰,正北五路,,,,,,107號,120.263786652,23.051103617793
臺南市永康區蔦松里9鄰正北五路113號,67,6703100,6703100-008,9鄰,正北五路,,,,,,113號,120.26351747736,23.051399456429
臺南市永康區三民里12鄰正北五路127號,67,6703100,6703100-009,12鄰,正北五路,,,,,,127號,120.26299360763,23.052198712695
臺南市永康區三民里12鄰正北五路136號,67,6703100,6703100-009,12鄰,正北五路,,,,,,136號,120.2637444502,23.052583825264
臺南市永康區三民里12鄰正北五路168號,67,6703100,6703100-009,12鄰,正北五路,,,,,,168號,120.26314817039,23.0548713655
