FULL_ADDR,COUNTY,TOWN,VILLAGE,NEIGHBORHOOD,ROAD,SECTION,LANE,ALLEY,SUB_ALLEY,TONG,NUMBER,X,Y
臺南市關廟區五甲里12鄰民安街65號,67,6702900,6702900-007,12鄰,民安街,,,,,,65號,120.32980249291,22.956520637266
臺南市關廟區五甲里12鄰民安街67號,67,6702900,6702900-007,12鄰,民安街,,,,,,67號,120.32976548308,22.956511450536
臺南市關廟區五甲里12鄰民安街69號,67,6702900,6702900-007,12鄰,民安街,,,,,,69號,120.32972842876,22.956511293963
臺南市關廟區五甲里12鄰民安街71號,67,6702900,6702900-007,12鄰,民安街,,,,,,71號,120.32969044383,22.956502103096
臺南市關廟區五甲里12鄰民安街73號,67,6702900,6702900-007,12鄰,民安街,,,,,,73號,120.32964953355,22.956492899856
臺南市關廟區五甲里12鄰民安街75號,67,6702900,6702900-007,12鄰,民安街,,,,,,75號,120.32960857879,22.956492726772
臺南市關廟區五甲里12鄰民安街77號,67,6702900,6702900-007,12鄰,民安街,,,,,,77號,120.32955587815,22.956501534385
臺南市關廟區五甲里12鄰民安街79號,67,6702900,6702900-007,12鄰,民安街,,,,,,79號,120.32951097842,22.956510374954
