FULL_ADDR,COUNTY,TOWN,VILLAGE,NEIGHBORHOOD,ROAD,SECTION,LANE,ALLEY,SUB_ALLEY,TONG,NUMBER,X,Y
臺南市永康區東橋里16鄰東橋六街55號,67,6703100,6703100-033,16鄰,東橋六街,,,,,,55號,120.23424101915,23.019507812341
臺南市永康區東橋里28鄰東橋六街65號,67,6703100,6703100-033,28鄰,東橋六街,,,,,,65號,120.23485800738,23.020054682095
臺南市永康區東橋里28鄰東橋六街67號,67,6703100,6703100-033,28鄰,東橋六街,,,,,,67號,120.23493272735,23.020090892981
臺南市永康區東橋里28鄰東橋六街69號,67,6703100,6703100-033,28鄰,東橋六街,,,,,,69號,120.23500488112,23.020115081329
臺南市永康區東橋里16鄰東橋六街128號,67,6703100,6703100-033,16鄰,東橋六街,,,,,,128號,120.23545320992,23.020057531152
臺南市永康區東橋里16鄰東橋六街132號,67,6703100,6703100-033,16鄰,東橋六街,,,,,,132號,120.23550827148,23.020081754102
臺南市永康區東橋里15鄰東橋六街168號,67,6703100,6703100-033,15鄰,東橋六街,,,,,,168號,120.2363714176,23.020626646305
