FULL_ADDR,COUNTY,TOWN,VILLAGE,NEIGHBORHOOD,ROAD,SECTION,LANE,ALLEY,SUB_ALLEY,TONG,NUMBER,X,Y
臺南市歸仁區武東里6鄰歸仁十四路162號,67,6702800,6702800-012,6鄰,歸仁十四路,,,,,,162號,120.27768307237,22.922205087567
臺南市歸仁區武東里6鄰歸仁十四路164號,67,6702800,6702800-012,6鄰,歸仁十四路,,,,,,164號,120.27761975849,22.922231800235
臺南市歸仁區武東里6鄰歸仁十四路166號,67,6702800,6702800-012,6鄰,歸仁十四路,,,,,,166號,120.27756504678,22.922254127153
臺南市歸仁區武東里6鄰歸仁十四路168號,67,6702800,6702800-012,6鄰,歸仁十四路,,,,,,168號,120.27741168617,22.922274740965
臺南市歸仁區武東里6鄰歸仁十四路208號,67,6702800,6702800-012,6鄰,歸仁十四路,,,,,,208號,120.27653856181,22.922700970125
臺南市歸仁區武東里6鄰歸仁十四路210號,67,6702800,6702800-012,6鄰,歸仁十四路,,,,,,210號,120.2764765311,22.922724617863
