FULL_ADDR,COUNTY,TOWN,VILLAGE,NEIGHBORHOOD,ROAD,SECTION,LANE,ALLEY,SUB_ALLEY,TONG,NUMBER,X,Y
臺南市安南區溪北里24鄰敬安街1號,67,6703500,6703500-038,24鄰,敬安街,,,,,,1號,120.21123087737,23.027900913391
臺南市安南區溪北里24鄰敬安街3號,67,6703500,6703500-038,24鄰,敬安街,,,,,,3號,120.21131351074,23.027901325272
臺南市安南區溪北里24鄰敬安街5號,67,6703500,6703500-038,24鄰,敬安街,,,,,,5號,120.2114189087,23.027896161591
臺南市安南區溪北里24鄰敬安街7號,67,6703500,6703500-038,24鄰,敬安街,,,,,,7號,120.21152086947,23.02789486366
臺南市安南區溪北里23鄰敬安街9號,67,6703500,6703500-038,23鄰,敬安街,,,,,,9號,120.2115634335,23.027890289788
臺南市安南區溪北里23鄰敬安街11號,67,6703500,6703500-038,23鄰,敬安街,,,,,,11號,120.21152130304,23.027719681731
臺南市安南區溪北里23鄰敬安街13號,67,6703500,6703500-038,23鄰,敬安街,,,,,,13號,120.21127251943,23.0277194352
臺南市安南區溪北里22鄰敬安街15號,67,6703500,6703500-038,22鄰,敬安街,,,,,,15號,120.21119751131,23.027330766688
臺南市安南區溪北里22鄰敬安街17號,67,6703500,6703500-038,22鄰,敬安街,,,,,,17號,120.21125395054,23.027339265416
臺南市安南區溪北里22鄰敬安街19號,67,6703500,6703500-038,22鄰,敬安街,,,,,,19號,120.21134993116,23.02719192093
臺南市安南區溪北里22鄰敬安街19之1號,67,6703500,6703500-038,22鄰,敬安街,,,,,,19之1號,120.21134993116,23.02719192093
臺南市安南區溪北里22鄰敬安街19之1號1,67,6703500,6703500-038,22鄰,敬安街,,,,,,19之1號1,120.21134993116,23.02719192093
