FULL_ADDR,COUNTY,TOWN,VILLAGE,NEIGHBORHOOD,ROAD,SECTION,LANE,ALLEY,SUB_ALLEY,TONG,NUMBER,X,Y
臺南市永康區王行里9鄰永科北路62號,67,6703100,6703100-006,9鄰,永科北路,,,,,,62號,120.27750323517,23.047226417037
臺南市永康區王行里9鄰永科北路109號,67,6703100,6703100-006,9鄰,永科北路,,,,,,109號,120.2767292095,23.046530110377
臺南市永康區王行里9鄰永科北路129號,67,6703100,6703100-006,9鄰,永科北路,,,,,,129號,120.27653346768,23.046391595052
臺南市永康區王行里9鄰永科北路176號,67,6703100,6703100-006,9鄰,永科北路,,,,,,176號,120.27656199946,23.046585197209
