FULL_ADDR,COUNTY,TOWN,VILLAGE,NEIGHBORHOOD,ROAD,SECTION,LANE,ALLEY,SUB_ALLEY,TONG,NUMBER,X,Y
臺南市中西區赤嵌里7鄰慈音街3號,67,6703700,6703700-005,7鄰,慈音街,,,,,,3號,120.2066903103,22.996320300653
臺南市中西區赤嵌里7鄰慈音街5號,67,6703700,6703700-005,7鄰,慈音街,,,,,,5號,120.20665165072,22.996326066927
臺南市中西區赤嵌里7鄰慈音街7號,67,6703700,6703700-005,7鄰,慈音街,,,,,,7號,120.20660304587,22.996364562771
臺南市中西區赤嵌里7鄰慈音街9號,67,6703700,6703700-005,7鄰,慈音街,,,,,,9號,120.2064992767,22.996462381166
臺南市中西區赤嵌里10鄰慈音街18號,67,6703700,6703700-005,10鄰,慈音街,,,,,,18號,120.20597723829,22.996796498952
臺南市中西區赤嵌里10鄰慈音街20號,67,6703700,6703700-005,10鄰,慈音街,,,,,,20號,120.2059276385,22.996804919246
