FULL_ADDR,COUNTY,TOWN,VILLAGE,NEIGHBORHOOD,ROAD,SECTION,LANE,ALLEY,SUB_ALLEY,TONG,NUMBER,X,Y
臺南市新營區中營里12鄰東隆街7號,67,6700100,6700100-009,12鄰,東隆街,,,,,,7號,120.32607926295,23.308570201744
臺南市新營區中營里12鄰東隆街9號,67,6700100,6700100-009,12鄰,東隆街,,,,,,9號,120.32618301255,23.308508521636
臺南市新營區中營里12鄰東隆街11號,67,6700100,6700100-009,12鄰,東隆街,,,,,,11號,120.32650516144,23.308430352046
臺南市新營區中營里12鄰東隆街13號,67,6700100,6700100-009,12鄰,東隆街,,,,,,13號,120.32664778431,23.308356828781
臺南市新營區中營里13鄰東隆街15號,67,6700100,6700100-009,13鄰,東隆街,,,,,,15號,120.32683122165,23.308410261176
臺南市新營區中營里13鄰東隆街17號,67,6700100,6700100-009,13鄰,東隆街,,,,,,17號,120.32702119624,23.308330349019
臺南市新營區中營里13鄰東隆街21號,67,6700100,6700100-009,13鄰,東隆街,,,,,,21號,120.32747227658,23.308120803209
