FULL_ADDR,COUNTY,TOWN,VILLAGE,NEIGHBORHOOD,ROAD,SECTION,LANE,ALLEY,SUB_ALLEY,TONG,NUMBER,X,Y
臺南市安南區顯宮里3鄰科技二路1號,67,6703500,6703500-034,3鄰,科技二路,,,,,,1號,120.14781299637,23.042361689637
臺南市安南區顯宮里3鄰科技二路3號,67,6703500,6703500-034,3鄰,科技二路,,,,,,3號,120.14760106268,23.042068156463
臺南市安南區顯宮里3鄰科技二路5號,67,6703500,6703500-034,3鄰,科技二路,,,,,,5號,120.14688649277,23.041409900333
臺南市安南區顯宮里3鄰科技二路7號,67,6703500,6703500-034,3鄰,科技二路,,,,,,7號,120.14655104429,23.04105330231
臺南市安南區顯宮里3鄰科技二路9號,67,6703500,6703500-034,3鄰,科技二路,,,,,,9號,120.14363296288,23.037598549294
臺南市安南區顯宮里3鄰科技二路15號,67,6703500,6703500-034,3鄰,科技二路,,,,,,15號,120.14304304154,23.036830514468
臺南市安南區顯宮里3鄰科技二路30號,67,6703500,6703500-034,3鄰,科技二路,,,,,,30號,120.14382071253,23.038536065788
臺南市安南區顯宮里3鄰科技二路50號,67,6703500,6703500-034,3鄰,科技二路,,,,,,50號,120.14109726842,23.035902515008
