FULL_ADDR,COUNTY,TOWN,VILLAGE,NEIGHBORHOOD,ROAD,SECTION,LANE,ALLEY,SUB_ALLEY,TONG,NUMBER,X,Y
臺南市新營區南紙里8鄰紙廠163之1號,67,6700100,6700100-020,8鄰,紙廠,,,,,,163之1號,120.29621787529,23.299110905872
臺南市新營區南紙里8鄰紙廠163之2號,67,6700100,6700100-020,8鄰,紙廠,,,,,,163之2號,120.29637790945,23.298980870709
臺南市新營區南紙里8鄰紙廠163之3號,67,6700100,6700100-020,8鄰,紙廠,,,,,,163之3號,120.29644787632,23.299060918844
臺南市新營區南紙里8鄰紙廠163之4號,67,6700100,6700100-020,8鄰,紙廠,,,,,,163之4號,120.29643779243,23.299230997357
臺南市新營區南紙里8鄰紙廠163之6號,67,6700100,6700100-020,8鄰,紙廠,,,,,,163之6號,120.29581789029,23.299100893064
