FULL_ADDR,COUNTY,TOWN,VILLAGE,NEIGHBORHOOD,ROAD,SECTION,LANE,ALLEY,SUB_ALLEY,TONG,NUMBER,X,Y
臺南市柳營區光福里9鄰福德一街5號,67,6700400,6700400-002,9鄰,福德一街,,,,,,5號,120.31377824504,23.277115990256
臺南市柳營區光福里9鄰福德一街7號,67,6700400,6700400-002,9鄰,福德一街,,,,,,7號,120.31363250977,23.277516012735
臺南市柳營區光福里9鄰福德一街32號,67,6700400,6700400-002,9鄰,福德一街,,,,,,32號,120.31387616838,23.277462808103
