FULL_ADDR,COUNTY,TOWN,VILLAGE,NEIGHBORHOOD,ROAD,SECTION,LANE,ALLEY,SUB_ALLEY,TONG,NUMBER,X,Y
臺南市玉井區玉井里7鄰玉井102號,67,6702300,6702300-001,7鄰,玉井,,,,,,102號,120.46236741698,23.128765059318
臺南市玉井區玉井里7鄰玉井104號,67,6702300,6702300-001,7鄰,玉井,,,,,,104號,120.46264360904,23.128576273725
臺南市玉井區玉井里7鄰玉井105號,67,6702300,6702300-001,7鄰,玉井,,,,,,105號,120.46288770328,23.128577105216
臺南市玉井區玉井里7鄰玉井108號,67,6702300,6702300-001,7鄰,玉井,,,,,,108號,120.4623082496,23.128421615402
