FULL_ADDR,COUNTY,TOWN,VILLAGE,NEIGHBORHOOD,ROAD,SECTION,LANE,ALLEY,SUB_ALLEY,TONG,NUMBER,X,Y
臺南市東山區東中里9鄰莒光街51號,67,6700600,6700600-002,9鄰,莒光街,,,,,,51號,120.40048658802,23.321321568071
臺南市東山區東中里9鄰莒光街53號,67,6700600,6700600-002,9鄰,莒光街,,,,,,53號,120.40041933899,23.321316524869
臺南市東山區東中里9鄰莒光街55號,67,6700600,6700600-002,9鄰,莒光街,,,,,,55號,120.40035986917,23.321321083234
臺南市東山區東中里9鄰莒光街57號,67,6700600,6700600-002,9鄰,莒光街,,,,,,57號,120.40028998261,23.321315488082
臺南市東山區東中里9鄰莒光街59號,67,6700600,6700600-002,9鄰,莒光街,,,,,,59號,120.40022532008,23.32132237433
臺南市東山區東中里9鄰莒光街60號,67,6700600,6700600-002,9鄰,莒光街,,,,,,60號,120.40007755071,23.321393507105
臺南市東山區東中里9鄰莒光街61號,67,6700600,6700600-002,9鄰,莒光街,,,,,,61號,120.40012956449,23.321329141531
