FULL_ADDR,COUNTY,TOWN,VILLAGE,NEIGHBORHOOD,ROAD,SECTION,LANE,ALLEY,SUB_ALLEY,TONG,NUMBER,X,Y
臺南市善化區小新里20鄰苗圃巷1號,67,6701900,6701900-021,20鄰,苗圃巷,,,,,,1號,120.32058066642,23.110851446003
臺南市善化區小新里20鄰苗圃巷2號,67,6701900,6701900-021,20鄰,苗圃巷,,,,,,2號,120.32250158602,23.112123206223
臺南市善化區小新里20鄰苗圃巷3號,67,6701900,6701900-021,20鄰,苗圃巷,,,,,,3號,120.32131441578,23.11200224756
臺南市善化區小新里20鄰苗圃巷5號,67,6701900,6701900-021,20鄰,苗圃巷,,,,,,5號,120.32149021066,23.111586324514
臺南市善化區小新里20鄰苗圃巷9號,67,6701900,6701900-021,20鄰,苗圃巷,,,,,,9號,120.32092822891,23.110168184353
臺南市善化區小新里20鄰苗圃巷11號,67,6701900,6701900-021,20鄰,苗圃巷,,,,,,11號,120.32008273651,23.107789527907
臺南市善化區小新里20鄰苗圃巷12號,67,6701900,6701900-021,20鄰,苗圃巷,,,,,,12號,120.32112948691,23.108520357887
臺南市善化區小新里20鄰苗圃巷13號,67,6701900,6701900-021,20鄰,苗圃巷,,,,,,13號,120.32136516322,23.108529020077
臺南市善化區小新里20鄰苗圃巷15號,67,6701900,6701900-021,20鄰,苗圃巷,,,,,,15號,120.32114780148,23.108166833211
