FULL_ADDR,COUNTY,TOWN,VILLAGE,NEIGHBORHOOD,ROAD,SECTION,LANE,ALLEY,SUB_ALLEY,TONG,NUMBER,X,Y
臺南市東區裕聖里6鄰裕孝一街1號,67,6703200,6703200-043,6鄰,裕孝一街,,,,,,1號,120.24360252009,22.979402537051
臺南市東區裕聖里6鄰裕孝一街3號,67,6703200,6703200-043,6鄰,裕孝一街,,,,,,3號,120.24365334267,22.979400702636
臺南市東區裕聖里6鄰裕孝一街5號,67,6703200,6703200-043,6鄰,裕孝一街,,,,,,5號,120.24370629926,22.979400955336
臺南市東區裕聖里6鄰裕孝一街7號,67,6703200,6703200-043,6鄰,裕孝一街,,,,,,7號,120.24376811916,22.979403327256
臺南市東區裕聖里6鄰裕孝一街9號,67,6703200,6703200-043,6鄰,裕孝一街,,,,,,9號,120.24382985309,22.979403621793
臺南市東區裕聖里6鄰裕孝一街11號,67,6703200,6703200-043,6鄰,裕孝一街,,,,,,11號,120.24389170766,22.979399762985
臺南市東區裕聖里6鄰裕孝一街31號,67,6703200,6703200-043,6鄰,裕孝一街,,,,,,31號,120.24433270962,22.97942128112
