FULL_ADDR,COUNTY,TOWN,VILLAGE,NEIGHBORHOOD,ROAD,SECTION,LANE,ALLEY,SUB_ALLEY,TONG,NUMBER,X,Y
臺南市善化區坐駕里18鄰興安街150號,67,6701900,6701900-002,18鄰,興安街,,,,,,150號,120.29955858873,23.126933935563
臺南市善化區坐駕里18鄰興安街151號,67,6701900,6701900-002,18鄰,興安街,,,,,,151號,120.29957750468,23.12719458374
臺南市善化區坐駕里18鄰興安街152號,67,6701900,6701900-002,18鄰,興安街,,,,,,152號,120.29974164746,23.126747427585
臺南市善化區坐駕里18鄰興安街153號,67,6701900,6701900-002,18鄰,興安街,,,,,,153號,120.29980725026,23.127149730863
