FULL_ADDR,COUNTY,TOWN,VILLAGE,NEIGHBORHOOD,ROAD,SECTION,LANE,ALLEY,SUB_ALLEY,TONG,NUMBER,X,Y
臺南市南區省躬里14鄰萬年七街586巷29號,67,6703300,6703300-017,14鄰,萬年七街,,586巷,,,,29號,120.19044805591,22.936293500881
臺南市南區興農里13鄰萬年七街238號,67,6703300,6703300-018,13鄰,萬年七街,,,,,,238號,120.18990236769,22.929947222915
臺南市南區興農里13鄰萬年七街296號,67,6703300,6703300-018,13鄰,萬年七街,,,,,,296號,120.18997162858,22.931123820877
