FULL_ADDR,COUNTY,TOWN,VILLAGE,NEIGHBORHOOD,ROAD,SECTION,LANE,ALLEY,SUB_ALLEY,TONG,NUMBER,X,Y
臺南市新營區三仙里29鄰育德七街94號,67,6700100,6700100-003,29鄰,育德七街,,,,,,94號,120.3103009428,23.312950265383
臺南市新營區三仙里29鄰育德七街96號,67,6700100,6700100-003,29鄰,育德七街,,,,,,96號,120.3101461335,23.312938567632
臺南市新營區三仙里29鄰育德七街97號,67,6700100,6700100-003,29鄰,育德七街,,,,,,97號,120.31024089715,23.312820331433
臺南市新營區三仙里29鄰育德七街98號,67,6700100,6700100-003,29鄰,育德七街,,,,,,98號,120.31019276932,23.31293877287
臺南市新營區三仙里29鄰育德七街99號,67,6700100,6700100-003,29鄰,育德七街,,,,,,99號,120.31017084668,23.312810361146
臺南市新營區三仙里29鄰育德七街100號,67,6700100,6700100-003,29鄰,育德七街,,,,,,100號,120.31025736995,23.312943843006
臺南市新營區三仙里29鄰育德七街106號,67,6700100,6700100-003,29鄰,育德七街,,,,,,106號,120.31038343702,23.313220442524
臺南市新營區三仙里29鄰育德七街108號,67,6700100,6700100-003,29鄰,育德七街,,,,,,108號,120.31036342399,23.313290426698
