FULL_ADDR,COUNTY,TOWN,VILLAGE,NEIGHBORHOOD,ROAD,SECTION,LANE,ALLEY,SUB_ALLEY,TONG,NUMBER,X,Y
臺南市東區後甲里1鄰裕永路1號,67,6703200,6703200-007,1鄰,裕永路,,,,,,1號,120.24114574598,22.989586973201
臺南市東區後甲里28鄰裕永路8號,67,6703200,6703200-007,28鄰,裕永路,,,,,,8號,120.24134682185,22.989846100354
臺南市東區後甲里28鄰裕永路18號,67,6703200,6703200-007,28鄰,裕永路,,,,,,18號,120.24122868,22.990227791768
臺南市東區後甲里28鄰裕永路20號,67,6703200,6703200-007,28鄰,裕永路,,,,,,20號,120.24122631732,22.990266610287
臺南市東區後甲里28鄰裕永路22號,67,6703200,6703200-007,28鄰,裕永路,,,,,,22號,120.24121507906,22.990305386299
臺南市東區後甲里28鄰裕永路26號,67,6703200,6703200-007,28鄰,裕永路,,,,,,26號,120.24120824143,22.990342106442
臺南市東區後甲里28鄰裕永路28號,67,6703200,6703200-007,28鄰,裕永路,,,,,,28號,120.24119702587,22.990376818974
臺南市東區後甲里28鄰裕永路55號,67,6703200,6703200-007,28鄰,裕永路,,,,,,55號,120.24092103232,22.990772012707
臺南市東區後甲里28鄰裕永路59號,67,6703200,6703200-007,28鄰,裕永路,,,,,,59號,120.24048884295,22.991086720606
