FULL_ADDR,COUNTY,TOWN,VILLAGE,NEIGHBORHOOD,ROAD,SECTION,LANE,ALLEY,SUB_ALLEY,TONG,NUMBER,X,Y
臺南市歸仁區武東里6鄰高鐵三路51號,67,6702800,6702800-012,6鄰,高鐵三路,,,,,,51號,120.28143332176,22.921303084768
臺南市歸仁區武東里6鄰高鐵三路53號,67,6702800,6702800-012,6鄰,高鐵三路,,,,,,53號,120.2814123832,22.921262082638
臺南市歸仁區武東里6鄰高鐵三路55號,67,6702800,6702800-012,6鄰,高鐵三路,,,,,,55號,120.28139670885,22.921221104326
臺南市歸仁區武東里6鄰高鐵三路91號,67,6702800,6702800-012,6鄰,高鐵三路,,,,,,91號,120.28097823956,22.920399798243
