FULL_ADDR,COUNTY,TOWN,VILLAGE,NEIGHBORHOOD,ROAD,SECTION,LANE,ALLEY,SUB_ALLEY,TONG,NUMBER,X,Y
臺南市東山區東中里4鄰龍鳳一街3號,67,6700600,6700600-002,4鄰,龍鳳一街,,,,,,3號,120.4013723738,23.323677005347
臺南市東山區東中里4鄰龍鳳一街8號,67,6700600,6700600-002,4鄰,龍鳳一街,,,,,,8號,120.40202779648,23.322911865354
臺南市東山區東中里4鄰龍鳳一街28號,67,6700600,6700600-002,4鄰,龍鳳一街,,,,,,28號,120.40214003683,23.323351423832
臺南市東山區東中里4鄰龍鳳一街32號,67,6700600,6700600-002,4鄰,龍鳳一街,,,,,,32號,120.40205111509,23.3235788218
