FULL_ADDR,COUNTY,TOWN,VILLAGE,NEIGHBORHOOD,ROAD,SECTION,LANE,ALLEY,SUB_ALLEY,TONG,NUMBER,X,Y
臺南市柳營區旭山里7鄰麻埔4號,67,6700400,6700400-013,7鄰,麻埔,,,,,,4號,120.38800131147,23.250397864944
臺南市柳營區旭山里7鄰麻埔4之2號,67,6700400,6700400-013,7鄰,麻埔,,,,,,4之2號,120.38797861632,23.252308634318
臺南市柳營區旭山里7鄰麻埔5號,67,6700400,6700400-013,7鄰,麻埔,,,,,,5號,120.38829893399,23.253751626422
臺南市柳營區旭山里7鄰麻埔7號,67,6700400,6700400-013,7鄰,麻埔,,,,,,7號,120.38870753664,23.254095186821
臺南市柳營區旭山里7鄰麻埔13號,67,6700400,6700400-013,7鄰,麻埔,,,,,,13號,120.38507973639,23.253134220168
臺南市柳營區旭山里7鄰麻埔18號,67,6700400,6700400-013,7鄰,麻埔,,,,,,18號,120.38520974076,23.251039658371
臺南市柳營區旭山里7鄰麻埔20號,67,6700400,6700400-013,7鄰,麻埔,,,,,,20號,120.38773336163,23.247611307454
臺南市柳營區旭山里7鄰麻埔21之2號,67,6700400,6700400-013,7鄰,麻埔,,,,,,21之2號,120.38276093073,23.257380098916
