FULL_ADDR,COUNTY,TOWN,VILLAGE,NEIGHBORHOOD,ROAD,SECTION,LANE,ALLEY,SUB_ALLEY,TONG,NUMBER,X,Y
臺南市東區東安里3鄰長榮路二段地下層24巷64號,67,6703200,6703200-011,3鄰,長榮路二段地下層,,24巷,,,,64號,120.22024511301,22.986887603729
臺南市東區東安里19鄰長榮路二段地下層32巷158號,67,6703200,6703200-011,19鄰,長榮路二段地下層,,32巷,,,,158號,120.2213204902,22.987436869263
臺南市東區東安里15鄰長榮路二段地下層32巷162號,67,6703200,6703200-011,15鄰,長榮路二段地下層,,32巷,,,,162號,120.22150247348,22.987201263369
