FULL_ADDR,COUNTY,TOWN,VILLAGE,NEIGHBORHOOD,ROAD,SECTION,LANE,ALLEY,SUB_ALLEY,TONG,NUMBER,X,Y
臺南市柳營區東昇里29鄰酪德街807巷66號,67,6700400,6700400-004,29鄰,酪德街,,807巷,,,,66號,120.32616366309,23.271981117003
臺南市柳營區東昇里29鄰酪德街723巷121號,67,6700400,6700400-004,29鄰,酪德街,,723巷,,,,121號,120.32440541118,23.269864333418
臺南市柳營區東昇里29鄰酪德街563巷220號,67,6700400,6700400-004,29鄰,酪德街,,563巷,,,,220號,120.3234265188,23.266559564268
