FULL_ADDR,COUNTY,TOWN,VILLAGE,NEIGHBORHOOD,ROAD,SECTION,LANE,ALLEY,SUB_ALLEY,TONG,NUMBER,X,Y
臺南市歸仁區武東里15鄰高鐵六路55號,67,6702800,6702800-012,15鄰,高鐵六路,,,,,,55號,120.27933613881,22.924719144651
臺南市歸仁區武東里15鄰高鐵六路61號,67,6702800,6702800-012,15鄰,高鐵六路,,,,,,61號,120.27908637813,22.924772824976
臺南市歸仁區武東里15鄰高鐵六路63號,67,6702800,6702800-012,15鄰,高鐵六路,,,,,,63號,120.27904636043,22.92478167361
