FULL_ADDR,COUNTY,TOWN,VILLAGE,NEIGHBORHOOD,ROAD,SECTION,LANE,ALLEY,SUB_ALLEY,TONG,NUMBER,X,Y
臺南市永康區王行里16鄰金專二路1號,67,6703100,6703100-006,16鄰,金專二路,,,,,,1號,120.28238075268,23.045062679189
臺南市永康區王行里16鄰金專二路58號,67,6703100,6703100-006,16鄰,金專二路,,,,,,58號,120.28124141571,23.045422406112
臺南市永康區王行里16鄰金專二路60號,67,6703100,6703100-006,16鄰,金專二路,,,,,,60號,120.28118649059,23.045497648852
