FULL_ADDR,COUNTY,TOWN,VILLAGE,NEIGHBORHOOD,ROAD,SECTION,LANE,ALLEY,SUB_ALLEY,TONG,NUMBER,X,Y
臺南市安南區長安里13鄰鎮安八街99巷6號,67,6703500,6703500-013,13鄰,鎮安八街,,99巷,,,,6號,120.19916976007,23.067852556804
臺南市安南區長安里13鄰鎮安八街99巷8號,67,6703500,6703500-013,13鄰,鎮安八街,,99巷,,,,8號,120.19912930855,23.067910234383
臺南市安南區長安里13鄰鎮安八街99巷10號,67,6703500,6703500-013,13鄰,鎮安八街,,99巷,,,,10號,120.19903470665,23.068031660503
臺南市安南區長安里13鄰鎮安八街99巷12號,67,6703500,6703500-013,13鄰,鎮安八街,,99巷,,,,12號,120.19898778796,23.068093729984
臺南市安南區長安里13鄰鎮安八街99巷16號,67,6703500,6703500-013,13鄰,鎮安八街,,99巷,,,,16號,120.19891409707,23.068210656697
臺南市安南區長安里13鄰鎮安八街99巷18號,67,6703500,6703500-013,13鄰,鎮安八街,,99巷,,,,18號,120.19885430217,23.068288192533
臺南市安南區長安里20鄰鎮安八街98號,67,6703500,6703500-013,20鄰,鎮安八街,,,,,,98號,120.19922211683,23.067465252623
