FULL_ADDR,COUNTY,TOWN,VILLAGE,NEIGHBORHOOD,ROAD,SECTION,LANE,ALLEY,SUB_ALLEY,TONG,NUMBER,X,Y
桃園市中壢區成功里7鄰上內壢15之1號,68,6800200,6800200-006,7鄰,上內壢,,,,,,15之1號,121.25668363572,24.980924377886
桃園市中壢區成功里7鄰上內壢17號,68,6800200,6800200-006,7鄰,上內壢,,,,,,17號,121.25686981279,24.983145120045
桃園市中壢區成功里7鄰上內壢18號,68,6800200,6800200-006,7鄰,上內壢,,,,,,18號,121.25573187615,24.984008473931
桃園市中壢區成功里11鄰上內壢18之9號,68,6800200,6800200-006,11鄰,上內壢,,,,,,18之9號,121.25656024063,24.98399160983
桃園市中壢區成功里11鄰上內壢369號,68,6800200,6800200-006,11鄰,上內壢,,,,,,369號,121.25610028708,24.98459405079
