FULL_ADDR,COUNTY,TOWN,VILLAGE,NEIGHBORHOOD,ROAD,SECTION,LANE,ALLEY,SUB_ALLEY,TONG,NUMBER,X,Y
桃園市楊梅區中山里8鄰中山北號一段12巷2弄1號,68,6800400,6800400-026,8鄰,中山北號一段,,12巷,2弄,,,1號,121.14899905897,24.908207541649
桃園市楊梅區中山里8鄰中山北號一段12巷2弄2號,68,6800400,6800400-026,8鄰,中山北號一段,,12巷,2弄,,,2號,121.14905504152,24.908084608184
桃園市楊梅區中山里8鄰中山北號一段12巷2弄3號,68,6800400,6800400-026,8鄰,中山北號一段,,12巷,2弄,,,3號,121.14911330636,24.908213386278
桃園市楊梅區中山里8鄰中山北號一段12巷2弄4號,68,6800400,6800400-026,8鄰,中山北號一段,,12巷,2弄,,,4號,121.14911314946,24.908082834698
桃園市楊梅區中山里8鄰中山北號一段12巷2弄5號,68,6800400,6800400-026,8鄰,中山北號一段,,12巷,2弄,,,5號,121.14919696605,24.908220705973
桃園市楊梅區中山里8鄰中山北號一段12巷2弄6號,68,6800400,6800400-026,8鄰,中山北號一段,,12巷,2弄,,,6號,121.14919838581,24.908084194024
桃園市楊梅區中山里8鄰中山北號一段12巷2弄7號,68,6800400,6800400-026,8鄰,中山北號一段,,12巷,2弄,,,7號,121.14926458137,24.908222082883
桃園市楊梅區中山里8鄰中山北號一段12巷2弄8號,68,6800400,6800400-026,8鄰,中山北號一段,,12巷,2弄,,,8號,121.14927402856,24.90809296625
