FULL_ADDR,COUNTY,TOWN,VILLAGE,NEIGHBORHOOD,ROAD,SECTION,LANE,ALLEY,SUB_ALLEY,TONG,NUMBER,X,Y
桃園市中壢區東興里12鄰上石頭62號,68,6800200,6800200-021,12鄰,上石頭,,,,,,62號,121.22503274121,24.951011127029
桃園市中壢區東興里2鄰上石頭66號,68,6800200,6800200-021,2鄰,上石頭,,,,,,66號,121.22824746062,24.953073829072
桃園市中壢區東興里2鄰上石頭66之4號,68,6800200,6800200-021,2鄰,上石頭,,,,,,66之4號,121.22824746062,24.953073829072
