FULL_ADDR,COUNTY,TOWN,VILLAGE,NEIGHBORHOOD,ROAD,SECTION,LANE,ALLEY,SUB_ALLEY,TONG,NUMBER,X,Y
桃園市觀音區富林里16鄰七賢一街27號,68,6801200,6801200-023,16鄰,七賢一街,,,,,,27號,121.13699426455,25.038560590884
桃園市觀音區富林里16鄰七賢一街29號,68,6801200,6801200-023,16鄰,七賢一街,,,,,,29號,121.13696769795,25.038642682795
桃園市觀音區富林里16鄰七賢一街31號,68,6801200,6801200-023,16鄰,七賢一街,,,,,,31號,121.13693784779,25.038712860346
桃園市觀音區富林里16鄰七賢一街33號,68,6801200,6801200-023,16鄰,七賢一街,,,,,,33號,121.13691225888,25.038783033963
桃園市觀音區富林里16鄰七賢一街35號,68,6801200,6801200-023,16鄰,七賢一街,,,,,,35號,121.13688678337,25.038866117967
桃園市觀音區富林里16鄰七賢一街37號,68,6801200,6801200-023,16鄰,七賢一街,,,,,,37號,121.13688584328,25.038911982693
桃園市觀音區富林里16鄰七賢一街39號,68,6801200,6801200-023,16鄰,七賢一街,,,,,,39號,121.13686175382,25.038993891733
