FULL_ADDR,COUNTY,TOWN,VILLAGE,NEIGHBORHOOD,ROAD,SECTION,LANE,ALLEY,SUB_ALLEY,TONG,NUMBER,X,Y
桃園市觀音區大潭里16鄰保生七街62號,68,6801200,6801200-004,16鄰,保生七街,,,,,,62號,121.05548393774,25.023792274008
桃園市觀音區大潭里16鄰保生七街68號,68,6801200,6801200-004,16鄰,保生七街,,,,,,68號,121.0555696984,25.023902658708
桃園市觀音區大潭里16鄰保生七街70號,68,6801200,6801200-004,16鄰,保生七街,,,,,,70號,121.05560529524,25.023956544653
桃園市觀音區大潭里16鄰保生七街72號,68,6801200,6801200-004,16鄰,保生七街,,,,,,72號,121.05565851637,25.023980720717
