FULL_ADDR,COUNTY,TOWN,VILLAGE,NEIGHBORHOOD,ROAD,SECTION,LANE,ALLEY,SUB_ALLEY,TONG,NUMBER,X,Y
桃園市觀音區大潭里16鄰保生一街198號,68,6801200,6801200-004,16鄰,保生一街,,,,,,198號,121.05844478814,25.024226305962
桃園市觀音區大潭里16鄰保生一街242號,68,6801200,6801200-004,16鄰,保生一街,,,,,,242號,121.05796781339,25.023669353198
桃園市觀音區大潭里16鄰保生一街246號,68,6801200,6801200-004,16鄰,保生一街,,,,,,246號,121.05791488408,25.023634253542
桃園市觀音區大潭里16鄰保生一街248號,68,6801200,6801200-004,16鄰,保生一街,,,,,,248號,121.0578449971,25.023569908608
桃園市觀音區大潭里16鄰保生一街250號,68,6801200,6801200-004,16鄰,保生一街,,,,,,250號,121.05778095252,25.023497345571
桃園市觀音區大潭里16鄰保生一街252號,68,6801200,6801200-004,16鄰,保生一街,,,,,,252號,121.05772851125,25.023446175193
桃園市觀音區大潭里16鄰保生一街262號,68,6801200,6801200-004,16鄰,保生一街,,,,,,262號,121.05757036559,25.023229556085
桃園市觀音區大潭里16鄰保生一街280號,68,6801200,6801200-004,16鄰,保生一街,,,,,,280號,121.05735120006,25.023050157163
