FULL_ADDR,COUNTY,TOWN,VILLAGE,NEIGHBORHOOD,ROAD,SECTION,LANE,ALLEY,SUB_ALLEY,TONG,NUMBER,X,Y
桃園市新屋區永興里6鄰五美路209號,68,6801100,6801100-015,6鄰,五美路,,,,,,209號,121.03414964651,25.008790317933
桃園市新屋區永興里6鄰五美路211號,68,6801100,6801100-015,6鄰,五美路,,,,,,211號,121.03408909186,25.008720271666
桃園市新屋區永興里6鄰五美路217號,68,6801100,6801100-015,6鄰,五美路,,,,,,217號,121.03397294597,25.008614395448
桃園市新屋區永興里3鄰五美路437號,68,6801100,6801100-015,3鄰,五美路,,,,,,437號,121.03114607195,25.004890539324
