FULL_ADDR,COUNTY,TOWN,VILLAGE,NEIGHBORHOOD,ROAD,SECTION,LANE,ALLEY,SUB_ALLEY,TONG,NUMBER,X,Y
桃園市大溪區中新里1鄰中庄山腳1之2號,68,6800300,6800300-014,1鄰,中庄山腳,,,,,,1之2號,121.31795430351,24.932865776424
桃園市大溪區中新里2鄰中庄山腳4號,68,6800300,6800300-014,2鄰,中庄山腳,,,,,,4號,121.3154105818,24.935141004264
桃園市大溪區中新里1鄰中庄山腳4號,68,6800300,6800300-014,1鄰,中庄山腳,,,,,,4號,121.31558034828,24.935239686154
