FULL_ADDR,COUNTY,TOWN,VILLAGE,NEIGHBORHOOD,ROAD,SECTION,LANE,ALLEY,SUB_ALLEY,TONG,NUMBER,X,Y
桃園市八德區廣隆里22鄰中路南街1號,68,6800800,6800800-008,22鄰,中路南街,,,,,,1號,121.29333332892,24.961201514096
桃園市八德區廣隆里34鄰中路南街2號,68,6800800,6800800-008,34鄰,中路南街,,,,,,2號,121.29345128946,24.960745259594
桃園市八德區廣隆里34鄰中路南街6號,68,6800800,6800800-008,34鄰,中路南街,,,,,,6號,121.29352209442,24.960742682412
桃園市八德區廣隆里34鄰中路南街8號,68,6800800,6800800-008,34鄰,中路南街,,,,,,8號,121.29367143515,24.960740040643
桃園市八德區廣隆里34鄰中路南街10號,68,6800800,6800800-008,34鄰,中路南街,,,,,,10號,121.29373957192,24.960739906274
桃園市八德區廣隆里34鄰中路南街12號,68,6800800,6800800-008,34鄰,中路南街,,,,,,12號,121.29385741341,24.960734888785
桃園市八德區廣隆里34鄰中路南街16號,68,6800800,6800800-008,34鄰,中路南街,,,,,,16號,121.29385756088,24.960797003565
桃園市八德區廣隆里34鄰中路南街18號,68,6800800,6800800-008,34鄰,中路南街,,,,,,18號,121.29385765454,24.960878168275
桃園市八德區廣隆里34鄰中路南街20號,68,6800800,6800800-008,34鄰,中路南街,,,,,,20號,121.29385779065,24.960935498049
