FULL_ADDR,COUNTY,TOWN,VILLAGE,NEIGHBORHOOD,ROAD,SECTION,LANE,ALLEY,SUB_ALLEY,TONG,NUMBER,X,Y
桃園市大溪區中新里14鄰中庄街21之1號,68,6800300,6800300-014,14鄰,中庄街,,,,,,21之1號,121.32234679282,24.931620809287
桃園市大溪區中新里14鄰中庄街21之3號,68,6800300,6800300-014,14鄰,中庄街,,,,,,21之3號,121.32182499284,24.93101017418
桃園市大溪區中新里14鄰中庄街21之5號,68,6800300,6800300-014,14鄰,中庄街,,,,,,21之5號,121.32146642336,24.930725560978
桃園市大溪區中新里14鄰中庄街21之6號,68,6800300,6800300-014,14鄰,中庄街,,,,,,21之6號,121.32134533105,24.93068727091
桃園市大溪區中新里14鄰中庄街21之10號,68,6800300,6800300-014,14鄰,中庄街,,,,,,21之10號,121.32067259207,24.929940989585
