FULL_ADDR,COUNTY,TOWN,VILLAGE,NEIGHBORHOOD,ROAD,SECTION,LANE,ALLEY,SUB_ALLEY,TONG,NUMBER,X,Y
桃園市八德區茄苳里10鄰三界廟前13號,68,6800800,6800800-011,10鄰,三界廟前,,,,,,13號,121.27492963761,24.962332757767
桃園市八德區茄苳里10鄰三界廟前15號,68,6800800,6800800-011,10鄰,三界廟前,,,,,,15號,121.27494556718,24.963306527313
桃園市八德區茄苳里10鄰三界廟前18號,68,6800800,6800800-011,10鄰,三界廟前,,,,,,18號,121.27393550505,24.962739692245
桃園市八德區白鷺里14鄰三界廟前6之5號,68,6800800,6800800-013,14鄰,三界廟前,,,,,,6之5號,121.27637681528,24.963635309095
