FULL_ADDR,COUNTY,TOWN,VILLAGE,NEIGHBORHOOD,ROAD,SECTION,LANE,ALLEY,SUB_ALLEY,TONG,NUMBER,X,Y
桃園市楊梅區瑞原里5鄰上陰影窩35之1號,68,6800400,6800400-023,5鄰,上陰影窩,,,,,,35之1號,121.10521885161,24.93260934632
桃園市楊梅區瑞原里9鄰上陰影窩72號,68,6800400,6800400-023,9鄰,上陰影窩,,,,,,72號,121.1119431858,24.930908091743
桃園市楊梅區瑞原里9鄰上陰影窩73號,68,6800400,6800400-023,9鄰,上陰影窩,,,,,,73號,121.1118386463,24.92972165052
桃園市楊梅區瑞原里10鄰上陰影窩81之1號,68,6800400,6800400-023,10鄰,上陰影窩,,,,,,81之1號,121.11372117904,24.925847468925
