FULL_ADDR,COUNTY,TOWN,VILLAGE,NEIGHBORHOOD,ROAD,SECTION,LANE,ALLEY,SUB_ALLEY,TONG,NUMBER,X,Y
桃園市蘆竹區上竹里17鄰上竹一街15號,68,6800500,6800500-022,17鄰,上竹一街,,,,,,15號,121.26696425562,25.019266900006
桃園市蘆竹區上竹里17鄰上竹一街17號,68,6800500,6800500-022,17鄰,上竹一街,,,,,,17號,121.26699831104,25.019299160153
桃園市蘆竹區上竹里17鄰上竹一街26號,68,6800500,6800500-022,17鄰,上竹一街,,,,,,26號,121.2673097099,25.019335345784
桃園市蘆竹區上竹里17鄰上竹一街28號,68,6800500,6800500-022,17鄰,上竹一街,,,,,,28號,121.26735120821,25.019372919162
