FULL_ADDR,COUNTY,TOWN,VILLAGE,NEIGHBORHOOD,ROAD,SECTION,LANE,ALLEY,SUB_ALLEY,TONG,NUMBER,X,Y
桃園市楊梅區仁美里2鄰仁平路27巷17號,68,6800400,6800400-018,2鄰,仁平路,,27巷,,,,17號,121.1829630095,24.920711448677
桃園市楊梅區仁美里2鄰仁平路27巷25號,68,6800400,6800400-018,2鄰,仁平路,,27巷,,,,25號,121.18311740364,24.920943290283
