FULL_ADDR,COUNTY,TOWN,VILLAGE,NEIGHBORHOOD,ROAD,SECTION,LANE,ALLEY,SUB_ALLEY,TONG,NUMBER,X,Y
桃園市新屋區頭洲里4鄰中山東路二535巷10號,68,6801100,6801100-005,4鄰,中山東路二,,535巷,,,,10號,121.15068946091,24.963055334896
桃園市新屋區九斗里7鄰中山東路二30巷33弄22之5號,68,6801100,6801100-007,7鄰,中山東路二,,30巷,33弄,,,22之5號,121.13080093869,24.970914761164
