FULL_ADDR,COUNTY,TOWN,VILLAGE,NEIGHBORHOOD,ROAD,SECTION,LANE,ALLEY,SUB_ALLEY,TONG,NUMBER,X,Y
桃園市大溪區月眉里1鄰下石屯8號,68,6800300,6800300-005,1鄰,下石屯,,,,,,8號,121.30446850662,24.899482256892
桃園市大溪區月眉里2鄰下石屯10號,68,6800300,6800300-005,2鄰,下石屯,,,,,,10號,121.30011852327,24.897771696961
桃園市大溪區月眉里2鄰下石屯13號,68,6800300,6800300-005,2鄰,下石屯,,,,,,13號,121.30242547915,24.900000129223
桃園市大溪區月眉里2鄰下石屯15號,68,6800300,6800300-005,2鄰,下石屯,,,,,,15號,121.30282315857,24.900180884169
