FULL_ADDR,COUNTY,TOWN,VILLAGE,NEIGHBORHOOD,ROAD,SECTION,LANE,ALLEY,SUB_ALLEY,TONG,NUMBER,X,Y
桃園市龜山區新興里16鄰下山腳7號,68,6800700,6800700-030,16鄰,下山腳,,,,,,7號,121.33404287478,24.989114736845
桃園市龜山區新興里16鄰下山腳7之1號,68,6800700,6800700-030,16鄰,下山腳,,,,,,7之1號,121.3341037837,24.989110176242
桃園市龜山區新興里16鄰下山腳9之1號,68,6800700,6800700-030,16鄰,下山腳,,,,,,9之1號,121.33435555442,24.989133084334
桃園市龜山區新興里16鄰下山腳9之3號,68,6800700,6800700-030,16鄰,下山腳,,,,,,9之3號,121.33446787328,24.989164521247
桃園市龜山區新興里16鄰下山腳9之5號,68,6800700,6800700-030,16鄰,下山腳,,,,,,9之5號,121.33454402268,24.989191164114
桃園市龜山區新興里19鄰下山腳16號,68,6800700,6800700-030,19鄰,下山腳,,,,,,16號,121.33946075784,24.991514745726
桃園市龜山區新興里19鄰下山腳16之1號,68,6800700,6800700-030,19鄰,下山腳,,,,,,16之1號,121.33920062022,24.991477239569
桃園市龜山區新興里19鄰下山腳16之2號,68,6800700,6800700-030,19鄰,下山腳,,,,,,16之2號,121.33916994964,24.991418986724
