FULL_ADDR,COUNTY,TOWN,VILLAGE,NEIGHBORHOOD,ROAD,SECTION,LANE,ALLEY,SUB_ALLEY,TONG,NUMBER,X,Y
桃園市龍潭區三坑里11鄰三坑子24號,68,6800900,6800900-017,11鄰,三坑子,,,,,,24號,121.25235243333,24.839194927964
桃園市龍潭區三坑里6鄰三坑子26號,68,6800900,6800900-017,6鄰,三坑子,,,,,,26號,121.25239605552,24.840604747908
桃園市龍潭區三坑里6鄰三坑子67號,68,6800900,6800900-017,6鄰,三坑子,,,,,,67號,121.2482376323,24.844008692428
桃園市龍潭區三坑里三坑子78號,68,6800900,6800900-017,,三坑子,,,,,,78號,121.24787709723,24.844016423384
桃園市龍潭區三坑里16鄰三坑子97號,68,6800900,6800900-017,16鄰,三坑子,,,,,,97號,121.24569536705,24.841649137069
桃園市龍潭區三坑里14鄰三坑子110之1號,68,6800900,6800900-017,14鄰,三坑子,,,,,,110之1號,121.24703143291,24.841029203372
桃園市龍潭區三坑里11鄰三坑子121號,68,6800900,6800900-017,11鄰,三坑子,,,,,,121號,121.24916387409,24.832755354558
桃園市龍潭區三坑里17鄰三坑子124號,68,6800900,6800900-017,17鄰,三坑子,,,,,,124號,121.24830408693,24.837643294728
桃園市龍潭區三坑里18鄰三坑子126號,68,6800900,6800900-017,18鄰,三坑子,,,,,,126號,121.24633870183,24.838057886233
