FULL_ADDR,COUNTY,TOWN,VILLAGE,NEIGHBORHOOD,ROAD,SECTION,LANE,ALLEY,SUB_ALLEY,TONG,NUMBER,X,Y
桃園市龍潭區高原里10鄰六槓寮1號,68,6800900,6800900-012,10鄰,六槓寮,,,,,,1號,121.19044001097,24.843271742491
桃園市龍潭區高原里10鄰六槓寮1之1號,68,6800900,6800900-012,10鄰,六槓寮,,,,,,1之1號,121.19047124423,24.843250305048
桃園市龍潭區高原里10鄰六槓寮1之2號,68,6800900,6800900-012,10鄰,六槓寮,,,,,,1之2號,121.19050236222,24.843218214069
桃園市龍潭區高原里10鄰六槓寮1之3號,68,6800900,6800900-012,10鄰,六槓寮,,,,,,1之3號,121.19054139011,24.843182501583
桃園市龍潭區高原里10鄰六槓寮1之4號,68,6800900,6800900-012,10鄰,六槓寮,,,,,,1之4號,121.19060377467,24.843086177796
桃園市龍潭區高原里10鄰六槓寮1之5號,68,6800900,6800900-012,10鄰,六槓寮,,,,,,1之5號,121.19335009679,24.843441444168
桃園市龍潭區高原里10鄰六槓寮2號,68,6800900,6800900-012,10鄰,六槓寮,,,,,,2號,121.19189469229,24.841807348506
桃園市龍潭區高原里10鄰六槓寮3號,68,6800900,6800900-012,10鄰,六槓寮,,,,,,3號,121.18955180646,24.842303386942
桃園市龍潭區高原里10鄰六槓寮6號,68,6800900,6800900-012,10鄰,六槓寮,,,,,,6號,121.18984365965,24.841961286205
