FULL_ADDR,COUNTY,TOWN,VILLAGE,NEIGHBORHOOD,ROAD,SECTION,LANE,ALLEY,SUB_ALLEY,TONG,NUMBER,X,Y
桃園市龜山區兔坑里12鄰大湖頂2之3號,68,6800700,6800700-003,12鄰,大湖頂,,,,,,2之3號,121.35821464941,24.987892962845
桃園市龜山區兔坑里17鄰大湖頂61之6號,68,6800700,6800700-003,17鄰,大湖頂,,,,,,61之6號,121.38278769352,24.993713065887
桃園市龜山區兔坑里17鄰大湖頂61之7號,68,6800700,6800700-003,17鄰,大湖頂,,,,,,61之7號,121.38213923022,24.994545513222
桃園市龜山區兔坑里17鄰大湖頂61之9號,68,6800700,6800700-003,17鄰,大湖頂,,,,,,61之9號,121.38229156728,24.994474430616
桃園市龜山區兔坑里17鄰大湖頂61之10號,68,6800700,6800700-003,17鄰,大湖頂,,,,,,61之10號,121.38373282671,24.993004711749
桃園市龜山區兔坑里17鄰大湖頂61之18號,68,6800700,6800700-003,17鄰,大湖頂,,,,,,61之18號,121.37647950371,24.986752837529
桃園市龜山區兔坑里17鄰大湖頂65之1號,68,6800700,6800700-003,17鄰,大湖頂,,,,,,65之1號,121.37644040053,24.989005309548
桃園市龜山區兔坑里18鄰大湖頂73號,68,6800700,6800700-003,18鄰,大湖頂,,,,,,73號,121.3760954937,24.986438089778
