FULL_ADDR,COUNTY,TOWN,VILLAGE,NEIGHBORHOOD,ROAD,SECTION,LANE,ALLEY,SUB_ALLEY,TONG,NUMBER,X,Y
桃園市蘆竹區中興里10鄰大興六街12號,68,6800500,6800500-036,10鄰,大興六街,,,,,,12號,121.2583730634,25.016305627259
桃園市蘆竹區中興里10鄰大興六街16號,68,6800500,6800500-036,10鄰,大興六街,,,,,,16號,121.25842190717,25.01635140616
桃園市蘆竹區中興里10鄰大興六街18號,68,6800500,6800500-036,10鄰,大興六街,,,,,,18號,121.25847828093,25.016397081673
