FULL_ADDR,COUNTY,TOWN,VILLAGE,NEIGHBORHOOD,ROAD,SECTION,LANE,ALLEY,SUB_ALLEY,TONG,NUMBER,X,Y
桃園市觀音區草漯里4鄰富安街11號,68,6801200,6801200-021,4鄰,富安街,,,,,,11號,121.13992362154,25.047970780298
桃園市觀音區草漯里4鄰富安街13號,68,6801200,6801200-021,4鄰,富安街,,,,,,13號,121.13992362154,25.047970780298
桃園市觀音區草漯里4鄰富安街15號,68,6801200,6801200-021,4鄰,富安街,,,,,,15號,121.13992362154,25.047970780298
桃園市觀音區草漯里4鄰富安街17號,68,6801200,6801200-021,4鄰,富安街,,,,,,17號,121.13992362154,25.047970780298
