FULL_ADDR,COUNTY,TOWN,VILLAGE,NEIGHBORHOOD,ROAD,SECTION,LANE,ALLEY,SUB_ALLEY,TONG,NUMBER,X,Y
桃園市中壢區文化里6鄰北園路14號,68,6800200,6800200-034,6鄰,北園路,,,,,,14號,121.24260271504,24.984376691092
桃園市中壢區文化里6鄰北園路31號,68,6800200,6800200-034,6鄰,北園路,,,,,,31號,121.24190681245,24.982383461135
桃園市中壢區文化里6鄰北園路31之1號,68,6800200,6800200-034,6鄰,北園路,,,,,,31之1號,121.2419662861,24.982606996737
桃園市中壢區文化里6鄰北園路31之5號,68,6800200,6800200-034,6鄰,北園路,,,,,,31之5號,121.24189576919,24.982814492593
桃園市中壢區文化里6鄰北園路33號,68,6800200,6800200-034,6鄰,北園路,,,,,,33號,121.24128641729,24.982170405919
桃園市中壢區文化里6鄰北園路37之1號,68,6800200,6800200-034,6鄰,北園路,,,,,,37之1號,121.24225218307,24.985198841811
桃園市中壢區永福里7鄰北園路35號,68,6800200,6800200-074,7鄰,北園路,,,,,,35號,121.24194660167,24.983380307016
