FULL_ADDR,COUNTY,TOWN,VILLAGE,NEIGHBORHOOD,ROAD,SECTION,LANE,ALLEY,SUB_ALLEY,TONG,NUMBER,X,Y
桃園市大溪區義和里20鄰南苑10號,68,6800300,6800300-012,20鄰,南苑,,,,,,10號,121.250909564,24.81831282405
桃園市大溪區義和里20鄰南苑11號,68,6800300,6800300-012,20鄰,南苑,,,,,,11號,121.25290229363,24.818225953639
桃園市大溪區義和里20鄰南苑12號,68,6800300,6800300-012,20鄰,南苑,,,,,,12號,121.25429707373,24.819517108103
