FULL_ADDR,COUNTY,TOWN,VILLAGE,NEIGHBORHOOD,ROAD,SECTION,LANE,ALLEY,SUB_ALLEY,TONG,NUMBER,X,Y
桃園市八德區廣興里25鄰十八家3號,68,6800800,6800800-007,25鄰,十八家,,,,,,3號,121.28564584025,24.955214583157
桃園市八德區廣興里25鄰十八家3之1號,68,6800800,6800800-007,25鄰,十八家,,,,,,3之1號,121.28548880324,24.955441405869
桃園市八德區廣興里25鄰十八家3之2號,68,6800800,6800800-007,25鄰,十八家,,,,,,3之2號,121.28545307496,24.955408159677
桃園市八德區廣興里25鄰十八家4號,68,6800800,6800800-007,25鄰,十八家,,,,,,4號,121.2856656011,24.954894399459
桃園市八德區廣興里25鄰十八家4之1號,68,6800800,6800800-007,25鄰,十八家,,,,,,4之1號,121.28532190136,24.95473977031
