FULL_ADDR,COUNTY,TOWN,VILLAGE,NEIGHBORHOOD,ROAD,SECTION,LANE,ALLEY,SUB_ALLEY,TONG,NUMBER,X,Y
桃園市龜山區山德里9鄰建國新村53號,68,6800700,6800700-014,9鄰,建國新村,,,,,,53號,121.32380647174,24.991820212833
桃園市龜山區山德里9鄰建國新村53之1號,68,6800700,6800700-014,9鄰,建國新村,,,,,,53之1號,121.3242353237,24.992052931351
桃園市龜山區山德里9鄰建國新村53之2號,68,6800700,6800700-014,9鄰,建國新村,,,,,,53之2號,121.32438341483,24.992088541211
桃園市龜山區山德里9鄰建國新村53之3號,68,6800700,6800700-014,9鄰,建國新村,,,,,,53之3號,121.32460408925,24.991811432901
桃園市龜山區山德里9鄰建國新村53之4號,68,6800700,6800700-014,9鄰,建國新村,,,,,,53之4號,121.32447910297,24.991784710891
桃園市龜山區山德里9鄰建國新村53之5號,68,6800700,6800700-014,9鄰,建國新村,,,,,,53之5號,121.32413003472,24.992020207451
桃園市龜山區山德里9鄰建國新村54號,68,6800700,6800700-014,9鄰,建國新村,,,,,,54號,121.32360033796,24.991787166274
