FULL_ADDR,COUNTY,TOWN,VILLAGE,NEIGHBORHOOD,ROAD,SECTION,LANE,ALLEY,SUB_ALLEY,TONG,NUMBER,X,Y
桃園市觀音區樹林里13鄰國光路6號,68,6801200,6801200-022,13鄰,國光路,,,,,,6號,121.1052785731,25.058677964693
桃園市觀音區樹林里13鄰國光路8號,68,6801200,6801200-022,13鄰,國光路,,,,,,8號,121.10496020846,25.05902144606
桃園市觀音區樹林里13鄰國光路10號,68,6801200,6801200-022,13鄰,國光路,,,,,,10號,121.10462965604,25.059371164848
