FULL_ADDR,COUNTY,TOWN,VILLAGE,NEIGHBORHOOD,ROAD,SECTION,LANE,ALLEY,SUB_ALLEY,TONG,NUMBER,X,Y
桃園市蘆竹區山腳里18鄰山外路3號,68,6800500,6800500-012,18鄰,山外路,,,,,,3號,121.28620206338,25.083148218068
桃園市蘆竹區山腳里18鄰山外路25號,68,6800500,6800500-012,18鄰,山外路,,,,,,25號,121.28649987469,25.083152699227
桃園市蘆竹區山腳里18鄰山外路29號,68,6800500,6800500-012,18鄰,山外路,,,,,,29號,121.28672884677,25.083055023203
桃園市蘆竹區山腳里18鄰山外路31號,68,6800500,6800500-012,18鄰,山外路,,,,,,31號,121.28687177122,25.083043100604
桃園市蘆竹區山腳里18鄰山外路513號,68,6800500,6800500-012,18鄰,山外路,,,,,,513號,121.28811518095,25.082985078074
桃園市蘆竹區山腳里18鄰山外路515號,68,6800500,6800500-012,18鄰,山外路,,,,,,515號,121.2886066502,25.082925620327
