FULL_ADDR,COUNTY,TOWN,VILLAGE,NEIGHBORHOOD,ROAD,SECTION,LANE,ALLEY,SUB_ALLEY,TONG,NUMBER,X,Y
桃園市平鎮區湧光里18鄰工業九路3號,68,6801000,6801000-016,18鄰,工業九路,,,,,,3號,121.20562019836,24.898853922588
桃園市平鎮區湧光里18鄰工業九路5號,68,6801000,6801000-016,18鄰,工業九路,,,,,,5號,121.20613084575,24.898836515329
桃園市平鎮區湧光里18鄰工業九路7號,68,6801000,6801000-016,18鄰,工業九路,,,,,,7號,121.20679092033,24.898852304629
桃園市平鎮區湧光里18鄰工業九路7之1號,68,6801000,6801000-016,18鄰,工業九路,,,,,,7之1號,121.20657489297,24.898889710874
