FULL_ADDR,COUNTY,TOWN,VILLAGE,NEIGHBORHOOD,ROAD,SECTION,LANE,ALLEY,SUB_ALLEY,TONG,NUMBER,X,Y
桃園市大園區南港里12鄰園七街9號,68,6800600,6800600-019,12鄰,園七街,,,,,,9號,121.17935239868,25.055490055885
桃園市大園區南港里12鄰園七街11號,68,6800600,6800600-019,12鄰,園七街,,,,,,11號,121.17927926623,25.055430828335
桃園市大園區南港里12鄰園七街13號,68,6800600,6800600-019,12鄰,園七街,,,,,,13號,121.17923391891,25.055394589352
