FULL_ADDR,COUNTY,TOWN,VILLAGE,NEIGHBORHOOD,ROAD,SECTION,LANE,ALLEY,SUB_ALLEY,TONG,NUMBER,X,Y
桃園市龜山區兔坑里2鄰兔坑路8之1號,68,6800700,6800700-003,2鄰,兔坑路,,,,,,8之1號,121.35686334452,24.990686670929
桃園市龜山區兔坑里2鄰兔坑路1巷11號,68,6800700,6800700-003,2鄰,兔坑路,,1巷,,,,11號,121.35642090934,24.990778284983
桃園市龜山區兔坑里2鄰兔坑路1巷12號,68,6800700,6800700-003,2鄰,兔坑路,,1巷,,,,12號,121.35591159863,24.991073103733
桃園市龜山區兔坑里2鄰兔坑路12之1號,68,6800700,6800700-003,2鄰,兔坑路,,,,,,12之1號,121.35856235234,24.994964788678
桃園市龜山區兔坑里2鄰兔坑路13之1號,68,6800700,6800700-003,2鄰,兔坑路,,,,,,13之1號,121.35702968986,24.992135130218
桃園市龜山區兔坑里2鄰兔坑路53巷68號,68,6800700,6800700-003,2鄰,兔坑路,,53巷,,,,68號,121.35776928234,24.993504478273
