FULL_ADDR,COUNTY,TOWN,VILLAGE,NEIGHBORHOOD,ROAD,SECTION,LANE,ALLEY,SUB_ALLEY,TONG,NUMBER,X,Y
桃園市龍潭區三水里5鄰大北坑31巷3號,68,6800900,6800900-008,5鄰,大北坑,,31巷,,,,3號,121.17034548661,24.869040040659
桃園市龍潭區三水里9鄰大北坑7號,68,6800900,6800900-008,9鄰,大北坑,,,,,,7號,121.15707118253,24.851739046129
桃園市龍潭區三水里5鄰大北坑31巷9號,68,6800900,6800900-008,5鄰,大北坑,,31巷,,,,9號,121.17110089008,24.868402125023
桃園市龍潭區三水里5鄰大北坑31巷19號,68,6800900,6800900-008,5鄰,大北坑,,31巷,,,,19號,121.17033615998,24.868372573127
桃園市龍潭區三水里5鄰大北坑32號,68,6800900,6800900-008,5鄰,大北坑,,,,,,32號,121.16939450175,24.869590597839
桃園市龍潭區三水里5鄰大北坑36號,68,6800900,6800900-008,5鄰,大北坑,,,,,,36號,121.1668323387,24.866952731148
桃園市龍潭區三水里5鄰大北坑37號,68,6800900,6800900-008,5鄰,大北坑,,,,,,37號,121.16990505544,24.869154030838
桃園市龍潭區三水里5鄰大北坑46號,68,6800900,6800900-008,5鄰,大北坑,,,,,,46號,121.1704754499,24.870572572961
