FULL_ADDR,COUNTY,TOWN,VILLAGE,NEIGHBORHOOD,ROAD,SECTION,LANE,ALLEY,SUB_ALLEY,TONG,NUMBER,X,Y
桃園市觀音區草新里25鄰八德二街1號,68,6801200,6801200-024,25鄰,八德二街,,,,,,1號,121.13692101571,25.041225546905
桃園市觀音區草新里25鄰八德二街2號,68,6801200,6801200-024,25鄰,八德二街,,,,,,2號,121.13717335724,25.041340425187
桃園市觀音區草新里25鄰八德二街6號,68,6801200,6801200-024,25鄰,八德二街,,,,,,6號,121.13714089245,25.04137692955
桃園市觀音區草新里25鄰八德二街8號,68,6801200,6801200-024,25鄰,八德二街,,,,,,8號,121.13710596015,25.041422464499
桃園市觀音區草新里25鄰八德二街10號,68,6801200,6801200-024,25鄰,八德二街,,,,,,10號,121.1370810372,25.041468080489
