FULL_ADDR,COUNTY,TOWN,VILLAGE,NEIGHBORHOOD,ROAD,SECTION,LANE,ALLEY,SUB_ALLEY,TONG,NUMBER,X,Y
桃園市蘆竹區外社里10鄰山頂街60巷15號,68,6800500,6800500-013,10鄰,山頂街,,60巷,,,,15號,121.30676663063,25.083928158135
桃園市蘆竹區外社里10鄰山頂街50巷21號,68,6800500,6800500-013,10鄰,山頂街,,50巷,,,,21號,121.30668389989,25.083708402239
桃園市蘆竹區外社里10鄰山頂街60巷25號,68,6800500,6800500-013,10鄰,山頂街,,60巷,,,,25號,121.30690592983,25.084053091211
桃園市蘆竹區外社里10鄰山頂街60巷27號,68,6800500,6800500-013,10鄰,山頂街,,60巷,,,,27號,121.3069608523,25.084093423938
桃園市蘆竹區外社里10鄰山頂街50巷43號,68,6800500,6800500-013,10鄰,山頂街,,50巷,,,,43號,121.3071177523,25.083802752495
桃園市蘆竹區外社里10鄰山頂街50巷45號,68,6800500,6800500-013,10鄰,山頂街,,50巷,,,,45號,121.30717625033,25.083845786204
桃園市蘆竹區外社里10鄰山頂街50巷51號,68,6800500,6800500-013,10鄰,山頂街,,50巷,,,,51號,121.30724334803,25.084077310837
