FULL_ADDR,COUNTY,TOWN,VILLAGE,NEIGHBORHOOD,ROAD,SECTION,LANE,ALLEY,SUB_ALLEY,TONG,NUMBER,X,Y
桃園市蘆竹區宏竹里6鄰建國二十村9號,68,6800500,6800500-023,6鄰,建國二十村,,,,,,9號,121.25361406687,25.040783106898
桃園市蘆竹區宏竹里6鄰建國二十村27號,68,6800500,6800500-023,6鄰,建國二十村,,,,,,27號,121.25368202401,25.041011315987
桃園市蘆竹區宏竹里6鄰建國二十村30號,68,6800500,6800500-023,6鄰,建國二十村,,,,,,30號,121.25297649728,25.040756928361
桃園市蘆竹區宏竹里6鄰建國二十村50號,68,6800500,6800500-023,6鄰,建國二十村,,,,,,50號,121.25296601865,25.040962881182
