FULL_ADDR,COUNTY,TOWN,VILLAGE,NEIGHBORHOOD,ROAD,SECTION,LANE,ALLEY,SUB_ALLEY,TONG,NUMBER,X,Y
桃園市觀音區大潭里1鄰大潭北路29號,68,6801200,6801200-004,1鄰,大潭北路,,,,,,29號,121.06017961929,25.035594464666
桃園市觀音區大潭里1鄰大潭北路399號,68,6801200,6801200-004,1鄰,大潭北路,,,,,,399號,121.06540178507,25.03809193309
桃園市觀音區大潭里1鄰大潭北路451號,68,6801200,6801200-004,1鄰,大潭北路,,,,,,451號,121.06670827841,25.038399760165
