FULL_ADDR,COUNTY,TOWN,VILLAGE,NEIGHBORHOOD,ROAD,SECTION,LANE,ALLEY,SUB_ALLEY,TONG,NUMBER,X,Y
桃園市觀音區草漯里4鄰富平街36號,68,6801200,6801200-021,4鄰,富平街,,,,,,36號,121.13982688792,25.047441993131
桃園市觀音區草漯里4鄰富平街65號,68,6801200,6801200-021,4鄰,富平街,,,,,,65號,121.13935557394,25.047913352516
桃園市觀音區草漯里4鄰富平街71號,68,6801200,6801200-021,4鄰,富平街,,,,,,71號,121.13923863478,25.04783193655
桃園市觀音區草漯里4鄰富平街81號,68,6801200,6801200-021,4鄰,富平街,,,,,,81號,121.13967197159,25.048393090457
桃園市觀音區草漯里4鄰富平街82號,68,6801200,6801200-021,4鄰,富平街,,,,,,82號,121.13935557394,25.047913352516
