FULL_ADDR,COUNTY,TOWN,VILLAGE,NEIGHBORHOOD,ROAD,SECTION,LANE,ALLEY,SUB_ALLEY,TONG,NUMBER,X,Y
桃園市平鎮區平興里9鄰崇義六街2號,68,6801000,6801000-043,9鄰,崇義六街,,,,,,2號,121.20582321875,24.943287925401
桃園市平鎮區平興里9鄰崇義六街6號,68,6801000,6801000-043,9鄰,崇義六街,,,,,,6號,121.2057542571,24.943262831365
桃園市平鎮區平興里9鄰崇義六街8號,68,6801000,6801000-043,9鄰,崇義六街,,,,,,8號,121.20568679252,24.943244777392
