FULL_ADDR,COUNTY,TOWN,VILLAGE,NEIGHBORHOOD,ROAD,SECTION,LANE,ALLEY,SUB_ALLEY,TONG,NUMBER,X,Y
桃園市復興區華陵里8鄰巴陵37號,68,6801300,6801300-008,8鄰,巴陵,,,,,,37號,121.39723921018,24.679230449453
桃園市復興區華陵里8鄰巴陵59號,68,6801300,6801300-008,8鄰,巴陵,,,,,,59號,121.39304337803,24.683243248237
桃園市復興區華陵里8鄰巴陵68之1號,68,6801300,6801300-008,8鄰,巴陵,,,,,,68之1號,121.39413442608,24.68542044001
桃園市復興區華陵里10鄰巴陵113號,68,6801300,6801300-008,10鄰,巴陵,,,,,,113號,121.39878136106,24.686216231662
桃園市復興區華陵里10鄰巴陵143之3號,68,6801300,6801300-008,10鄰,巴陵,,,,,,143之3號,121.40051463019,24.686589465831
桃園市復興區華陵里11鄰巴陵145號,68,6801300,6801300-008,11鄰,巴陵,,,,,,145號,121.4012119198,24.68672231114
桃園市復興區華陵里10鄰巴陵145號,68,6801300,6801300-008,10鄰,巴陵,,,,,,145號,121.4012119198,24.68672231114
桃園市復興區華陵里10鄰巴陵145之1號,68,6801300,6801300-008,10鄰,巴陵,,,,,,145之1號,121.40055158943,24.686868170914
桃園市復興區華陵里11鄰巴陵147號,68,6801300,6801300-008,11鄰,巴陵,,,,,,147號,121.40362229005,24.691877056472
