FULL_ADDR,COUNTY,TOWN,VILLAGE,NEIGHBORHOOD,ROAD,SECTION,LANE,ALLEY,SUB_ALLEY,TONG,NUMBER,X,Y
桃園市中壢區山東里1鄰山下14號,68,6800200,6800200-049,1鄰,山下,,,,,,14號,121.17980573361,24.997203293073
桃園市中壢區山東里1鄰山下18號,68,6800200,6800200-049,1鄰,山下,,,,,,18號,121.17890798827,24.99897709315
桃園市中壢區山東里4鄰山下57之12號,68,6800200,6800200-049,4鄰,山下,,,,,,57之12號,121.16853538889,24.995549400073
桃園市中壢區山東里5鄰山下77號,68,6800200,6800200-049,5鄰,山下,,,,,,77號,121.17113545686,24.995556905023
桃園市中壢區山東里5鄰山下78號,68,6800200,6800200-049,5鄰,山下,,,,,,78號,121.17087246826,24.995864261876
桃園市中壢區山東里8鄰山下100號,68,6800200,6800200-049,8鄰,山下,,,,,,100號,121.17508965706,25.008855491743
桃園市中壢區山東里8鄰山下101之9號,68,6800200,6800200-049,8鄰,山下,,,,,,101之9號,121.17502674098,25.010461166448
桃園市中壢區山東里8鄰山下104號,68,6800200,6800200-049,8鄰,山下,,,,,,104號,121.17221409644,25.012058765064
桃園市中壢區山東里9鄰山下117號,68,6800200,6800200-049,9鄰,山下,,,,,,117號,121.17902705667,25.022820798404
桃園市中壢區山東里10鄰山下123號,68,6800200,6800200-049,10鄰,山下,,,,,,123號,121.17320414905,25.020791085886
桃園市中壢區山東里11鄰山下138號,68,6800200,6800200-049,11鄰,山下,,,,,,138號,121.16629531376,25.02334758173
桃園市中壢區山東里13鄰山下155號,68,6800200,6800200-049,13鄰,山下,,,,,,155號,121.17256749203,25.017434821153
桃園市中壢區山東里13鄰山下166之1號,68,6800200,6800200-049,13鄰,山下,,,,,,166之1號,121.1707774723,25.014500872546
