FULL_ADDR,COUNTY,TOWN,VILLAGE,NEIGHBORHOOD,ROAD,SECTION,LANE,ALLEY,SUB_ALLEY,TONG,NUMBER,X,Y
桃園市觀音區草新里25鄰八德一街7號,68,6801200,6801200-024,25鄰,八德一街,,,,,,7號,121.13606070384,25.041306057217
桃園市觀音區草新里25鄰八德一街8號,68,6801200,6801200-024,25鄰,八德一街,,,,,,8號,121.13640019764,25.04136966643
桃園市觀音區草新里25鄰八德一街9號,68,6801200,6801200-024,25鄰,八德一街,,,,,,9號,121.13604478672,25.041340740525
