FULL_ADDR,COUNTY,TOWN,VILLAGE,NEIGHBORHOOD,ROAD,SECTION,LANE,ALLEY,SUB_ALLEY,TONG,NUMBER,X,Y
桃園市蘆竹區宏竹里8鄰建國五村9號,68,6800500,6800500-023,8鄰,建國五村,,,,,,9號,121.25221906466,25.035133236358
桃園市蘆竹區宏竹里8鄰建國五村18號,68,6800500,6800500-023,8鄰,建國五村,,,,,,18號,121.25267122305,25.034834083512
桃園市蘆竹區宏竹里8鄰建國五村23號,68,6800500,6800500-023,8鄰,建國五村,,,,,,23號,121.25290004459,25.034693304484
桃園市蘆竹區宏竹里8鄰建國五村40號,68,6800500,6800500-023,8鄰,建國五村,,,,,,40號,121.25235181693,25.034921478312
桃園市蘆竹區宏竹里8鄰建國五村43號,68,6800500,6800500-023,8鄰,建國五村,,,,,,43號,121.25224183538,25.034977369536
