FULL_ADDR,COUNTY,TOWN,VILLAGE,NEIGHBORHOOD,ROAD,SECTION,LANE,ALLEY,SUB_ALLEY,TONG,NUMBER,X,Y
桃園市大園區南港里13鄰園八街32號,68,6800600,6800600-019,13鄰,園八街,,,,,,32號,121.17785229875,25.053618670506
桃園市大園區南港里13鄰園八街36號,68,6800600,6800600-019,13鄰,園八街,,,,,,36號,121.17790052258,25.053588548551
桃園市大園區南港里13鄰園八街38號,68,6800600,6800600-019,13鄰,園八街,,,,,,38號,121.17795410738,25.053564649677
