FULL_ADDR,COUNTY,TOWN,VILLAGE,NEIGHBORHOOD,ROAD,SECTION,LANE,ALLEY,SUB_ALLEY,TONG,NUMBER,X,Y
桃園市大園區溪海里8鄰德北路52巷28之1號,68,6800600,6800600-003,8鄰,德北路,,52巷,,,,28之1號,121.18976537507,25.047808398418
桃園市大園區溪海里8鄰德北路52巷28之2號,68,6800600,6800600-003,8鄰,德北路,,52巷,,,,28之2號,121.18971846662,25.047852696965
