FULL_ADDR,COUNTY,TOWN,VILLAGE,NEIGHBORHOOD,ROAD,SECTION,LANE,ALLEY,SUB_ALLEY,TONG,NUMBER,X,Y
桃園市八德區大智里27鄰廣豐三街2號,68,6800800,6800800-027,27鄰,廣豐三街,,,,,,2號,121.29569409944,24.965068833924
桃園市八德區大智里27鄰廣豐三街6號,68,6800800,6800800-027,27鄰,廣豐三街,,,,,,6號,121.29569693919,24.965138165991
桃園市八德區大智里27鄰廣豐三街8號,68,6800800,6800800-027,27鄰,廣豐三街,,,,,,8號,121.29570238806,24.965221757664
桃園市八德區大智里27鄰廣豐三街10號,68,6800800,6800800-027,27鄰,廣豐三街,,,,,,10號,121.29570791893,24.96529821678
