FULL_ADDR,COUNTY,TOWN,VILLAGE,NEIGHBORHOOD,ROAD,SECTION,LANE,ALLEY,SUB_ALLEY,TONG,NUMBER,X,Y
桃園市觀音區樹林里15鄰國建一路1號,68,6801200,6801200-022,15鄰,國建一路,,,,,,1號,121.11623607453,25.053377672562
桃園市觀音區樹林里15鄰國建一路2號,68,6801200,6801200-022,15鄰,國建一路,,,,,,2號,121.11603062925,25.054549346078
桃園市觀音區樹林里15鄰國建一路3號,68,6801200,6801200-022,15鄰,國建一路,,,,,,3號,121.11553336736,25.05220742999
桃園市觀音區樹林里15鄰國建一路6號,68,6801200,6801200-022,15鄰,國建一路,,,,,,6號,121.11528504339,25.052363722364
