FULL_ADDR,COUNTY,TOWN,VILLAGE,NEIGHBORHOOD,ROAD,SECTION,LANE,ALLEY,SUB_ALLEY,TONG,NUMBER,X,Y
桃園市平鎮區湧光里28鄰工業十一路1號,68,6801000,6801000-016,28鄰,工業十一路,,,,,,1號,121.20686380097,24.896729520418
桃園市平鎮區湧光里28鄰工業十一路1之1號,68,6801000,6801000-016,28鄰,工業十一路,,,,,,1之1號,121.20655445999,24.8964257798
桃園市平鎮區湧光里28鄰工業十一路2號,68,6801000,6801000-016,28鄰,工業十一路,,,,,,2號,121.20568070207,24.89695578424
桃園市平鎮區湧光里28鄰工業十一路3號,68,6801000,6801000-016,28鄰,工業十一路,,,,,,3號,121.20610577531,24.895839639917
桃園市平鎮區湧光里28鄰工業十一路3之1號,68,6801000,6801000-016,28鄰,工業十一路,,,,,,3之1號,121.20633132478,24.895936203703
桃園市平鎮區湧光里28鄰工業十一路5號,68,6801000,6801000-016,28鄰,工業十一路,,,,,,5號,121.20587529101,24.895811247552
桃園市平鎮區湧光里28鄰工業十一路7號,68,6801000,6801000-016,28鄰,工業十一路,,,,,,7號,121.20536703994,24.895713988997
