FULL_ADDR,COUNTY,TOWN,VILLAGE,NEIGHBORHOOD,ROAD,SECTION,LANE,ALLEY,SUB_ALLEY,TONG,NUMBER,X,Y
桃園市大園區橫峰里27鄰大勇路16號,68,6800600,6800600-005,27鄰,大勇路,,,,,,16號,121.21849997889,25.019551235264
桃園市大園區橫峰里27鄰大勇路18號,68,6800600,6800600-005,27鄰,大勇路,,,,,,18號,121.21845120075,25.01959094125
桃園市大園區橫峰里27鄰大勇路20號,68,6800600,6800600-005,27鄰,大勇路,,,,,,20號,121.2184258802,25.01961634802
桃園市大園區橫峰里27鄰大勇路22號,68,6800600,6800600-005,27鄰,大勇路,,,,,,22號,121.21838876995,25.019642494369
桃園市大園區橫峰里27鄰大勇路26號,68,6800600,6800600-005,27鄰,大勇路,,,,,,26號,121.21834532854,25.019674428129
桃園市大園區橫峰里27鄰大勇路28號,68,6800600,6800600-005,27鄰,大勇路,,,,,,28號,121.21832546139,25.019701993669
桃園市大園區橫峰里27鄰大勇路31號,68,6800600,6800600-005,27鄰,大勇路,,,,,,31號,121.21885629754,25.019614270537
桃園市大園區橫峰里27鄰大勇路33號,68,6800600,6800600-005,27鄰,大勇路,,,,,,33號,121.21896074119,25.01950767291
