FULL_ADDR,COUNTY,TOWN,VILLAGE,NEIGHBORHOOD,ROAD,SECTION,LANE,ALLEY,SUB_ALLEY,TONG,NUMBER,X,Y
桃園市觀音區樹林里11鄰國建二路1號,68,6801200,6801200-022,11鄰,國建二路,,,,,,1號,121.1130377812,25.057953699092
桃園市觀音區樹林里15鄰國建二路2號,68,6801200,6801200-022,15鄰,國建二路,,,,,,2號,121.11330416871,25.058886751506
桃園市觀音區樹林里11鄰國建二路3號,68,6801200,6801200-022,11鄰,國建二路,,,,,,3號,121.11174826297,25.056390702192
桃園市觀音區樹林里11鄰國建二路3之1號,68,6801200,6801200-022,11鄰,國建二路,,,,,,3之1號,121.11262507361,25.057637119267
桃園市觀音區樹林里11鄰國建二路3之2號,68,6801200,6801200-022,11鄰,國建二路,,,,,,3之2號,121.11243471643,25.057466538318
