FULL_ADDR,COUNTY,TOWN,VILLAGE,NEIGHBORHOOD,ROAD,SECTION,LANE,ALLEY,SUB_ALLEY,TONG,NUMBER,X,Y
桃園市八德區廣德里4鄰媽祖厝1號,68,6800800,6800800-044,4鄰,媽祖厝,,,,,,1號,121.28602716664,24.94164583302
桃園市八德區廣德里4鄰媽祖厝2號,68,6800800,6800800-044,4鄰,媽祖厝,,,,,,2號,121.28634572262,24.941990556778
桃園市八德區廣德里4鄰媽祖厝3號,68,6800800,6800800-044,4鄰,媽祖厝,,,,,,3號,121.28593256684,24.944290607318
桃園市八德區廣德里4鄰媽祖厝3之5號,68,6800800,6800800-044,4鄰,媽祖厝,,,,,,3之5號,121.28578549721,24.944496555896
