FULL_ADDR,COUNTY,TOWN,VILLAGE,NEIGHBORHOOD,ROAD,SECTION,LANE,ALLEY,SUB_ALLEY,TONG,NUMBER,X,Y
桃園市大園區和平里10鄰梁厝5號,68,6800600,6800600-004,10鄰,梁厝,,,,,,5號,121.17553309557,25.034548419589
桃園市大園區和平里9鄰梁厝6號,68,6800600,6800600-004,9鄰,梁厝,,,,,,6號,121.17583495689,25.033863265152
桃園市大園區和平里9鄰梁厝7號,68,6800600,6800600-004,9鄰,梁厝,,,,,,7號,121.1692041699,25.028371903239
桃園市大園區和平里9鄰梁厝7之1號,68,6800600,6800600-004,9鄰,梁厝,,,,,,7之1號,121.169669316,25.028452537639
桃園市大園區和平里9鄰梁厝10號,68,6800600,6800600-004,9鄰,梁厝,,,,,,10號,121.17370761962,25.03347502138
