FULL_ADDR,COUNTY,TOWN,VILLAGE,NEIGHBORHOOD,ROAD,SECTION,LANE,ALLEY,SUB_ALLEY,TONG,NUMBER,X,Y
桃園市新屋區永安里15鄰新港路1號,68,6801100,6801100-016,15鄰,新港路,,,,,,1號,121.01797110929,24.988671322595
桃園市新屋區永安里15鄰新港路12巷8號,68,6801100,6801100-016,15鄰,新港路,,12巷,,,,8號,121.01785319902,24.989154626819
桃園市新屋區永安里15鄰新港路12巷9號,68,6801100,6801100-016,15鄰,新港路,,12巷,,,,9號,121.01773880558,24.98930053937
桃園市新屋區永安里19鄰新港路12巷10號,68,6801100,6801100-016,19鄰,新港路,,12巷,,,,10號,121.01791086746,24.989261516092
桃園市新屋區永安里15鄰新港路12巷12號,68,6801100,6801100-016,15鄰,新港路,,12巷,,,,12號,121.01801965764,24.989413360568
桃園市新屋區永安里15鄰新港路13號,68,6801100,6801100-016,15鄰,新港路,,,,,,13號,121.01751793475,24.988836957415
桃園市新屋區永安里15鄰新港路12巷18號,68,6801100,6801100-016,15鄰,新港路,,12巷,,,,18號,121.01813636617,24.989519249466
桃園市新屋區永安里15鄰新港路19號,68,6801100,6801100-016,15鄰,新港路,,,,,,19號,121.01715131301,24.988826888318
