FULL_ADDR,COUNTY,TOWN,VILLAGE,NEIGHBORHOOD,ROAD,SECTION,LANE,ALLEY,SUB_ALLEY,TONG,NUMBER,X,Y
桃園市桃園區福林里27鄰樹林一街10號,68,6800100,6800100-033,27鄰,樹林一街,,,,,,10號,121.31148645597,24.979447297592
桃園市桃園區福林里27鄰樹林一街12號,68,6800100,6800100-033,27鄰,樹林一街,,,,,,12號,121.31148804202,24.979487109169
桃園市桃園區福林里27鄰樹林一街16號,68,6800100,6800100-033,27鄰,樹林一街,,,,,,16號,121.31148666154,24.979528913185
桃園市桃園區福林里27鄰樹林一街18號,68,6800100,6800100-033,27鄰,樹林一街,,,,,,18號,121.3114838019,24.979573338508
桃園市桃園區福林里27鄰樹林一街20號,68,6800100,6800100-033,27鄰,樹林一街,,,,,,20號,121.31148393083,24.979624528819
桃園市桃園區福林里27鄰樹林一街22號,68,6800100,6800100-033,27鄰,樹林一街,,,,,,22號,121.3114796847,24.979669047326
