FULL_ADDR,COUNTY,TOWN,VILLAGE,NEIGHBORHOOD,ROAD,SECTION,LANE,ALLEY,SUB_ALLEY,TONG,NUMBER,X,Y
桃園市龜山區大華里25鄰文七三街3號,68,6800700,6800700-028,25鄰,文七三街,,,,,,3號,121.36226053679,25.053413211226
桃園市龜山區大華里25鄰文七三街6號,68,6800700,6800700-028,25鄰,文七三街,,,,,,6號,121.36216122766,25.053682854925
桃園市龜山區大華里25鄰文七三街9號,68,6800700,6800700-028,25鄰,文七三街,,,,,,9號,121.36194794865,25.053246500142
桃園市龜山區大華里25鄰文七三街11號,68,6800700,6800700-028,25鄰,文七三街,,,,,,11號,121.36180186464,25.053180498769
桃園市龜山區大華里25鄰文七三街13號,68,6800700,6800700-028,25鄰,文七三街,,,,,,13號,121.36172136815,25.053140248479
桃園市龜山區大華里3鄰文七三街32號,68,6800700,6800700-028,3鄰,文七三街,,,,,,32號,121.3607938221,25.053013671979
桃園市龜山區大華里3鄰文七三街33號,68,6800700,6800700-028,3鄰,文七三街,,,,,,33號,121.36108517012,25.052697067184
桃園市龜山區大華里3鄰文七三街35號,68,6800700,6800700-028,3鄰,文七三街,,,,,,35號,121.36101022138,25.052655809912
桃園市龜山區大華里3鄰文七三街37號,68,6800700,6800700-028,3鄰,文七三街,,,,,,37號,121.36090287484,25.052584477126
