FULL_ADDR,COUNTY,TOWN,VILLAGE,NEIGHBORHOOD,ROAD,SECTION,LANE,ALLEY,SUB_ALLEY,TONG,NUMBER,X,Y
桃園市龍潭區三和里7鄰澢滴水3號,68,6800900,6800900-016,7鄰,澢滴水,,,,,,3號,121.18457923717,24.845761222096
桃園市龍潭區三和里7鄰澢滴水16號,68,6800900,6800900-016,7鄰,澢滴水,,,,,,16號,121.17823306169,24.848991030785
桃園市龍潭區三和里7鄰澢滴水17號,68,6800900,6800900-016,7鄰,澢滴水,,,,,,17號,121.17796410673,24.849188263743
桃園市龍潭區三和里7鄰澢滴水18號,68,6800900,6800900-016,7鄰,澢滴水,,,,,,18號,121.17729368504,24.849292798599
