FULL_ADDR,COUNTY,TOWN,VILLAGE,NEIGHBORHOOD,ROAD,SECTION,LANE,ALLEY,SUB_ALLEY,TONG,NUMBER,X,Y
桃園市龍潭區北興里2鄰民豐2號,68,6800900,6800900-029,2鄰,民豐,,,,,,2號,121.24265778202,24.87736118577
桃園市龍潭區北興里2鄰民豐3號,68,6800900,6800900-029,2鄰,民豐,,,,,,3號,121.24255979684,24.877409466784
桃園市龍潭區北興里2鄰民豐4號,68,6800900,6800900-029,2鄰,民豐,,,,,,4號,121.24250362752,24.877382201738
桃園市龍潭區北興里2鄰民豐5號,68,6800900,6800900-029,2鄰,民豐,,,,,,5號,121.24245766991,24.877364038852
桃園市龍潭區北興里2鄰民豐7號,68,6800900,6800900-029,2鄰,民豐,,,,,,7號,121.24224845514,24.877215950269
桃園市龍潭區北興里2鄰民豐8號,68,6800900,6800900-029,2鄰,民豐,,,,,,8號,121.24220053249,24.877205103559
