FULL_ADDR,COUNTY,TOWN,VILLAGE,NEIGHBORHOOD,ROAD,SECTION,LANE,ALLEY,SUB_ALLEY,TONG,NUMBER,X,Y
桃園市龍潭區高原里15鄰泥橋子5號,68,6800900,6800900-012,15鄰,泥橋子,,,,,,5號,121.19865279337,24.85132696172
桃園市龍潭區三和里4鄰泥橋子6之1號,68,6800900,6800900-016,4鄰,泥橋子,,,,,,6之1號,121.19574906761,24.850164217863
桃園市龍潭區三和里5鄰泥橋子11號,68,6800900,6800900-016,5鄰,泥橋子,,,,,,11號,121.19325065924,24.846499809108
桃園市龍潭區三和里5鄰泥橋子12號,68,6800900,6800900-016,5鄰,泥橋子,,,,,,12號,121.19149166896,24.84673717654
桃園市龍潭區三和里5鄰泥橋子14之1號,68,6800900,6800900-016,5鄰,泥橋子,,,,,,14之1號,121.19292581118,24.846621662645
桃園市龍潭區三和里3鄰泥橋子20之1號,68,6800900,6800900-016,3鄰,泥橋子,,,,,,20之1號,121.19536898742,24.850341674491
桃園市龍潭區三和里3鄰泥橋子21號,68,6800900,6800900-016,3鄰,泥橋子,,,,,,21號,121.19351095678,24.850806985088
