FULL_ADDR,COUNTY,TOWN,VILLAGE,NEIGHBORHOOD,ROAD,SECTION,LANE,ALLEY,SUB_ALLEY,TONG,NUMBER,X,Y
桃園市龜山區樂善里4鄰樂善一路2號,68,6800700,6800700-010,4鄰,樂善一路,,,,,,2號,121.38685428802,25.041042425602
桃園市龜山區樂善里4鄰樂善一路6號,68,6800700,6800700-010,4鄰,樂善一路,,,,,,6號,121.38690169356,25.041085366683
桃園市龜山區樂善里4鄰樂善一路8號,68,6800700,6800700-010,4鄰,樂善一路,,,,,,8號,121.38696397284,25.041131067755
桃園市龜山區樂善里4鄰樂善一路10號,68,6800700,6800700-010,4鄰,樂善一路,,,,,,10號,121.38702925037,25.041184796087
