FULL_ADDR,COUNTY,TOWN,VILLAGE,NEIGHBORHOOD,ROAD,SECTION,LANE,ALLEY,SUB_ALLEY,TONG,NUMBER,X,Y
桃園市新屋區清華里7鄰清華二街8號,68,6801100,6801100-004,7鄰,清華二街,,,,,,8號,121.11570313482,24.96939920122
桃園市新屋區清華里7鄰清華二街62號,68,6801100,6801100-004,7鄰,清華二街,,,,,,62號,121.11622559439,24.969295780186
桃園市新屋區清華里7鄰清華二街79號,68,6801100,6801100-004,7鄰,清華二街,,,,,,79號,121.11674951469,24.969586717022
桃園市新屋區清華里7鄰清華二街83號,68,6801100,6801100-004,7鄰,清華二街,,,,,,83號,121.11681606403,24.969577816987
