FULL_ADDR,COUNTY,TOWN,VILLAGE,NEIGHBORHOOD,ROAD,SECTION,LANE,ALLEY,SUB_ALLEY,TONG,NUMBER,X,Y
桃園市中壢區洽溪里5鄰永順三街29號,68,6800200,6800200-022,5鄰,永順三街,,,,,,29號,121.20409866938,25.012572492167
桃園市中壢區洽溪里5鄰永順三街36號,68,6800200,6800200-022,5鄰,永順三街,,,,,,36號,121.20442393072,25.012504694058
桃園市中壢區洽溪里5鄰永順三街50號,68,6800200,6800200-022,5鄰,永順三街,,,,,,50號,121.20462221484,25.012760916214
桃園市中壢區洽溪里5鄰永順三街52號,68,6800200,6800200-022,5鄰,永順三街,,,,,,52號,121.20469392662,25.012807945405
桃園市中壢區洽溪里5鄰永順三街56號,68,6800200,6800200-022,5鄰,永順三街,,,,,,56號,121.20475463955,25.012854267438
桃園市中壢區洽溪里5鄰永順三街58號,68,6800200,6800200-022,5鄰,永順三街,,,,,,58號,121.20481089654,25.012902130399
