FULL_ADDR,COUNTY,TOWN,VILLAGE,NEIGHBORHOOD,ROAD,SECTION,LANE,ALLEY,SUB_ALLEY,TONG,NUMBER,X,Y
桃園市中壢區過嶺里16鄰松智一街1之1號,68,6800200,6800200-043,16鄰,松智一街,,,,,,1之1號,121.17501212648,24.959972352986
桃園市中壢區過嶺里17鄰松智一街2號,68,6800200,6800200-043,17鄰,松智一街,,,,,,2號,121.17487488795,24.959920600863
桃園市中壢區過嶺里16鄰松智一街31號,68,6800200,6800200-043,16鄰,松智一街,,,,,,31號,121.17495465452,24.959460058565
桃園市中壢區過嶺里16鄰松智一街51號,68,6800200,6800200-043,16鄰,松智一街,,,,,,51號,121.17457724386,24.959400823659
桃園市中壢區過嶺里16鄰松智一街61號,68,6800200,6800200-043,16鄰,松智一街,,,,,,61號,121.17441133591,24.959384676618
桃園市中壢區過嶺里16鄰松智一街65號,68,6800200,6800200-043,16鄰,松智一街,,,,,,65號,121.17431596204,24.9593127416
