FULL_ADDR,COUNTY,TOWN,VILLAGE,NEIGHBORHOOD,ROAD,SECTION,LANE,ALLEY,SUB_ALLEY,TONG,NUMBER,X,Y
桃園市中壢區洽溪里7鄰永春路139號,68,6800200,6800200-022,7鄰,永春路,,,,,,139號,121.20620000317,25.012560113574
桃園市中壢區洽溪里7鄰永春路143號,68,6800200,6800200-022,7鄰,永春路,,,,,,143號,121.20604661603,25.012789374901
桃園市中壢區洽溪里7鄰永春路165號,68,6800200,6800200-022,7鄰,永春路,,,,,,165號,121.20553147435,25.013365372914
桃園市中壢區洽溪里7鄰永春路167號,68,6800200,6800200-022,7鄰,永春路,,,,,,167號,121.2054797099,25.013397765867
桃園市中壢區洽溪里7鄰永春路169號,68,6800200,6800200-022,7鄰,永春路,,,,,,169號,121.20543241735,25.013438187838
桃園市中壢區洽溪里7鄰永春路171號,68,6800200,6800200-022,7鄰,永春路,,,,,,171號,121.20538066396,25.013477261705
