FULL_ADDR,COUNTY,TOWN,VILLAGE,NEIGHBORHOOD,ROAD,SECTION,LANE,ALLEY,SUB_ALLEY,TONG,NUMBER,X,Y
桃園市新屋區頭洲里2鄰新洲一街1號,68,6801100,6801100-005,2鄰,新洲一街,,,,,,1號,121.15083623165,24.964107627673
桃園市新屋區頭洲里2鄰新洲一街2號,68,6801100,6801100-005,2鄰,新洲一街,,,,,,2號,121.150629077,24.96397493921
桃園市新屋區頭洲里2鄰新洲一街3號,68,6801100,6801100-005,2鄰,新洲一街,,,,,,3號,121.15087531401,24.96407616923
桃園市新屋區頭洲里2鄰新洲一街5號,68,6801100,6801100-005,2鄰,新洲一街,,,,,,5號,121.15090428716,24.964038852557
桃園市新屋區頭洲里2鄰新洲一街13巷7號,68,6801100,6801100-005,2鄰,新洲一街,,13巷,,,,7號,121.15109054461,24.964171381269
