FULL_ADDR,COUNTY,TOWN,VILLAGE,NEIGHBORHOOD,ROAD,SECTION,LANE,ALLEY,SUB_ALLEY,TONG,NUMBER,X,Y
桃園市桃園區中原里6鄰泰昌六街1號,68,6800100,6800100-065,6鄰,泰昌六街,,,,,,1號,121.29463501984,24.985756925542
桃園市桃園區中原里6鄰泰昌六街3號,68,6800100,6800100-065,6鄰,泰昌六街,,,,,,3號,121.29459160966,24.985830231173
桃園市桃園區中原里6鄰泰昌六街5號,68,6800100,6800100-065,6鄰,泰昌六街,,,,,,5號,121.2945826614,24.985941026403
桃園市桃園區中原里18鄰泰昌六街33號,68,6800100,6800100-065,18鄰,泰昌六街,,,,,,33號,121.29451789123,24.986362235545
桃園市桃園區中原里18鄰泰昌六街37號,68,6800100,6800100-065,18鄰,泰昌六街,,,,,,37號,121.29436299096,24.986414274294
桃園市桃園區中原里18鄰泰昌六街41號,68,6800100,6800100-065,18鄰,泰昌六街,,,,,,41號,121.29443918652,24.986547742728
桃園市桃園區中原里18鄰泰昌六街43號,68,6800100,6800100-065,18鄰,泰昌六街,,,,,,43號,121.29441868873,24.986592292907
桃園市桃園區中原里18鄰泰昌六街45號,68,6800100,6800100-065,18鄰,泰昌六街,,,,,,45號,121.29439826618,24.986668442061
桃園市桃園區中原里18鄰泰昌六街47號,68,6800100,6800100-065,18鄰,泰昌六街,,,,,,47號,121.29438513941,24.986730131464
