FULL_ADDR,COUNTY,TOWN,VILLAGE,NEIGHBORHOOD,ROAD,SECTION,LANE,ALLEY,SUB_ALLEY,TONG,NUMBER,X,Y
桃園市龍潭區高原里1鄰橫岡下3之4號,68,6800900,6800900-012,1鄰,橫岡下,,,,,,3之4號,121.19904266322,24.829184217856
桃園市龍潭區高原里1鄰橫岡下5之1號,68,6800900,6800900-012,1鄰,橫岡下,,,,,,5之1號,121.19892311279,24.829282697915
桃園市龍潭區高原里3鄰橫岡下16號,68,6800900,6800900-012,3鄰,橫岡下,,,,,,16號,121.19233341237,24.824459235311
桃園市龍潭區高原里5鄰橫岡下40號,68,6800900,6800900-012,5鄰,橫岡下,,,,,,40號,121.19155254369,24.827271370268
桃園市龍潭區高原里6鄰橫岡下47之1號,68,6800900,6800900-012,6鄰,橫岡下,,,,,,47之1號,121.19026956192,24.828662774407
桃園市龍潭區高原里6鄰橫岡下49號,68,6800900,6800900-012,6鄰,橫岡下,,,,,,49號,121.18831713593,24.828132922452
桃園市龍潭區高原里7鄰橫岡下57之1號,68,6800900,6800900-012,7鄰,橫岡下,,,,,,57之1號,121.18664297197,24.82961796244
