FULL_ADDR,COUNTY,TOWN,VILLAGE,NEIGHBORHOOD,ROAD,SECTION,LANE,ALLEY,SUB_ALLEY,TONG,NUMBER,X,Y
桃園市中壢區中正里16鄰榮安四街51號,68,6800200,6800200-019,16鄰,榮安四街,,,,,,51號,121.26070203546,24.965004105854
桃園市中壢區中正里16鄰榮安四街53號,68,6800200,6800200-019,16鄰,榮安四街,,,,,,53號,121.26072405733,24.964926694215
桃園市中壢區中正里16鄰榮安四街55號,68,6800200,6800200-019,16鄰,榮安四街,,,,,,55號,121.26076258721,24.964834266581
桃園市中壢區中正里16鄰榮安四街57號,68,6800200,6800200-019,16鄰,榮安四街,,,,,,57號,121.2608176315,24.964729892572
桃園市中壢區中正里16鄰榮安四街59號,68,6800200,6800200-019,16鄰,榮安四街,,,,,,59號,121.2608488251,24.964634046984
桃園市中壢區中正里16鄰榮安四街61號,68,6800200,6800200-019,16鄰,榮安四街,,,,,,61號,121.26086339413,24.964544911501
