FULL_ADDR,COUNTY,TOWN,VILLAGE,NEIGHBORHOOD,ROAD,SECTION,LANE,ALLEY,SUB_ALLEY,TONG,NUMBER,X,Y
桃園市新屋區頭洲里3鄰新洲二街18號,68,6801100,6801100-005,3鄰,新洲二街,,,,,,18號,121.1473464845,24.963042067676
桃園市新屋區頭洲里3鄰新洲二街68號,68,6801100,6801100-005,3鄰,新洲二街,,,,,,68號,121.14797711118,24.962583340964
桃園市新屋區頭洲里3鄰新洲二街70號,68,6801100,6801100-005,3鄰,新洲二街,,,,,,70號,121.14803033912,24.962537514035
