FULL_ADDR,COUNTY,TOWN,VILLAGE,NEIGHBORHOOD,ROAD,SECTION,LANE,ALLEY,SUB_ALLEY,TONG,NUMBER,X,Y
桃園市中壢區過嶺里12鄰松平三街16號,68,6800200,6800200-043,12鄰,松平三街,,,,,,16號,121.1632008046,24.963020933074
桃園市中壢區過嶺里12鄰松平三街18號,68,6800200,6800200-043,12鄰,松平三街,,,,,,18號,121.16315657689,24.96305330322
桃園市中壢區過嶺里12鄰松平三街20號,68,6800200,6800200-043,12鄰,松平三街,,,,,,20號,121.16309442124,24.963084248443
