FULL_ADDR,COUNTY,TOWN,VILLAGE,NEIGHBORHOOD,ROAD,SECTION,LANE,ALLEY,SUB_ALLEY,TONG,NUMBER,X,Y
桃園市龜山區山頂里13鄰明興西街25巷1號,68,6800700,6800700-006,13鄰,明興西街,,25巷,,,,1號,121.32934045994,24.98755799565
桃園市龜山區山頂里13鄰明興西街25巷3號,68,6800700,6800700-006,13鄰,明興西街,,25巷,,,,3號,121.32927050081,24.987511654705
桃園市龜山區山頂里13鄰明興西街23號,68,6800700,6800700-006,13鄰,明興西街,,,,,,23號,121.32942121491,24.987603770966
桃園市龜山區山頂里13鄰明興西街24號,68,6800700,6800700-006,13鄰,明興西街,,,,,,24號,121.32953428266,24.987694164779
桃園市龜山區山頂里13鄰明興西街26號,68,6800700,6800700-006,13鄰,明興西街,,,,,,26號,121.32951291767,24.987743145478
