FULL_ADDR,COUNTY,TOWN,VILLAGE,NEIGHBORHOOD,ROAD,SECTION,LANE,ALLEY,SUB_ALLEY,TONG,NUMBER,X,Y
桃園市龍潭區上林里29鄰溝西7號,68,6800900,6800900-009,29鄰,溝西,,,,,,7號,121.21356096588,24.842178375235
桃園市龍潭區上林里5鄰溝西74號,68,6800900,6800900-009,5鄰,溝西,,,,,,74號,121.20225292843,24.860789528616
