FULL_ADDR,COUNTY,TOWN,VILLAGE,NEIGHBORHOOD,ROAD,SECTION,LANE,ALLEY,SUB_ALLEY,TONG,NUMBER,X,Y
桃園市新屋區笨港里1鄰文源路232號,68,6801100,6801100-017,1鄰,文源路,,,,,,232號,121.03102570907,24.978096463314
桃園市新屋區笨港里11鄰文源路267號,68,6801100,6801100-017,11鄰,文源路,,,,,,267號,121.03261484178,24.978678275369
