FULL_ADDR,COUNTY,TOWN,VILLAGE,NEIGHBORHOOD,ROAD,SECTION,LANE,ALLEY,SUB_ALLEY,TONG,NUMBER,X,Y
桃園市中壢區莊敬里1鄰精忠一街1號,68,6800200,6800200-077,1鄰,精忠一街,,,,,,1號,121.25697958107,24.97080588215
桃園市中壢區莊敬里7鄰精忠一街5號,68,6800200,6800200-077,7鄰,精忠一街,,,,,,5號,121.25665111463,24.970646195325
桃園市中壢區莊敬里7鄰精忠一街7號,68,6800200,6800200-077,7鄰,精忠一街,,,,,,7號,121.25677730786,24.970651214196
桃園市中壢區莊敬里1鄰精忠一街8號,68,6800200,6800200-077,1鄰,精忠一街,,,,,,8號,121.25687754087,24.971032760331
桃園市中壢區莊敬里7鄰精忠一街9號,68,6800200,6800200-077,7鄰,精忠一街,,,,,,9號,121.25678085578,24.970499531635
桃園市中壢區莊敬里1鄰精忠一街10號,68,6800200,6800200-077,1鄰,精忠一街,,,,,,10號,121.25683912505,24.970943897267
桃園市中壢區莊敬里7鄰精忠一街11號,68,6800200,6800200-077,7鄰,精忠一街,,,,,,11號,121.25664315204,24.970484149994
