FULL_ADDR,COUNTY,TOWN,VILLAGE,NEIGHBORHOOD,ROAD,SECTION,LANE,ALLEY,SUB_ALLEY,TONG,NUMBER,X,Y
桃園市觀音區樹林里15鄰經建六路3號,68,6801200,6801200-022,15鄰,經建六路,,,,,,3號,121.1173859431,25.063445850174
桃園市觀音區樹林里15鄰經建六路15號,68,6801200,6801200-022,15鄰,經建六路,,,,,,15號,121.11918461733,25.064317453259
桃園市觀音區樹林里15鄰經建六路17號,68,6801200,6801200-022,15鄰,經建六路,,,,,,17號,121.12082476117,25.06512650713
桃園市觀音區樹林里15鄰經建六路17之1號,68,6801200,6801200-022,15鄰,經建六路,,,,,,17之1號,121.12153198135,25.065420161942
桃園市觀音區樹林里18鄰經建六路19號,68,6801200,6801200-022,18鄰,經建六路,,,,,,19號,121.12301582395,25.066113757156
桃園市觀音區樹林里15鄰經建六路20號,68,6801200,6801200-022,15鄰,經建六路,,,,,,20號,121.12541748244,25.068585227711
桃園市觀音區樹林里15鄰經建六路23號,68,6801200,6801200-022,15鄰,經建六路,,,,,,23號,121.1251946157,25.067573976917
