FULL_ADDR,COUNTY,TOWN,VILLAGE,NEIGHBORHOOD,ROAD,SECTION,LANE,ALLEY,SUB_ALLEY,TONG,NUMBER,X,Y
桃園市觀音區白玉里1鄰白玉北路1601號,68,6801200,6801200-002,1鄰,白玉北路,,,,,,1601號,121.089426903,25.052418918142
桃園市觀音區白玉里1鄰白玉北路1801號,68,6801200,6801200-002,1鄰,白玉北路,,,,,,1801號,121.09744986063,25.056606436971
