FULL_ADDR,COUNTY,TOWN,VILLAGE,NEIGHBORHOOD,ROAD,SECTION,LANE,ALLEY,SUB_ALLEY,TONG,NUMBER,X,Y
桃園市觀音區草漯里12鄰福二街39號,68,6801200,6801200-021,12鄰,福二街,,,,,,39號,121.13537922761,25.043785584069
桃園市觀音區草漯里12鄰福二街41號,68,6801200,6801200-021,12鄰,福二街,,,,,,41號,121.13537922761,25.043785584069
桃園市觀音區草漯里12鄰福二街42號,68,6801200,6801200-021,12鄰,福二街,,,,,,42號,121.13545765994,25.043823160649
桃園市觀音區草漯里12鄰福二街46號,68,6801200,6801200-021,12鄰,福二街,,,,,,46號,121.13550501682,25.04389994841
桃園市觀音區草漯里12鄰福二街48號,68,6801200,6801200-021,12鄰,福二街,,,,,,48號,121.13550501682,25.04389994841
桃園市觀音區草漯里12鄰福二街50號,68,6801200,6801200-021,12鄰,福二街,,,,,,50號,121.13550501682,25.04389994841
