FULL_ADDR,COUNTY,TOWN,VILLAGE,NEIGHBORHOOD,ROAD,SECTION,LANE,ALLEY,SUB_ALLEY,TONG,NUMBER,X,Y
桃園市八德區大安里14鄰竹高厝3號,68,6800800,6800800-015,14鄰,竹高厝,,,,,,3號,121.31974036212,24.946809966343
桃園市八德區大安里14鄰竹高厝17號,68,6800800,6800800-015,14鄰,竹高厝,,,,,,17號,121.32299065046,24.94839916869
桃園市八德區大安里14鄰竹高厝18號,68,6800800,6800800-015,14鄰,竹高厝,,,,,,18號,121.32293656901,24.948432149125
桃園市八德區大竹里12鄰竹高厝5號,68,6800800,6800800-034,12鄰,竹高厝,,,,,,5號,121.31680246839,24.945139495257
桃園市八德區大竹里9鄰竹高厝15號,68,6800800,6800800-034,9鄰,竹高厝,,,,,,15號,121.31071768233,24.942270815293
桃園市八德區大竹里9鄰竹高厝15之1號,68,6800800,6800800-034,9鄰,竹高厝,,,,,,15之1號,121.31067050256,24.942489580698
