FULL_ADDR,COUNTY,TOWN,VILLAGE,NEIGHBORHOOD,ROAD,SECTION,LANE,ALLEY,SUB_ALLEY,TONG,NUMBER,X,Y
桃園市龜山區文化里19鄰科技八路5號,68,6800700,6800700-020,19鄰,科技八路,,,,,,5號,121.37486837312,25.03656518242
桃園市龜山區文化里19鄰科技八路66號,68,6800700,6800700-020,19鄰,科技八路,,,,,,66號,121.37590463498,25.036242424311
桃園市龜山區文化里19鄰科技八路72號,68,6800700,6800700-020,19鄰,科技八路,,,,,,72號,121.37584335,25.036716018804
