FULL_ADDR,COUNTY,TOWN,VILLAGE,NEIGHBORHOOD,ROAD,SECTION,LANE,ALLEY,SUB_ALLEY,TONG,NUMBER,X,Y
桃園市觀音區草漯里11鄰瑞豐街16號,68,6801200,6801200-021,11鄰,瑞豐街,,,,,,16號,121.14177761337,25.048311736992
桃園市觀音區草漯里11鄰瑞豐街18號,68,6801200,6801200-021,11鄰,瑞豐街,,,,,,18號,121.14179315773,25.04829826998
桃園市觀音區草漯里11鄰瑞豐街29號,68,6801200,6801200-021,11鄰,瑞豐街,,,,,,29號,121.14191805217,25.048314943368
