FULL_ADDR,COUNTY,TOWN,VILLAGE,NEIGHBORHOOD,ROAD,SECTION,LANE,ALLEY,SUB_ALLEY,TONG,NUMBER,X,Y
桃園市觀音區樹林里20鄰經建七路1號,68,6801200,6801200-022,20鄰,經建七路,,,,,,1號,121.11265216295,25.063416563639
桃園市觀音區樹林里20鄰經建七路3號,68,6801200,6801200-022,20鄰,經建七路,,,,,,3號,121.11337851052,25.063954367987
桃園市觀音區樹林里15鄰經建七路5號,68,6801200,6801200-022,15鄰,經建七路,,,,,,5號,121.1145873152,25.064313036996
桃園市觀音區樹林里20鄰經建七路5之1號,68,6801200,6801200-022,20鄰,經建七路,,,,,,5之1號,121.11546829989,25.065162819654
