FULL_ADDR,COUNTY,TOWN,VILLAGE,NEIGHBORHOOD,ROAD,SECTION,LANE,ALLEY,SUB_ALLEY,TONG,NUMBER,X,Y
桃園市八德區大福里11鄰無線電邊7號,68,6800800,6800800-022,11鄰,無線電邊,,,,,,7號,121.30194288357,24.973940450832
桃園市八德區大福里11鄰無線電邊8號,68,6800800,6800800-022,11鄰,無線電邊,,,,,,8號,121.30196848138,24.973877200582
桃園市八德區大福里11鄰無線電邊9號,68,6800800,6800800-022,11鄰,無線電邊,,,,,,9號,121.30194552667,24.973684221374
