FULL_ADDR,COUNTY,TOWN,VILLAGE,NEIGHBORHOOD,ROAD,SECTION,LANE,ALLEY,SUB_ALLEY,TONG,NUMBER,X,Y
桃園市大溪區瑞興里15鄰缺仔6號,68,6800300,6800300-013,15鄰,缺仔,,,,,,6號,121.28506239425,24.894695890475
桃園市大溪區瑞興里15鄰缺仔11號,68,6800300,6800300-013,15鄰,缺仔,,,,,,11號,121.28749664074,24.898601615835
桃園市大溪區瑞興里14鄰缺仔21號,68,6800300,6800300-013,14鄰,缺仔,,,,,,21號,121.28731404319,24.906782625132
桃園市大溪區瑞興里14鄰缺仔21之1號,68,6800300,6800300-013,14鄰,缺仔,,,,,,21之1號,121.28881819583,24.907398257544
桃園市大溪區瑞興里14鄰缺仔22號,68,6800300,6800300-013,14鄰,缺仔,,,,,,22號,121.28928993757,24.907923158585
桃園市大溪區瑞興里13鄰缺仔26號,68,6800300,6800300-013,13鄰,缺仔,,,,,,26號,121.29217872243,24.910122899489
桃園市大溪區瑞興里9鄰缺仔34之10號,68,6800300,6800300-013,9鄰,缺仔,,,,,,34之10號,121.29902751934,24.917742754247
