FULL_ADDR,COUNTY,TOWN,VILLAGE,NEIGHBORHOOD,ROAD,SECTION,LANE,ALLEY,SUB_ALLEY,TONG,NUMBER,X,Y
桃園市八德區霄裡里19鄰營盤1之1號,68,6800800,6800800-010,19鄰,營盤,,,,,,1之1號,121.26816740584,24.922983482565
桃園市八德區霄裡里19鄰營盤3號,68,6800800,6800800-010,19鄰,營盤,,,,,,3號,121.26555861082,24.923133599591
桃園市八德區霄裡里19鄰營盤4號,68,6800800,6800800-010,19鄰,營盤,,,,,,4號,121.26416411375,24.920396675041
桃園市八德區霄裡里18鄰營盤8號,68,6800800,6800800-010,18鄰,營盤,,,,,,8號,121.26106652045,24.918777376196
