FULL_ADDR,COUNTY,TOWN,VILLAGE,NEIGHBORHOOD,ROAD,SECTION,LANE,ALLEY,SUB_ALLEY,TONG,NUMBER,X,Y
桃園市中壢區光明里40鄰王子五街8號,68,6800200,6800200-007,40鄰,王子五街,,,,,,8號,121.21430321366,24.962265944435
桃園市中壢區光明里40鄰王子五街10號,68,6800200,6800200-007,40鄰,王子五街,,,,,,10號,121.21425788403,24.962283163592
桃園市中壢區光明里40鄰王子五街12號,68,6800200,6800200-007,40鄰,王子五街,,,,,,12號,121.21420760921,24.962304272055
桃園市中壢區光明里40鄰王子五街16號,68,6800200,6800200-007,40鄰,王子五街,,,,,,16號,121.2141520788,24.962321596136
桃園市中壢區光明里40鄰王子五街20號,68,6800200,6800200-007,40鄰,王子五街,,,,,,20號,121.21377960637,24.962327367733
