FULL_ADDR,COUNTY,TOWN,VILLAGE,NEIGHBORHOOD,ROAD,SECTION,LANE,ALLEY,SUB_ALLEY,TONG,NUMBER,X,Y
桃園市楊梅區青山里2鄰獅五路1號,68,6800400,6800400-031,2鄰,獅五路,,,,,,1號,121.17355906772,24.925131373108
桃園市楊梅區青山里2鄰獅五路2號,68,6800400,6800400-031,2鄰,獅五路,,,,,,2號,121.17336139737,24.92537934366
桃園市楊梅區青山里2鄰獅五路2之1號,68,6800400,6800400-031,2鄰,獅五路,,,,,,2之1號,121.17320160851,24.925670877335
桃園市楊梅區青山里2鄰獅五路4號,68,6800400,6800400-031,2鄰,獅五路,,,,,,4號,121.1733872822,24.926047599126
