FULL_ADDR,COUNTY,TOWN,VILLAGE,NEIGHBORHOOD,ROAD,SECTION,LANE,ALLEY,SUB_ALLEY,TONG,NUMBER,X,Y
桃園市中壢區洽溪里6鄰環溪路400號,68,6800200,6800200-022,6鄰,環溪路,,,,,,400號,121.20005589004,25.006773036989
桃園市中壢區洽溪里6鄰環溪路402號,68,6800200,6800200-022,6鄰,環溪路,,,,,,402號,121.20002936587,25.006851258078
桃園市中壢區洽溪里6鄰環溪路406號,68,6800200,6800200-022,6鄰,環溪路,,,,,,406號,121.20001473914,25.006934789881
桃園市中壢區洽溪里6鄰環溪路408號,68,6800200,6800200-022,6鄰,環溪路,,,,,,408號,121.19999416795,25.007018329676
桃園市中壢區洽溪里6鄰環溪路410號,68,6800200,6800200-022,6鄰,環溪路,,,,,,410號,121.19996470203,25.007115423934
桃園市中壢區洽溪里6鄰環溪路412號,68,6800200,6800200-022,6鄰,環溪路,,,,,,412號,121.20005348441,25.007184010199
桃園市中壢區洽溪里5鄰環溪路412號,68,6800200,6800200-022,5鄰,環溪路,,,,,,412號,121.20010076008,25.007194690326
桃園市中壢區芝芭里1鄰環溪路368號,68,6800200,6800200-046,1鄰,環溪路,,,,,,368號,121.20019380508,25.006103309785
