FULL_ADDR,COUNTY,TOWN,VILLAGE,NEIGHBORHOOD,ROAD,SECTION,LANE,ALLEY,SUB_ALLEY,TONG,NUMBER,X,Y
桃園市龍潭區凌雲里34鄰竹窩子8號,68,6800900,6800900-006,34鄰,竹窩子,,,,,,8號,121.20338725402,24.865616526584
桃園市龍潭區凌雲里38鄰竹窩子38號,68,6800900,6800900-006,38鄰,竹窩子,,,,,,38號,121.19797561483,24.861790562455
桃園市龍潭區凌雲里39鄰竹窩子40號,68,6800900,6800900-006,39鄰,竹窩子,,,,,,40號,121.19425945378,24.862682132207
