FULL_ADDR,COUNTY,TOWN,VILLAGE,NEIGHBORHOOD,ROAD,SECTION,LANE,ALLEY,SUB_ALLEY,TONG,NUMBER,X,Y
桃園市中壢區幸福里5鄰福壽五街15號,68,6800200,6800200-073,5鄰,福壽五街,,,,,,15號,121.23243969857,24.965084126134
桃園市中壢區幸福里5鄰福壽五街16號,68,6800200,6800200-073,5鄰,福壽五街,,,,,,16號,121.2322572711,24.965033851858
桃園市中壢區幸福里5鄰福壽五街18號,68,6800200,6800200-073,5鄰,福壽五街,,,,,,18號,121.23228778919,24.964988391521
桃園市中壢區幸福里5鄰福壽五街19號,68,6800200,6800200-073,5鄰,福壽五街,,,,,,19號,121.23249957533,24.965008735998
桃園市中壢區幸福里5鄰福壽五街20號,68,6800200,6800200-073,5鄰,福壽五街,,,,,,20號,121.23221414834,24.964959615564
桃園市中壢區幸福里5鄰福壽五街22號,68,6800200,6800200-073,5鄰,福壽五街,,,,,,22號,121.2321631702,24.964921505013
桃園市中壢區幸福里5鄰福壽五街26號,68,6800200,6800200-073,5鄰,福壽五街,,,,,,26號,121.23211438062,24.964888537208
