FULL_ADDR,COUNTY,TOWN,VILLAGE,NEIGHBORHOOD,ROAD,SECTION,LANE,ALLEY,SUB_ALLEY,TONG,NUMBER,X,Y
桃園市大園區南港里7鄰科二街21號,68,6800600,6800600-019,7鄰,科二街,,,,,,21號,121.16924434515,25.05735777307
桃園市大園區南港里7鄰科二街23號,68,6800600,6800600-019,7鄰,科二街,,,,,,23號,121.1692961125,25.057379291676
桃園市大園區南港里7鄰科二街25號,68,6800600,6800600-019,7鄰,科二街,,,,,,25號,121.16934351698,25.057399460995
桃園市大園區南港里7鄰科二街27號,68,6800600,6800600-019,7鄰,科二街,,,,,,27號,121.16938487177,25.057416928713
桃園市大園區南港里7鄰科二街29號,68,6800600,6800600-019,7鄰,科二街,,,,,,29號,121.16942632928,25.057437014505
桃園市大園區南港里7鄰科二街31號,68,6800600,6800600-019,7鄰,科二街,,,,,,31號,121.16947957237,25.057450496187
桃園市大園區南港里7鄰科二街33號,68,6800600,6800600-019,7鄰,科二街,,,,,,33號,121.16952400521,25.0574719328
桃園市大園區南港里7鄰科二街35號,68,6800600,6800600-019,7鄰,科二街,,,,,,35號,121.16956546102,25.057490754595
