FULL_ADDR,COUNTY,TOWN,VILLAGE,NEIGHBORHOOD,ROAD,SECTION,LANE,ALLEY,SUB_ALLEY,TONG,NUMBER,X,Y
桃園市大溪區復興里5鄰石龜坑1號,68,6800300,6800300-009,5鄰,石龜坑,,,,,,1號,121.31298018006,24.839959014965
桃園市大溪區復興里5鄰石龜坑3號,68,6800300,6800300-009,5鄰,石龜坑,,,,,,3號,121.30870430124,24.835655718393
桃園市大溪區復興里5鄰石龜坑3之2號,68,6800300,6800300-009,5鄰,石龜坑,,,,,,3之2號,121.30926746242,24.835701141364
桃園市大溪區復興里5鄰石龜坑3之3號,68,6800300,6800300-009,5鄰,石龜坑,,,,,,3之3號,121.31088857944,24.838252390855
桃園市大溪區復興里5鄰石龜坑4號,68,6800300,6800300-009,5鄰,石龜坑,,,,,,4號,121.31102021738,24.838311795332
桃園市大溪區復興里5鄰石龜坑4之1號,68,6800300,6800300-009,5鄰,石龜坑,,,,,,4之1號,121.31201602088,24.838305927985
桃園市大溪區復興里5鄰石龜坑4之2號,68,6800300,6800300-009,5鄰,石龜坑,,,,,,4之2號,121.31185208606,24.838466525821
桃園市大溪區復興里5鄰石龜坑5號,68,6800300,6800300-009,5鄰,石龜坑,,,,,,5號,121.31034658951,24.83706040182
桃園市大溪區復興里5鄰石龜坑6號,68,6800300,6800300-009,5鄰,石龜坑,,,,,,6號,121.30690855917,24.832387939372
