FULL_ADDR,COUNTY,TOWN,VILLAGE,NEIGHBORHOOD,ROAD,SECTION,LANE,ALLEY,SUB_ALLEY,TONG,NUMBER,X,Y
桃園市大溪區福仁里27鄰草店尾二橫巷1號,68,6800300,6800300-002,27鄰,草店尾二橫巷,,,,,,1號,121.28629484452,24.886454987423
桃園市大溪區福仁里27鄰草店尾二橫巷2號,68,6800300,6800300-002,27鄰,草店尾二橫巷,,,,,,2號,121.28616491546,24.886424178725
桃園市大溪區福仁里27鄰草店尾二橫巷4號,68,6800300,6800300-002,27鄰,草店尾二橫巷,,,,,,4號,121.28626161409,24.886552106963
桃園市大溪區福仁里28鄰草店尾二橫巷5號,68,6800300,6800300-002,28鄰,草店尾二橫巷,,,,,,5號,121.28640158012,24.886729066868
桃園市大溪區福仁里28鄰草店尾二橫巷7號,68,6800300,6800300-002,28鄰,草店尾二橫巷,,,,,,7號,121.28669297648,24.886817798779
桃園市大溪區福仁里28鄰草店尾二橫巷9號,68,6800300,6800300-002,28鄰,草店尾二橫巷,,,,,,9號,121.28662267736,24.886892689327
