FULL_ADDR,COUNTY,TOWN,VILLAGE,NEIGHBORHOOD,ROAD,SECTION,LANE,ALLEY,SUB_ALLEY,TONG,NUMBER,X,Y
桃園市中壢區忠福里22鄰華夏一村市場1號,68,6800200,6800200-036,22鄰,華夏一村市場,,,,,,1號,121.22521053234,24.970134603562
桃園市中壢區忠福里22鄰華夏一村市場2號,68,6800200,6800200-036,22鄰,華夏一村市場,,,,,,2號,121.22524209002,24.970059620324
桃園市中壢區忠福里22鄰華夏一村市場3號,68,6800200,6800200-036,22鄰,華夏一村市場,,,,,,3號,121.2252592257,24.970005785293
