FULL_ADDR,COUNTY,TOWN,VILLAGE,NEIGHBORHOOD,ROAD,SECTION,LANE,ALLEY,SUB_ALLEY,TONG,NUMBER,X,Y
桃園市桃園區同安里9鄰藝文二街55號,68,6800100,6800100-050,9鄰,藝文二街,,,,,,55號,121.30044003603,25.015296576618
桃園市桃園區同安里9鄰藝文二街58號,68,6800100,6800100-050,9鄰,藝文二街,,,,,,58號,121.30020359852,25.015324048716
桃園市桃園區同安里9鄰藝文二街77號,68,6800100,6800100-050,9鄰,藝文二街,,,,,,77號,121.30099354173,25.014257926822
桃園市桃園區同安里9鄰藝文二街80號,68,6800100,6800100-050,9鄰,藝文二街,,,,,,80號,121.30076248928,25.014095433781
桃園市桃園區同安里9鄰藝文二街82號,68,6800100,6800100-050,9鄰,藝文二街,,,,,,82號,121.30079480981,25.014022600428
桃園市桃園區同安里9鄰藝文二街86號,68,6800100,6800100-050,9鄰,藝文二街,,,,,,86號,121.30082713031,25.013949767068
桃園市桃園區同安里9鄰藝文二街88號,68,6800100,6800100-050,9鄰,藝文二街,,,,,,88號,121.30086250901,25.013871510542
桃園市桃園區同安里9鄰藝文二街90號,68,6800100,6800100-050,9鄰,藝文二街,,,,,,90號,121.30089780839,25.013801379624
桃園市桃園區同安里9鄰藝文二街92號,68,6800100,6800100-050,9鄰,藝文二街,,,,,,92號,121.30094187971,25.013712361829
