FULL_ADDR,COUNTY,TOWN,VILLAGE,NEIGHBORHOOD,ROAD,SECTION,LANE,ALLEY,SUB_ALLEY,TONG,NUMBER,X,Y
桃園市中壢區月眉里7鄰聖溪三路51號,68,6800200,6800200-047,7鄰,聖溪三路,,,,,,51號,121.19232546017,25.017652536656
桃園市大園區溪海里23鄰聖溪三路68巷10號,68,6800600,6800600-003,23鄰,聖溪三路,,68巷,,,,10號,121.19221570309,25.018878544917
桃園市大園區溪海里23鄰聖溪三路68巷15號,68,6800600,6800600-003,23鄰,聖溪三路,,68巷,,,,15號,121.19221570309,25.018878544917
桃園市大園區溪海里23鄰聖溪三路68巷19號,68,6800600,6800600-003,23鄰,聖溪三路,,68巷,,,,19號,121.19221570309,25.018878544917
桃園市大園區溪海里23鄰聖溪三路68巷19之1號,68,6800600,6800600-003,23鄰,聖溪三路,,68巷,,,,19之1號,121.19221570309,25.018878544917
桃園市大園區溪海里23鄰聖溪三路62號,68,6800600,6800600-003,23鄰,聖溪三路,,,,,,62號,121.19221667166,25.018736979497
桃園市大園區溪海里23鄰聖溪三路66之1號,68,6800600,6800600-003,23鄰,聖溪三路,,,,,,66之1號,121.19188416586,25.018876174374
桃園市大園區溪海里23鄰聖溪三路76號,68,6800600,6800600-003,23鄰,聖溪三路,,,,,,76號,121.19196757002,25.018605758597
