FULL_ADDR,COUNTY,TOWN,VILLAGE,NEIGHBORHOOD,ROAD,SECTION,LANE,ALLEY,SUB_ALLEY,TONG,NUMBER,X,Y
桃園市中壢區林森里3鄰英士一街6號,68,6800200,6800200-084,3鄰,英士一街,,,,,,6號,121.22697498346,24.947167319297
桃園市中壢區林森里3鄰英士一街8號,68,6800200,6800200-084,3鄰,英士一街,,,,,,8號,121.22696330315,24.947115875206
桃園市中壢區林森里3鄰英士一街10號,68,6800200,6800200-084,3鄰,英士一街,,,,,,10號,121.22694995066,24.947070572972
桃園市中壢區林森里3鄰英士一街12號,68,6800200,6800200-084,3鄰,英士一街,,,,,,12號,121.22694613376,24.947041146199
桃園市中壢區林森里3鄰英士一街14號,68,6800200,6800200-084,3鄰,英士一街,,,,,,14號,121.22692942269,24.947000363279
