FULL_ADDR,COUNTY,TOWN,VILLAGE,NEIGHBORHOOD,ROAD,SECTION,LANE,ALLEY,SUB_ALLEY,TONG,NUMBER,X,Y
桃園市龜山區文化里19鄰華亞五路116巷6號,68,6800700,6800700-020,19鄰,華亞五路,,116巷,,,,6號,121.37850932083,25.03337946676
桃園市龜山區文化里19鄰華亞五路116巷8號,68,6800700,6800700-020,19鄰,華亞五路,,116巷,,,,8號,121.37846299826,25.033235404137
