FULL_ADDR,COUNTY,TOWN,VILLAGE,NEIGHBORHOOD,ROAD,SECTION,LANE,ALLEY,SUB_ALLEY,TONG,NUMBER,X,Y
桃園市新屋區下埔里7鄰聚賢路387號,68,6801100,6801100-011,7鄰,聚賢路,,,,,,387號,121.03439320489,24.995375715528
桃園市新屋區下埔里7鄰聚賢路389號,68,6801100,6801100-011,7鄰,聚賢路,,,,,,389號,121.03445016439,24.995365319705
桃園市新屋區下埔里7鄰聚賢路395號,68,6801100,6801100-011,7鄰,聚賢路,,,,,,395號,121.0344891894,24.994986660092
桃園市新屋區永安里18鄰聚賢路205號,68,6801100,6801100-016,18鄰,聚賢路,,,,,,205號,121.02821878051,24.993651057633
桃園市新屋區永安里18鄰聚賢路355號,68,6801100,6801100-016,18鄰,聚賢路,,,,,,355號,121.03397179258,24.996854842605
