FULL_ADDR,COUNTY,TOWN,VILLAGE,NEIGHBORHOOD,ROAD,SECTION,LANE,ALLEY,SUB_ALLEY,TONG,NUMBER,X,Y
桃園市中壢區石頭里13鄰興建街4號,68,6800200,6800200-038,13鄰,興建街,,,,,,4號,121.22431251326,24.953749983878
桃園市中壢區石頭里13鄰興建街6號,68,6800200,6800200-038,13鄰,興建街,,,,,,6號,121.22425786224,24.953757830581
桃園市中壢區石頭里13鄰興建街10號,68,6800200,6800200-038,13鄰,興建街,,,,,,10號,121.22419629604,24.9537750772
桃園市中壢區石頭里13鄰興建街12號,68,6800200,6800200-038,13鄰,興建街,,,,,,12號,121.22415870366,24.953796892202
桃園市中壢區石頭里13鄰興建街13號,68,6800200,6800200-038,13鄰,興建街,,,,,,13號,121.22407124055,24.953622504931
