FULL_ADDR,COUNTY,TOWN,VILLAGE,NEIGHBORHOOD,ROAD,SECTION,LANE,ALLEY,SUB_ALLEY,TONG,NUMBER,X,Y
桃園市中壢區林森里5鄰英士二街3號,68,6800200,6800200-084,5鄰,英士二街,,,,,,3號,121.22838209937,24.94649968567
桃園市中壢區林森里5鄰英士二街12號,68,6800200,6800200-084,5鄰,英士二街,,,,,,12號,121.22812844562,24.946580246455
桃園市中壢區林森里5鄰英士二街13號,68,6800200,6800200-084,5鄰,英士二街,,,,,,13號,121.22809973875,24.946317112509
桃園市中壢區林森里5鄰英士二街14號,68,6800200,6800200-084,5鄰,英士二街,,,,,,14號,121.22805537212,24.946530431261
桃園市中壢區林森里5鄰英士二街15號,68,6800200,6800200-084,5鄰,英士二街,,,,,,15號,121.22802509781,24.946276418383
桃園市中壢區林森里5鄰英士二街16號,68,6800200,6800200-084,5鄰,英士二街,,,,,,16號,121.22793926728,24.946504877983
桃園市中壢區林森里5鄰英士二街17號,68,6800200,6800200-084,5鄰,英士二街,,,,,,17號,121.22796367176,24.946259900117
桃園市中壢區林森里5鄰英士二街18號,68,6800200,6800200-084,5鄰,英士二街,,,,,,18號,121.22787446032,24.946480780996
桃園市中壢區林森里5鄰英士二街19號,68,6800200,6800200-084,5鄰,英士二街,,,,,,19號,121.22789073207,24.946282672983
