FULL_ADDR,COUNTY,TOWN,VILLAGE,NEIGHBORHOOD,ROAD,SECTION,LANE,ALLEY,SUB_ALLEY,TONG,NUMBER,X,Y
桃園市新屋區蚵間里1鄰蚵？港2之4號,68,6801100,6801100-019,1鄰,蚵？港,,,,,,2之4號,121.00720336973,24.948652494739
桃園市新屋區蚵間里1鄰蚵？港2之5號,68,6801100,6801100-019,1鄰,蚵？港,,,,,,2之5號,121.00712355577,24.948692855725
桃園市新屋區蚵間里1鄰蚵？港3號,68,6801100,6801100-019,1鄰,蚵？港,,,,,,3號,121.00508070437,24.94846117921
桃園市新屋區蚵間里5鄰蚵？港46之5號,68,6801100,6801100-019,5鄰,蚵？港,,,,,,46之5號,120.99142623221,24.943704020164
桃園市新屋區蚵間里6鄰蚵？港51之18號,68,6801100,6801100-019,6鄰,蚵？港,,,,,,51之18號,120.6905899018,24.153903600921
