FULL_ADDR,COUNTY,TOWN,VILLAGE,NEIGHBORHOOD,ROAD,SECTION,LANE,ALLEY,SUB_ALLEY,TONG,NUMBER,X,Y
桃園市龜山區福源里16鄰蕭厝坑2之5號,68,6800700,6800700-023,16鄰,蕭厝坑,,,,,,2之5號,121.35382710868,24.982779905419
桃園市龜山區福源里17鄰蕭厝坑5號,68,6800700,6800700-023,17鄰,蕭厝坑,,,,,,5號,121.35462575825,24.980769480378
桃園市龜山區福源里17鄰蕭厝坑10之1號,68,6800700,6800700-023,17鄰,蕭厝坑,,,,,,10之1號,121.35717990172,24.98038734486
