FULL_ADDR,COUNTY,TOWN,VILLAGE,NEIGHBORHOOD,ROAD,SECTION,LANE,ALLEY,SUB_ALLEY,TONG,NUMBER,X,Y
桃園市龜山區嶺頂里14鄰華美一街2號,68,6800700,6800700-016,14鄰,華美一街,,,,,,2號,121.35506692626,24.998767123069
桃園市龜山區嶺頂里14鄰華美一街4號,68,6800700,6800700-016,14鄰,華美一街,,,,,,4號,121.35517029034,24.998642376462
桃園市龜山區嶺頂里14鄰華美一街6號,68,6800700,6800700-016,14鄰,華美一街,,,,,,6號,121.35552058065,24.998432806121
桃園市龜山區嶺頂里14鄰華美一街8號,68,6800700,6800700-016,14鄰,華美一街,,,,,,8號,121.35563723201,24.998312631856
桃園市龜山區嶺頂里14鄰華美一街14號,68,6800700,6800700-016,14鄰,華美一街,,,,,,14號,121.35539498341,24.998577107152
桃園市龜山區嶺頂里14鄰華美一街16號,68,6800700,6800700-016,14鄰,華美一街,,,,,,16號,121.35539147027,24.998320080636
