FULL_ADDR,COUNTY,TOWN,VILLAGE,NEIGHBORHOOD,ROAD,SECTION,LANE,ALLEY,SUB_ALLEY,TONG,NUMBER,X,Y
桃園市龜山區大華里27鄰頂湖十一街1號,68,6800700,6800700-028,27鄰,頂湖十一街,,,,,,1號,121.36674857885,25.037363856495
桃園市龜山區大華里27鄰頂湖十一街1之1號,68,6800700,6800700-028,27鄰,頂湖十一街,,,,,,1之1號,121.36651019789,25.03707969463
桃園市龜山區大華里27鄰頂湖十一街3號,68,6800700,6800700-028,27鄰,頂湖十一街,,,,,,3號,121.36698698785,25.037423937531
桃園市龜山區大華里27鄰頂湖十一街5號,68,6800700,6800700-028,27鄰,頂湖十一街,,,,,,5號,121.3671947648,25.037446987904
桃園市龜山區大華里27鄰頂湖十一街6號,68,6800700,6800700-028,27鄰,頂湖十一街,,,,,,6號,121.36713517951,25.036938304775
桃園市龜山區大華里27鄰頂湖十一街7號,68,6800700,6800700-028,27鄰,頂湖十一街,,,,,,7號,121.36748535483,25.037425865796
桃園市龜山區大華里27鄰頂湖十一街9號,68,6800700,6800700-028,27鄰,頂湖十一街,,,,,,9號,121.36774087977,25.037476423661
桃園市龜山區大華里27鄰頂湖十一街11號,68,6800700,6800700-028,27鄰,頂湖十一街,,,,,,11號,121.36797901611,25.037511315048
