FULL_ADDR,COUNTY,TOWN,VILLAGE,NEIGHBORHOOD,ROAD,SECTION,LANE,ALLEY,SUB_ALLEY,TONG,NUMBER,X,Y
桃園市龍潭區黃唐里7鄰黃泥塘19之12號,68,6800900,6800900-001,7鄰,黃泥塘,,,,,,19之12號,121.23595734526,24.883636515438
桃園市龍潭區黃唐里8鄰黃泥塘24之1號,68,6800900,6800900-001,8鄰,黃泥塘,,,,,,24之1號,121.22996206087,24.886277581983
桃園市龍潭區黃唐里15鄰黃泥塘47號,68,6800900,6800900-001,15鄰,黃泥塘,,,,,,47號,121.22545368647,24.873921849023
桃園市龍潭區黃唐里7鄰黃泥塘973號,68,6800900,6800900-001,7鄰,黃泥塘,,,,,,973號,121.23587125798,24.884429441746
桃園市龍潭區中山里3鄰黃泥塘59號,68,6800900,6800900-002,3鄰,黃泥塘,,,,,,59號,121.21926737894,24.864078712844
桃園市龍潭區中山里13鄰黃泥塘67號,68,6800900,6800900-002,13鄰,黃泥塘,,,,,,67號,121.2127122554,24.868859937195
