FULL_ADDR,COUNTY,TOWN,VILLAGE,NEIGHBORHOOD,ROAD,SECTION,LANE,ALLEY,SUB_ALLEY,TONG,NUMBER,X,Y
桃園市中壢區龍德里2鄰龍吉五街1號,68,6800200,6800200-065,2鄰,龍吉五街,,,,,,1號,121.23672247867,24.937206101637
桃園市中壢區龍德里2鄰龍吉五街3號,68,6800200,6800200-065,2鄰,龍吉五街,,,,,,3號,121.23679112981,24.937222695136
桃園市中壢區龍德里2鄰龍吉五街5號,68,6800200,6800200-065,2鄰,龍吉五街,,,,,,5號,121.23686968585,24.937240897976
桃園市中壢區龍德里2鄰龍吉五街7號,68,6800200,6800200-065,2鄰,龍吉五街,,,,,,7號,121.23694833799,24.937257565791
桃園市中壢區龍德里2鄰龍吉五街9號,68,6800200,6800200-065,2鄰,龍吉五街,,,,,,9號,121.2370169835,24.93727117982
桃園市中壢區龍德里2鄰龍吉五街11號,68,6800200,6800200-065,2鄰,龍吉五街,,,,,,11號,121.23707721839,24.937287876855
桃園市中壢區龍德里2鄰龍吉五街19號,68,6800200,6800200-065,2鄰,龍吉五街,,,,,,19號,121.2373788354,24.937343824314
桃園市中壢區龍德里2鄰龍吉五街21號,68,6800200,6800200-065,2鄰,龍吉五街,,,,,,21號,121.2373671917,24.93741661183
