FULL_ADDR,COUNTY,TOWN,VILLAGE,NEIGHBORHOOD,ROAD,SECTION,LANE,ALLEY,SUB_ALLEY,TONG,NUMBER,X,Y
桃園市中壢區龍昌里1鄰龍川九街18號,68,6800200,6800200-002,1鄰,龍川九街,,,,,,18號,121.24877597426,24.933184086515
桃園市中壢區龍昌里1鄰龍川九街28號,68,6800200,6800200-002,1鄰,龍川九街,,,,,,28號,121.24843014105,24.933196580815
桃園市中壢區龍昌里1鄰龍川九街108之1號,68,6800200,6800200-002,1鄰,龍川九街,,,,,,108之1號,121.2469938376,24.932900307994
桃園市中壢區龍昌里1鄰龍川九街172之1號,68,6800200,6800200-002,1鄰,龍川九街,,,,,,172之1號,121.24582208202,24.932541560049
桃園市中壢區龍昌里1鄰龍川九街176之1號,68,6800200,6800200-002,1鄰,龍川九街,,,,,,176之1號,121.24556267959,24.932499012386
