FULL_ADDR,COUNTY,TOWN,VILLAGE,NEIGHBORHOOD,ROAD,SECTION,LANE,ALLEY,SUB_ALLEY,TONG,NUMBER,X,Y
桃園市中壢區青埔里4鄰青埔一街31號,68,6800200,6800200-032,4鄰,青埔一街,,,,,,31號,121.21831946209,25.006334484648
桃園市中壢區青埔里4鄰青埔一街68號,68,6800200,6800200-032,4鄰,青埔一街,,,,,,68號,121.21899107299,25.006497903256
桃園市中壢區青埔里4鄰青埔一街93號,68,6800200,6800200-032,4鄰,青埔一街,,,,,,93號,121.21916043292,25.007136498554
桃園市中壢區青埔里4鄰青埔一街101號,68,6800200,6800200-032,4鄰,青埔一街,,,,,,101號,121.21937561237,25.007298601006
桃園市中壢區青埔里4鄰青埔一街138號,68,6800200,6800200-032,4鄰,青埔一街,,,,,,138號,121.2195140897,25.007059687617
