FULL_ADDR,COUNTY,TOWN,VILLAGE,NEIGHBORHOOD,ROAD,SECTION,LANE,ALLEY,SUB_ALLEY,TONG,NUMBER,X,Y
桃園市龜山區楓樹里7鄰風尾坑2之12號,68,6800700,6800700-001,7鄰,風尾坑,,,,,,2之12號,121.33534030633,25.017200509483
桃園市龜山區楓樹里7鄰風尾坑4號,68,6800700,6800700-001,7鄰,風尾坑,,,,,,4號,121.33914206571,25.014677245154
桃園市龜山區楓樹里7鄰風尾坑9之1號,68,6800700,6800700-001,7鄰,風尾坑,,,,,,9之1號,121.33472532316,25.019069842403
桃園市龜山區楓樹里9鄰風尾坑26號,68,6800700,6800700-001,9鄰,風尾坑,,,,,,26號,121.33472648483,25.029398703669
桃園市龜山區楓樹里10鄰風尾坑33之5號,68,6800700,6800700-001,10鄰,風尾坑,,,,,,33之5號,121.33722233416,25.03506794447
