FULL_ADDR,COUNTY,TOWN,VILLAGE,NEIGHBORHOOD,ROAD,SECTION,LANE,ALLEY,SUB_ALLEY,TONG,NUMBER,X,Y
桃園市平鎮區高雙里28鄰高山下3之2號,68,6801000,6801000-002,28鄰,高山下,,,,,,3之2號,121.19990235269,24.944523308753
桃園市平鎮區高雙里12鄰高山下153號,68,6801000,6801000-002,12鄰,高山下,,,,,,153號,121.19214195374,24.951678513326
桃園市平鎮區高雙里13鄰高山下162之3號,68,6801000,6801000-002,13鄰,高山下,,,,,,162之3號,121.19082947564,24.955830648994
