FULL_ADDR,COUNTY,TOWN,VILLAGE,NEIGHBORHOOD,ROAD,SECTION,LANE,ALLEY,SUB_ALLEY,TONG,NUMBER,X,Y
桃園市桃園區大興里12鄰雙路58巷1號,68,6800100,6800100-046,12鄰,雙路,,58巷,,,,1號,121.31144936485,25.012170814893
桃園市桃園區大興里11鄰雙路51巷4弄2之1號,68,6800100,6800100-046,11鄰,雙路,,51巷,4弄,,,2之1號,121.31114711904,25.012933705382
桃園市桃園區大興里12鄰雙路58巷3號,68,6800100,6800100-046,12鄰,雙路,,58巷,,,,3號,121.31146496142,25.01210866765
桃園市桃園區大興里12鄰雙路58巷7弄7號,68,6800100,6800100-046,12鄰,雙路,,58巷,7弄,,,7號,121.31192527798,25.0119135045
桃園市桃園區大興里17鄰雙路45號,68,6800100,6800100-046,17鄰,雙路,,,,,,45號,121.31098157752,25.012468824327
桃園市桃園區寶山里10鄰雙路160號,68,6800100,6800100-058,10鄰,雙路,,,,,,160號,121.31399988547,25.012859094129
桃園市桃園區寶山里10鄰雙路162號,68,6800100,6800100-058,10鄰,雙路,,,,,,162號,121.31406026022,25.012873321598
