FULL_ADDR,COUNTY,TOWN,VILLAGE,NEIGHBORHOOD,ROAD,SECTION,LANE,ALLEY,SUB_ALLEY,TONG,NUMBER,X,Y
桃園市桃園區龍祥里12鄰龍泉三街61號,68,6800100,6800100-056,12鄰,龍泉三街,,,,,,61號,121.27162121636,24.981566597935
桃園市桃園區龍祥里12鄰龍泉三街63號,68,6800100,6800100-056,12鄰,龍泉三街,,,,,,63號,121.27156481968,24.981595591527
桃園市桃園區龍祥里15鄰龍泉三街64號,68,6800100,6800100-056,15鄰,龍泉三街,,,,,,64號,121.27153796924,24.981727725116
桃園市桃園區龍祥里12鄰龍泉三街65號,68,6800100,6800100-056,12鄰,龍泉三街,,,,,,65號,121.27152221504,24.981590252249
桃園市桃園區龍祥里15鄰龍泉三街66號,68,6800100,6800100-056,15鄰,龍泉三街,,,,,,66號,121.27145529308,24.981742953248
桃園市桃園區龍祥里12鄰龍泉三街67號,68,6800100,6800100-056,12鄰,龍泉三街,,,,,,67號,121.27147465578,24.981584019162
桃園市桃園區龍祥里15鄰龍泉三街68號,68,6800100,6800100-056,15鄰,龍泉三街,,,,,,68號,121.27138154474,24.981718982063
桃園市桃園區龍祥里12鄰龍泉三街69號,68,6800100,6800100-056,12鄰,龍泉三街,,,,,,69號,121.27143799234,24.981577766189
桃園市桃園區龍祥里15鄰龍泉三街70號,68,6800100,6800100-056,15鄰,龍泉三街,,,,,,70號,121.27129904827,24.981680671728
