FULL_ADDR,COUNTY,TOWN,VILLAGE,NEIGHBORHOOD,ROAD,SECTION,LANE,ALLEY,SUB_ALLEY,TONG,NUMBER,X,Y
桃園市中壢區內定里1鄰高下路3號,68,6800200,6800200-027,1鄰,高下路,,,,,,3號,121.23991667513,24.987925845585
桃園市中壢區內定里1鄰高下路4號,68,6800200,6800200-027,1鄰,高下路,,,,,,4號,121.24056043883,24.988018610854
桃園市中壢區內定里1鄰高下路5號,68,6800200,6800200-027,1鄰,高下路,,,,,,5號,121.2399219695,24.988305930411
桃園市中壢區內定里1鄰高下路6號,68,6800200,6800200-027,1鄰,高下路,,,,,,6號,121.24032305447,24.988405678436
