FULL_ADDR,COUNTY,TOWN,VILLAGE,NEIGHBORHOOD,ROAD,SECTION,LANE,ALLEY,SUB_ALLEY,TONG,NUMBER,X,Y
桃園市龜山區龜山里2鄰過溪5號,68,6800700,6800700-002,2鄰,過溪,,,,,,5號,121.33879970789,24.999421690408
桃園市龜山區龜山里2鄰過溪20號,68,6800700,6800700-002,2鄰,過溪,,,,,,20號,121.33712281556,24.99917406225
桃園市龜山區龜山里2鄰過溪22號,68,6800700,6800700-002,2鄰,過溪,,,,,,22號,121.3368604784,24.998953192726
桃園市龜山區龜山里8鄰過溪87號,68,6800700,6800700-002,8鄰,過溪,,,,,,87號,121.32851115121,24.997547019575
