FULL_ADDR,COUNTY,TOWN,VILLAGE,NEIGHBORHOOD,ROAD,SECTION,LANE,ALLEY,SUB_ALLEY,TONG,NUMBER,X,Y
桃園市龜山區大華里27鄰頂湖七街1號,68,6800700,6800700-028,27鄰,頂湖七街,,,,,,1號,121.36577356292,25.040004846297
桃園市龜山區大華里27鄰頂湖七街3號,68,6800700,6800700-028,27鄰,頂湖七街,,,,,,3號,121.36606769753,25.039606609634
桃園市龜山區大華里27鄰頂湖七街5號,68,6800700,6800700-028,27鄰,頂湖七街,,,,,,5號,121.36613449199,25.039440235616
桃園市龜山區大華里27鄰頂湖七街6號,68,6800700,6800700-028,27鄰,頂湖七街,,,,,,6號,121.3659395255,25.038826074932
桃園市龜山區大華里27鄰頂湖七街7號,68,6800700,6800700-028,27鄰,頂湖七街,,,,,,7號,121.36630785685,25.038986772468
桃園市龜山區大華里27鄰頂湖七街7之1號,68,6800700,6800700-028,27鄰,頂湖七街,,,,,,7之1號,121.36642470909,25.03925859479
桃園市龜山區大華里27鄰頂湖七街33號,68,6800700,6800700-028,27鄰,頂湖七街,,,,,,33號,121.36662218744,25.038449811498
桃園市龜山區大華里27鄰頂湖七街37號,68,6800700,6800700-028,27鄰,頂湖七街,,,,,,37號,121.36673779262,25.03803558249
