FULL_ADDR,COUNTY,TOWN,VILLAGE,NEIGHBORHOOD,ROAD,SECTION,LANE,ALLEY,SUB_ALLEY,TONG,NUMBER,X,Y
桃園市新屋區頭洲里4鄰鼎鐘路198巷20號,68,6801100,6801100-005,4鄰,鼎鐘路,,198巷,,,,20號,121.15143610536,24.96604162542
桃園市新屋區頭洲里4鄰鼎鐘路198巷36號,68,6801100,6801100-005,4鄰,鼎鐘路,,198巷,,,,36號,121.15138889153,24.96606523756
桃園市新屋區頭洲里4鄰鼎鐘路133號,68,6801100,6801100-005,4鄰,鼎鐘路,,,,,,133號,121.15149757855,24.966096816722
桃園市新屋區頭洲里4鄰鼎鐘路163號,68,6801100,6801100-005,4鄰,鼎鐘路,,,,,,163號,121.15160609801,24.966072419874
